Jugador,Nacionalidad,Posicion,Equipo,Competicion,Edad,Nacimiento,Part_Jug,Tit.,Min,Media_minXpart,%_min_respecto_equipo,Minutos_por_90,Gls,Gls_sin_penal,Asis,Gls+Asis,xG,xA,xAG,npxG,npxG+xAG,Acc_tiro,Acc_gol,Tiros,Tiros_puerta,Tiros_%_puerta,Tiros_x_90,Goles_x_tiro,Tiro_%_distancia,Pases_%_compl,Pases_dist_total,Pases_dist_Progr,Pases_clave,Pases_ult_tercio,Pases_area_penal,Pases_espalda_df,Pases_centros,Pases_centros_Area,Acc_Tiro_90,Acc_Gol_90,Conduc_Progresivas,Pases_Progresivos,Recepciones_Progresivas,Pos_toques,Pos_intento_regate,Pos_%_regate,Pos_regates_exit,Pos_dist_tot_conduccion,Por_dist_progresiva_conduccion,Pos_ctrls_errados,Pos_desposesion,Pos_recepcion,Pos_toques_primer_tercio,Pos_toques_ultimo_tercio,Pos_toques_area_rival,Df_entradas,Df_intercepciones,Df_ent+inter,Df_despejes,Df_errores_tiro_rival,Df_bloqueos,Df_tackles_campo_propio,Df_tackles_campo_rival,df_tackles_gan,Df_recup,Df_duelos_aéreos_%,Amarillas,Rojas,Faltas_Cometidas,Faltas_Recibidas,Fueras_Juego
Max Aarons,ENG,DF,Bournemouth,Premier League,25,2000,3,1,86.0,1.0,3.8,2.09,0,0,0,0,0.0,0.0,0.0,0.0,0.0,2,0,0,0,0.0,0.0,0.0,0.0,79.4,887,361,0,8,0,0,2,0,2.09,0.0,1,8,3,73,2,0.0,0,152,68,1,0,40,40,15,0,2,1,3,0,0,3,1,0,2,7,0.0,0,0,0,2,0
Max Aarons,ENG,MF,Valencia,La Liga,25,2000,1,0,31.0,0.3,3.8,2.09,0,0,0,0,0.0,0.0,0.0,0.0,0.0,2,0,0,0,0.0,0.0,0.0,0.0,79.4,887,361,0,8,0,0,2,0,2.09,0.0,0,2,3,73,2,0.0,0,152,68,1,0,40,40,15,0,2,1,3,0,0,3,1,0,2,7,0.0,0,0,0,2,0
Rodrigo Abajas,ESP,DF,Valencia,La Liga,21,2003,1,1,65.0,0.7,3.0,-1.38,0,0,0,0,0.1,0.0,0.0,0.1,0.1,0,0,1,0,0.0,1.38,0.0,24.5,58.6,268,110,0,0,0,0,1,0,0.0,0.0,3,2,3,36,1,100.0,1,101,67,0,2,16,19,9,1,3,1,4,0,0,1,1,0,2,2,0.0,1,0,2,0,1
James Abankwah,IRL,DF,Udinese,Serie A,21,2004,6,0,88.0,1.0,3.9,2.05,0,0,0,0,0.1,0.0,0.0,0.1,0.1,1,0,1,0,0.0,1.02,0.0,15.0,78.3,614,206,0,2,0,0,0,0,1.02,0.0,3,4,1,65,0,0.0,0,219,165,1,3,34,22,7,2,4,1,5,3,0,2,0,0,2,7,50.0,1,0,4,3,0
Keyliane Abdallah,FRA,FW,Marseille,Ligue 1,18,2006,1,0,3.0,0.0,0.2,0.0,0,0,0,0,0.0,0.0,0.0,0.0,0.0,0,0,0,0,0.0,0.0,0.0,0.0,100.0,41,0,0,0,0,0,0,0,0.0,0.0,1,0,0,4,0,0.0,0,10,9,1,0,3,1,0,0,1,0,1,0,0,0,0,0,1,0,0.0,0,0,0,0,0
Yunis Abdelhamid,MAR,DF,Saint-Etienne,Ligue 1,37,1987,12,11,976.0,10.8,49.3,-2.49,0,0,0,0,0.2,0.3,0.1,0.2,0.4,6,0,2,1,50.0,0.18,0.0,10.8,86.7,7860,2367,2,27,0,0,0,0,0.55,0.0,4,22,3,630,6,50.0,3,1723,837,8,3,390,213,14,7,17,13,30,56,1,24,2,0,11,42,70.4,2,0,16,6,0
Himad Abdelli,ALG,MF,Angers,Ligue 1,25,1999,21,21,1862.0,20.7,94.0,-0.58,4,2,1,5,4.2,2.7,2.8,1.8,4.6,64,2,20,5,25.0,0.97,0.1,24.6,82.0,14535,3923,29,112,27,17,36,1,3.09,0.1,78,146,87,1374,84,46.4,39,5199,2979,34,30,1017,780,438,38,32,16,48,16,1,11,13,11,23,116,40.0,2,0,33,25,2
Mohamed Abdelmoneim,EGY,DF,Nice,Ligue 1,26,1999,9,7,609.0,6.8,30.8,0.0,0,0,0,0,0.0,0.1,0.0,0.0,0.0,3,0,0,0,0.0,0.0,0.0,0.0,87.7,5339,1686,0,15,1,0,0,0,0.44,0.0,2,26,3,410,3,33.3,1,756,403,2,2,234,194,19,1,17,13,30,39,1,6,5,1,12,31,62.9,2,0,4,6,0
Ali Abdi,TUN,DF,Nice,Ligue 1,31,1993,14,10,868.0,9.6,43.8,0.83,2,2,2,4,1.2,1.2,1.4,1.2,2.5,28,2,16,5,31.3,1.66,0.13,19.8,73.5,4659,1672,12,11,13,0,25,3,2.9,0.21,26,29,58,519,15,46.7,7,1051,605,16,10,279,200,173,27,24,10,34,26,0,15,8,6,16,43,56.5,1,0,14,7,2
Saud Abdulhamid,KSA,DF,Roma,Serie A,25,1999,3,1,142.0,1.6,6.3,1.27,0,0,1,1,0.0,0.2,0.1,0.0,0.1,3,1,1,0,0.0,0.63,0.0,24.7,89.5,1142,226,1,3,2,0,4,1,1.91,0.64,4,6,18,97,5,40.0,2,274,119,2,1,72,45,35,3,2,1,3,0,0,1,0,1,1,2,0.0,0,0,1,4,0
Abel,ESP,DF,Osasuna,La Liga,24,2000,23,12,1321.0,14.7,61.2,-0.61,2,2,0,2,0.4,0.9,0.6,0.4,1.0,16,2,9,3,33.3,0.61,0.22,25.1,70.1,7930,3353,6,39,7,1,57,6,1.09,0.14,33,47,48,816,22,54.5,12,1931,999,15,10,384,373,203,10,33,11,44,40,1,20,12,7,23,73,66.7,2,0,14,16,1
Nabil Aberdin,FRA,MF,Getafe,La Liga,22,2002,7,4,263.0,2.9,12.2,-0.34,0,0,0,0,0.0,0.1,0.0,0.0,0.1,3,0,2,0,0.0,0.68,0.0,31.2,59.0,680,267,1,7,2,0,0,0,1.03,0.0,2,6,2,87,3,66.7,2,148,74,1,1,36,56,10,2,6,0,6,5,0,3,3,0,4,8,76.9,1,0,7,6,0
Oliver Abildgaard,DEN,MF,Como,Serie A,28,1996,1,0,7.0,0.1,0.3,0.0,0,0,0,0,0.0,0.0,0.0,0.0,0.0,0,0,0,0,0.0,0.0,0.0,0.0,100.0,21,7,0,0,0,0,0,0,0.0,0.0,0,0,0,2,0,0.0,0,0,0,0,0,0,1,0,0,0,0,0,0,0,1,0,0,0,0,0.0,0,0,0,1,0
Matthis Abline,FRA,FW,Nantes,Ligue 1,21,2003,22,21,1741.0,19.3,87.9,-0.57,7,6,1,8,6.7,2.4,2.4,5.9,8.3,42,5,55,21,38.2,2.84,0.11,14.2,71.2,3598,626,17,14,12,1,20,2,2.17,0.26,45,33,116,577,61,41.0,25,2403,1136,61,40,452,237,299,102,7,2,9,26,1,9,2,3,3,54,41.9,2,0,19,35,3
Abner,BRA,DF,Lyon,Ligue 1,24,2000,14,9,820.0,9.1,41.4,0.44,1,1,1,2,0.2,1.9,0.9,0.2,1.1,18,1,6,3,50.0,0.66,0.17,19.9,83.7,6126,2606,10,32,10,1,26,2,1.98,0.11,22,51,48,593,9,44.4,4,1414,919,12,7,379,278,182,19,20,5,25,32,0,12,8,3,14,37,45.5,1,0,11,4,0
Zakaria Aboukhlal,MAR,MF,Toulouse,Ligue 1,24,2000,22,21,1758.0,19.5,88.8,-0.1,6,5,2,8,9.7,1.8,1.5,8.2,9.7,31,6,56,23,41.1,2.87,0.09,14.1,63.1,2523,701,11,15,9,0,30,3,1.59,0.31,29,21,149,553,38,26.3,10,1731,773,60,23,410,180,327,103,17,6,23,7,0,15,7,4,10,52,36.4,4,0,32,20,9
Abdel Abqar,MAR,DF,Alaves,La Liga,25,1999,22,22,1848.0,20.5,85.6,-0.44,0,0,1,1,0.5,0.3,0.2,0.5,0.7,21,3,6,1,16.7,0.29,0.0,7.0,75.0,12608,4687,7,54,9,1,5,2,1.02,0.15,13,70,4,977,2,50.0,1,2982,1701,14,2,513,420,47,16,27,34,61,106,1,19,10,1,17,60,53.4,12,0,40,20,2
Tammy Abraham,ENG,FW,Roma,Serie A,27,1997,1,0,1.0,0.0,0.0,0.0,0,0,0,0,0.0,0.0,0.0,0.0,0.0,0,0,0,0,0.0,0.0,0.0,0.0,33.3,44,32,0,1,0,0,0,0,0.0,0.0,0,1,2,4,0,0.0,0,2,1,1,0,4,2,2,1,0,0,0,0,0,0,0,0,0,0,100.0,0,0,0,0,0
Tammy Abraham,ENG,FW,Milan,Serie A,27,1997,19,9,882.0,9.8,0.0,0.0,2,1,2,4,6.1,0.0,1.2,4.4,5.6,0,0,0,0,0.0,0.0,0.0,0.0,33.3,44,32,0,1,0,0,0,0,0.0,0.0,5,15,46,4,0,0.0,0,2,1,1,0,4,2,2,1,0,0,0,0,0,0,0,0,0,0,100.0,0,0,0,0,0
Federico Accornero,ITA,MF,Genoa,Serie A,21,2004,1,0,5.0,0.1,0.2,0.0,0,0,0,0,0.0,0.0,0.0,0.0,0.0,0,0,0,0,0.0,0.0,0.0,0.0,66.7,55,19,0,0,0,0,1,0,0.0,0.0,0,0,0,8,0,0.0,0,25,18,2,0,5,3,3,0,0,0,0,0,0,0,0,0,0,1,0.0,0,0,0,0,0
Francesco Acerbi,ITA,DF,Inter,Serie A,37,1988,11,11,850.0,9.4,37.8,0.74,0,0,1,1,0.3,0.4,0.2,0.3,0.5,7,1,4,1,25.0,0.42,0.0,11.2,94.3,12502,3651,3,30,3,0,3,2,0.74,0.11,8,36,6,790,1,100.0,1,2318,1162,3,1,610,444,42,10,9,16,25,40,0,8,2,0,6,27,70.0,0,0,5,12,0
Joshua Acheampong,ENG,DF,Chelsea,Premier League,18,2006,2,2,160.0,1.8,7.1,-0.56,0,0,0,0,0.2,0.0,0.0,0.2,0.2,1,0,2,0,0.0,1.13,0.0,8.9,82.9,1811,598,0,5,0,0,0,0,0.56,0.0,0,7,0,124,2,50.0,1,650,377,2,0,100,75,6,3,2,1,3,2,0,1,0,0,1,7,14.3,0,0,0,1,0
Akor Adams,NGA,FW,Sevilla,La Liga,25,2000,1,0,10.0,0.1,0.5,0.0,0,0,0,0,0.0,0.0,0.0,0.0,0.0,0,0,0,0,0.0,0.0,0.0,0.0,66.7,15,12,0,0,0,0,0,0,0.0,0.0,0,1,1,4,0,0.0,0,0,0,0,0,3,3,0,0,0,0,0,1,0,0,0,0,0,0,50.0,0,0,0,0,0
Akor Adams,NGA,FW,Montpellier,Ligue 1,25,2000,15,13,1075.0,11.9,0.5,0.0,3,3,1,4,4.3,0.0,1.0,4.3,5.3,0,0,0,0,0.0,0.0,0.0,0.0,66.7,15,12,0,0,0,0,0,0,0.0,0.0,11,6,45,4,0,0.0,0,0,0,0,0,3,3,0,0,0,0,0,1,0,0,0,0,0,0,50.0,0,0,0,0,0
Che Adams,SCO,FW,Torino,Serie A,28,1996,24,19,1666.0,18.5,74.0,-0.16,7,7,3,10,4.8,2.4,1.8,4.8,6.6,47,5,39,18,46.2,2.11,0.18,16.2,71.8,4237,783,21,23,5,3,8,0,2.54,0.27,17,24,98,541,28,28.6,8,1486,539,43,21,415,271,242,60,8,1,9,10,0,7,3,4,3,38,37.3,1,0,15,25,16
Tyler Adams,USA,MF,Bournemouth,Premier League,26,1999,15,10,956.0,10.6,42.5,1.13,0,0,3,3,1.1,0.3,0.7,1.1,1.8,20,4,5,1,20.0,0.47,0.0,17.2,84.9,6253,1477,10,29,1,1,0,0,1.88,0.38,7,40,5,609,9,22.2,2,1307,562,14,7,318,343,113,9,49,25,74,25,0,14,25,6,32,47,62.5,4,0,22,10,0
Junior Adamu,AUT,FW,Freiburg,Bundesliga,23,2001,16,11,955.0,10.6,48.2,-0.38,2,2,1,3,4.0,1.5,1.4,4.0,5.4,22,3,23,9,39.1,2.17,0.09,12.9,63.5,1544,172,13,4,3,1,3,0,2.07,0.28,5,6,51,327,15,53.3,8,651,243,32,13,214,160,136,43,3,6,9,13,0,8,1,1,0,29,29.9,3,1,23,17,8
Tosin Adarabioyo,ENG,DF,Chelsea,Premier League,27,1997,12,9,823.0,9.1,36.6,0.98,1,1,0,1,0.8,0.1,0.0,0.8,0.8,9,0,9,2,22.2,0.98,0.11,11.8,92.6,12596,4706,1,33,0,0,0,0,0.99,0.0,5,26,1,820,2,100.0,2,2152,1241,1,0,641,400,13,9,12,3,15,33,0,7,3,0,9,25,63.9,2,0,5,2,1
Martin Adeline,FRA,MF,Reims,Ligue 1,21,2003,1,0,26.0,0.3,1.3,-3.46,0,0,0,0,0.0,0.0,0.0,0.0,0.0,0,0,0,0,0.0,0.0,0.0,0.0,80.0,138,11,0,1,0,0,0,0,0.0,0.0,1,0,1,14,0,0.0,0,35,9,0,0,9,4,2,1,1,0,1,2,0,0,1,0,1,0,0.0,0,0,0,1,0
Karim Adeyemi,GER,FW,Dortmund,Bundesliga,23,2002,13,8,671.0,7.5,33.9,-0.54,2,2,3,5,1.8,1.1,1.9,1.8,3.7,23,3,18,8,44.4,2.41,0.11,17.4,75.6,2191,368,11,4,5,2,11,0,3.09,0.4,35,8,67,304,46,52.2,24,1731,812,20,14,231,129,153,33,8,4,12,4,0,9,1,4,6,27,37.5,2,0,10,8,1
Simon Adingra,CIV,FW,Brighton,Premier League,23,2002,17,6,600.0,6.7,26.7,-0.45,2,2,1,3,1.5,1.5,0.9,1.5,2.4,21,3,14,4,28.6,2.1,0.14,15.4,73.8,2159,470,7,2,7,1,20,2,3.15,0.45,22,8,76,307,31,41.9,13,1352,627,26,6,208,94,168,36,14,6,20,3,1,6,5,2,7,30,75.0,0,0,9,0,0
Amine Adli,MAR,MF,Leverkusen,Bundesliga,24,2000,8,2,211.0,2.3,10.7,-0.43,0,0,0,0,0.8,0.8,0.1,0.8,0.8,12,0,6,1,16.7,2.56,0.0,12.9,75.4,1182,259,2,2,7,0,11,2,5.12,0.0,12,9,40,161,14,50.0,7,580,351,6,2,124,43,99,16,7,0,7,3,0,3,1,5,4,12,54.5,1,0,2,7,0
Yacine Adli,FRA,MF,Fiorentina,Serie A,24,2000,20,14,1120.0,12.4,49.8,0.88,3,3,4,7,0.5,2.0,2.2,0.5,2.6,45,8,11,4,36.4,0.88,0.27,21.5,81.3,12791,4149,21,80,10,3,56,3,3.61,0.64,22,96,23,913,24,41.7,10,3195,1488,17,4,607,551,211,9,31,6,37,18,0,11,15,5,18,69,25.0,3,1,9,16,0
Adrián,ESP,GK,Betis,La Liga,38,1987,5,5,450.0,5.0,20.8,0.8,0,0,0,0,0.0,0.0,0.0,0.0,0.0,0,0,0,0,0.0,0.0,0.0,0.0,81.0,3907,2636,0,2,0,0,0,0,0.0,0.0,0,0,0,189,0,0.0,0,607,410,0,0,98,1,0,0,0,0,0,1,0,0,0,0,0,4,50.0,2,0,0,0,0
Adryelson,BRA,DF,Lyon,Ligue 1,26,1998,1,0,1.0,0.0,0.1,0.0,0,0,0,0,0.0,0.0,0.0,0.0,0.0,0,0,0,0,0.0,0.0,0.0,0.0,33.3,21,19,0,0,0,0,0,0,0.0,0.0,0,1,0,5,0,0.0,0,0,0,0,0,1,3,0,0,0,1,1,1,0,0,0,0,0,0,100.0,1,0,0,0,0
Vasilije Adžić,MNE,MF,Juventus,Serie A,18,2006,3,0,26.0,0.3,1.2,3.46,0,0,0,0,0.0,0.0,0.0,0.0,0.0,2,0,1,1,100.0,3.46,0.0,29.1,75.0,202,22,0,1,1,0,0,0,6.92,0.0,0,1,2,19,1,0.0,0,25,5,0,1,15,7,10,1,2,0,2,0,0,0,1,1,2,2,50.0,0,0,1,0,0
Michel Aebischer,SUI,MF,Bologna,Serie A,28,1997,8,5,382.0,4.2,17.7,0.0,0,0,0,0,0.2,0.5,0.3,0.2,0.4,9,0,5,2,40.0,1.18,0.0,21.1,87.2,3246,834,6,18,3,1,6,1,2.11,0.0,4,20,9,241,3,33.3,1,537,191,4,3,171,142,65,7,7,5,12,2,0,3,4,2,4,19,33.3,0,0,8,8,0
Oladapo Afolayan,ENG,FW,St. Pauli,Bundesliga,27,1998,21,13,1273.0,14.1,64.3,-0.57,2,2,1,3,2.7,3.1,3.2,2.7,5.9,40,6,28,9,32.1,1.98,0.07,19.4,70.2,4272,988,16,17,9,0,42,8,2.83,0.42,42,22,87,561,80,51.3,41,2642,1089,42,34,411,237,266,48,15,7,22,15,0,12,7,4,8,57,25.0,2,0,18,32,9
Emmanuel Agbadou,CIV,DF,Wolves,Premier League,27,1997,5,5,420.0,4.7,18.7,-1.29,0,0,0,0,0.0,0.0,0.0,0.0,0.0,4,0,2,1,50.0,0.43,0.0,35.3,79.2,4180,1440,0,6,0,0,0,0,0.86,0.0,1,9,0,307,7,85.7,6,933,436,2,1,176,122,10,0,14,5,19,25,0,5,4,0,9,28,64.3,2,0,0,1,1
Emmanuel Agbadou,CIV,DF,Reims,Ligue 1,27,1997,14,14,1260.0,14.0,18.7,-1.29,0,0,0,0,0.5,0.0,0.3,0.5,0.8,4,0,2,1,50.0,0.43,0.0,35.3,79.2,4180,1440,0,6,0,0,0,0,0.86,0.0,10,77,0,307,7,85.7,6,933,436,2,1,176,122,10,0,14,5,19,25,0,5,4,0,9,28,64.3,2,0,0,1,1
Asher Agbinone,ENG,MF,Crystal Palace,Premier League,19,2005,2,0,6.0,0.1,0.3,0.0,0,0,0,0,0.0,0.0,0.0,0.0,0.1,1,0,1,0,0.0,15.0,0.0,26.3,66.7,32,0,1,0,0,0,1,0,15.0,0.0,2,0,1,8,2,0.0,0,53,23,0,1,5,2,6,0,2,0,2,0,0,0,2,0,1,0,0.0,0,0,0,0,0
Jeremy Agbonifo,SWE,FW,Lens,Ligue 1,19,2005,3,0,102.0,1.1,5.2,-1.76,1,1,0,1,0.5,0.1,0.1,0.5,0.6,2,0,3,2,66.7,2.65,0.33,13.0,75.0,182,30,1,1,1,0,1,1,1.76,0.0,6,1,12,37,8,62.5,5,231,84,3,3,24,15,16,9,3,1,4,0,0,0,0,0,3,4,0.0,0,0,4,2,1
Julen Agirrezabala,ESP,GK,Athletic Club,La Liga,24,2000,14,14,1206.0,13.4,55.8,0.97,0,0,0,0,0.0,0.0,0.0,0.0,0.0,3,0,0,0,0.0,0.0,0.0,0.0,68.4,7681,5777,0,1,0,0,0,0,0.22,0.0,0,0,0,437,0,0.0,0,1238,682,1,0,211,1,0,0,0,0,0,4,0,0,0,0,0,21,100.0,1,1,3,1,0
Lucien Agoume,FRA,MF,Sevilla,La Liga,23,2002,22,13,1132.0,12.6,52.4,-0.56,0,0,0,0,0.2,0.4,0.6,0.2,0.8,26,3,5,0,0.0,0.4,0.0,13.7,81.6,8472,2403,8,49,4,2,4,0,2.07,0.24,13,55,13,794,14,78.6,11,1698,735,16,6,517,504,114,9,32,19,51,14,0,18,18,4,10,78,45.7,3,1,22,3,2
Felix Agu,GER,DF,Werder Bremen,Bundesliga,25,1999,10,10,799.0,8.9,40.4,-0.68,2,2,0,2,0.7,1.1,0.9,0.7,1.5,17,1,3,3,100.0,0.34,0.67,12.9,81.0,4868,1462,11,9,14,0,21,8,1.91,0.11,17,16,69,463,10,30.0,3,1183,587,17,3,295,197,123,20,10,8,18,23,0,6,3,1,5,25,42.9,1,0,7,17,2
Álvaro Aguado,ESP,MF,Espanyol,La Liga,28,1996,11,4,406.0,4.5,18.8,-0.67,0,0,0,0,0.4,0.2,0.0,0.4,0.5,13,0,9,0,0.0,2.0,0.0,23.4,77.1,3028,942,2,22,7,1,11,3,2.88,0.0,9,25,2,255,7,57.1,4,1122,564,8,3,161,141,60,3,4,3,7,5,1,6,2,0,2,31,60.0,2,0,5,7,0
Lorenzo Aguado,ESP,DF,Real Madrid,La Liga,22,2002,2,0,5.0,0.1,0.2,0.0,0,0,0,0,0.0,0.0,0.0,0.0,0.0,0,0,0,0,0.0,0.0,0.0,0.0,100.0,34,0,0,0,0,0,0,0,0.0,0.0,0,0,0,3,0,0.0,0,2,0,0,1,1,0,0,0,0,0,0,2,0,0,0,0,0,0,0.0,0,0,0,0,0
Nayef Aguerd,MAR,DF,Real Sociedad,La Liga,28,1996,18,18,1549.0,17.2,71.7,0.17,0,0,0,0,2.1,0.2,0.1,2.1,2.2,14,1,13,4,30.8,0.76,0.0,11.9,87.6,19620,7206,5,77,3,0,2,1,0.81,0.06,22,69,1,1350,7,57.1,4,4936,3093,6,3,950,695,45,13,30,13,43,87,0,20,12,1,24,62,65.1,4,0,11,18,0
Ruben Aguilar,FRA,DF,Lens,Ligue 1,31,1993,7,4,364.0,4.0,18.4,0.49,0,0,1,1,0.2,0.6,0.7,0.2,0.8,10,1,2,0,0.0,0.49,0.0,13.3,82.8,3248,1302,2,12,5,0,12,1,2.47,0.25,5,19,34,332,5,20.0,1,635,271,6,1,195,152,101,10,11,6,17,3,0,7,5,0,8,26,60.0,1,0,5,5,1
Naouirou Ahamada,FRA,MF,Rennes,Ligue 1,22,2002,3,0,58.0,0.6,0.0,0.0,0,0,0,0,0.0,0.0,0.0,0.0,0.0,2,0,1,0,0.0,1.55,0.0,28.2,77.3,266,33,0,2,0,0,1,0,3.1,0.0,2,1,1,31,1,0.0,0,131,55,1,1,17,16,3,0,0,2,2,2,0,0,0,0,0,7,0.0,0,0,1,0,0
Honest Ahanor,ITA,DF,Genoa,Serie A,16,2008,2,1,85.0,0.9,3.9,-1.06,0,0,0,0,0.1,0.0,0.0,0.1,0.1,2,0,1,0,0.0,1.06,0.0,9.1,70.6,275,122,0,0,0,0,1,0,2.12,0.0,1,2,3,24,1,0.0,0,87,29,1,1,9,6,9,1,2,0,2,2,0,0,2,0,1,5,0.0,0,0,0,4,0
Erik Ahlstrand,SWE,FW,St. Pauli,Bundesliga,23,2001,5,0,43.0,0.5,2.2,0.0,0,0,0,0,0.0,0.0,0.0,0.0,0.0,0,0,0,0,0.0,0.0,0.0,0.0,76.9,125,21,0,1,0,0,0,0,0.0,0.0,1,1,3,22,0,0.0,0,68,26,3,0,14,10,10,2,0,1,1,1,0,1,0,0,0,0,0.0,0,0,0,0,1
Jean-Eudes Aholou,CIV,MF,Angers,Ligue 1,30,1994,21,21,1590.0,17.7,80.3,-0.4,2,2,0,2,1.7,0.5,0.4,1.7,2.0,28,1,25,7,28.0,1.42,0.08,18.9,85.4,8652,2289,8,38,5,1,2,0,1.58,0.06,14,61,13,874,25,48.0,12,1856,893,25,11,518,521,141,30,45,32,77,28,0,30,15,9,28,86,62.5,6,0,39,19,1
Joseph Aidoo,GHA,DF,Valladolid,La Liga,29,1995,2,2,180.0,2.0,8.3,-2.5,0,0,0,0,0.0,0.0,0.0,0.0,0.0,1,0,0,0,0.0,0.0,0.0,0.0,81.3,2035,860,0,6,1,0,0,0,0.5,0.0,0,3,0,144,0,0.0,0,478,232,0,0,104,59,0,0,2,3,5,9,0,0,1,0,2,9,50.0,0,0,0,1,0
Joseph Aidoo,GHA,DF,Celta Vigo,La Liga,29,1995,1,0,2.0,0.0,8.3,-2.5,0,0,0,0,0.0,0.0,0.0,0.0,0.0,1,0,0,0,0.0,0.0,0.0,0.0,81.3,2035,860,0,6,1,0,0,0,0.5,0.0,0,1,0,144,0,0.0,0,478,232,0,0,104,59,0,0,2,3,5,9,0,0,1,0,2,9,50.0,0,0,0,1,0
Ayman Aiki,FRA,FW,Saint-Etienne,Ligue 1,19,2005,5,1,127.0,1.4,6.4,-2.13,0,0,0,0,0.1,0.0,0.0,0.1,0.1,1,0,3,1,33.3,2.13,0.0,23.5,58.6,234,93,1,2,1,0,1,0,0.71,0.0,4,5,8,48,4,0.0,0,169,95,5,7,37,20,19,2,3,1,4,0,0,1,2,0,3,7,20.0,0,0,4,1,0
Ola Aina,NGA,DF,Forest,Premier League,28,1996,25,25,2171.0,24.1,96.5,0.62,2,2,1,3,0.6,1.3,0.6,0.6,1.2,45,2,7,2,28.6,0.29,0.29,22.8,73.7,11421,4878,10,67,15,0,35,7,1.87,0.08,48,85,47,1271,53,50.9,27,3629,2157,31,17,607,532,297,18,46,29,75,76,1,27,13,1,35,139,39.3,2,0,15,28,2
Rayan Aït-Nouri,ALG,DF,Wolves,Premier League,23,2001,24,24,2043.0,22.7,90.8,-1.01,3,3,5,8,1.6,1.6,2.4,1.6,4.0,45,7,19,5,26.3,0.84,0.16,14.9,84.2,12809,3747,21,52,20,3,49,4,1.98,0.31,55,79,113,1354,77,49.4,38,4114,2225,26,27,826,583,404,53,57,17,74,51,1,31,15,3,34,109,39.4,6,1,24,26,3
Junior Ajayi,CIV,FW,Hellas Verona,Serie A,20,2004,1,0,2.0,0.0,0.1,0.0,0,0,0,0,0.0,0.0,0.0,0.0,0.0,0,0,0,0,0.0,0.0,0.0,0.0,0.0,0,0,0,0,0,0,0,0,0.0,0.0,0,0,0,0,0,0.0,0,0,0,0,0,0,0,0,0,0,0,0,0,0,0,0,0,0,0,0.0,0,0,0,0,0
Kristoffer Ajer,NOR,DF,Brentford,Premier League,26,1998,12,11,882.0,9.8,39.2,-0.31,0,0,0,0,0.6,0.3,0.8,0.6,1.4,13,2,4,2,50.0,0.41,0.0,9.1,78.0,5249,1943,4,32,3,0,8,3,1.33,0.2,20,35,25,509,11,45.5,5,1546,917,12,10,332,234,100,23,15,7,22,26,0,10,5,1,11,28,51.5,3,0,8,5,1
Ludovic Ajorque,FRA,FW,Brest,Ligue 1,30,1994,20,18,1573.0,17.5,79.4,-0.11,10,10,1,11,6.7,1.5,2.4,5.9,8.3,42,4,29,17,58.6,1.66,0.34,12.6,69.1,4320,662,27,25,9,1,4,0,2.4,0.23,7,31,81,582,13,46.2,6,891,324,41,5,412,284,252,76,16,4,20,17,0,14,6,7,12,42,52.1,4,0,39,17,8
Manuel Akanji,SUI,DF,City,Premier League,29,1995,20,20,1707.0,19.0,75.9,0.69,0,0,0,0,0.7,1.1,0.4,0.7,1.1,34,2,10,1,10.0,0.53,0.0,16.3,93.9,22799,6245,9,149,11,4,11,2,1.79,0.11,38,135,6,1591,2,100.0,2,5502,3286,4,5,1258,773,348,11,15,7,22,55,3,11,4,3,10,86,44.2,3,0,16,9,0
Ümit Akdag,ROU,DF,Toulouse,Ligue 1,21,2003,6,6,434.0,4.8,21.9,-1.45,0,0,0,0,0.1,0.1,0.1,0.1,0.1,3,0,2,0,0.0,0.41,0.0,24.3,78.8,3952,1494,2,12,1,1,1,0,0.62,0.0,3,26,7,336,1,100.0,1,780,370,1,0,202,199,15,1,5,11,16,15,0,8,4,0,2,21,76.2,2,0,8,0,0
Nathan Aké,NED,DF,City,Premier League,29,1995,9,7,602.0,6.7,26.8,0.3,0,0,0,0,0.2,0.1,0.0,0.2,0.2,6,0,3,0,0.0,0.45,0.0,10.0,93.6,7148,2401,0,32,1,0,1,0,0.9,0.0,11,39,2,519,1,100.0,1,1912,1263,2,3,383,277,57,4,9,3,12,20,1,7,2,0,7,22,56.5,0,0,2,0,0
Ilias Akhomach,MAR,MF,Villarreal,La Liga,20,2004,11,7,584.0,6.5,27.0,0.15,1,1,0,1,0.6,1.7,1.0,0.6,1.6,29,1,17,6,35.3,2.62,0.06,23.3,73.5,2161,534,9,5,8,1,18,2,4.38,0.15,30,12,64,292,43,44.2,19,1310,759,15,10,209,89,162,29,12,3,15,13,0,8,4,4,7,30,50.0,1,0,9,21,1
Sergio Akieme,ESP,DF,Reims,Ligue 1,27,1997,19,18,1583.0,17.6,79.9,-0.57,1,1,1,2,0.6,1.3,1.1,0.6,1.6,20,1,16,3,18.8,0.91,0.06,20.0,81.6,8417,2422,10,27,12,0,54,7,1.14,0.06,39,60,61,907,22,45.5,10,2776,1558,22,12,506,344,252,19,26,13,39,51,4,19,2,1,18,70,46.7,3,0,17,13,0
Maghnes Akliouche,FRA,FW,Monaco,Ligue 1,22,2002,20,16,1452.0,16.1,73.3,0.62,3,3,5,8,4.9,5.4,4.9,4.9,9.8,74,11,37,8,21.6,2.29,0.08,16.0,79.7,8266,2667,32,48,39,5,33,1,4.59,0.68,73,114,143,979,62,48.4,30,3843,2104,47,28,704,396,497,97,32,9,41,6,0,11,12,11,19,83,18.2,1,0,21,23,8
Clément Akpa,CIV,DF,Auxerre,Ligue 1,23,2001,20,18,1591.0,17.7,80.4,-0.34,0,0,0,0,0.1,0.5,0.4,0.1,0.5,17,2,4,1,25.0,0.23,0.0,19.3,80.2,12322,4708,7,45,10,0,23,5,0.96,0.11,20,54,23,971,17,29.4,5,2731,1513,4,4,556,388,99,5,34,25,59,84,2,31,8,6,22,86,51.1,4,0,6,19,0
Jean-Daniel Akpa-Akpro,CIV,MF,Monza,Serie A,32,1992,4,3,228.0,2.5,10.1,-0.39,0,0,0,0,0.0,0.0,0.1,0.0,0.1,3,0,0,0,0.0,0.0,0.0,0.0,73.6,978,393,2,2,2,0,2,1,1.18,0.0,1,4,2,130,12,25.0,3,360,95,5,2,60,53,21,1,6,2,8,3,0,8,1,0,3,21,38.5,2,0,9,3,0
David Akpan Ankeye,NGA,FW,Genoa,Serie A,23,2002,4,0,45.0,0.5,2.1,0.0,0,0,0,0,0.0,0.0,0.0,0.0,0.0,1,1,0,0,0.0,0.0,0.0,0.0,85.7,53,28,0,0,1,0,0,0,2.0,2.0,0,1,3,9,1,100.0,1,54,8,0,2,10,3,4,0,0,0,0,1,0,0,0,0,0,0,0.0,0,0,3,1,0
Kevin Akpoguma,NGA,DF,Hoffenheim,Bundesliga,29,1995,21,16,1487.0,16.5,75.1,-0.73,0,0,0,0,0.0,0.5,0.3,0.0,0.3,19,1,2,0,0.0,0.12,0.0,34.9,88.3,15810,5831,6,83,8,1,8,0,1.15,0.06,10,70,11,1206,12,58.3,7,2844,1399,6,3,758,594,70,3,30,20,50,75,1,50,7,2,14,75,45.3,3,0,23,16,0
Chuba Akpom,ENG,FW,Lille,Ligue 1,29,1995,2,1,133.0,1.5,6.7,1.35,2,2,0,2,2.2,0.2,0.2,1.4,1.6,6,1,7,4,57.1,4.74,0.29,11.8,85.7,161,32,1,0,1,0,1,0,4.06,0.68,0,1,8,30,2,50.0,1,83,23,2,1,21,9,16,10,0,0,0,2,0,3,0,0,0,3,71.4,0,0,2,3,1
David Alaba,AUT,DF,Real Madrid,La Liga,32,1992,2,0,38.0,0.4,1.8,2.37,0,0,0,0,0.0,0.0,0.0,0.0,0.0,0,0,0,0,0.0,0.0,0.0,0.0,91.2,537,242,0,1,0,0,0,0,0.0,0.0,1,2,0,34,0,0.0,0,121,90,0,0,31,18,1,0,0,0,0,0,0,0,0,0,0,0,0.0,0,0,0,0,0
Andreas Albers,DEN,FW,St. Pauli,Bundesliga,34,1990,14,0,62.0,0.7,3.1,-1.45,1,1,0,1,0.6,0.1,0.1,0.6,0.7,2,0,3,1,33.3,4.35,0.33,11.9,50.0,218,47,2,1,0,0,0,0,2.95,0.0,1,3,6,43,3,66.7,2,129,18,4,6,40,17,25,8,1,0,1,1,0,0,0,1,1,3,40.9,0,0,3,2,0
Raúl Albiol,ESP,DF,Villarreal,La Liga,39,1985,15,14,1188.0,13.2,55.0,0.45,0,0,0,0,0.1,0.1,0.0,0.1,0.1,5,3,2,0,0.0,0.15,0.0,9.6,89.4,14582,6006,0,26,1,1,0,0,0.38,0.23,3,34,0,915,0,0.0,0,2347,1226,3,1,652,369,14,3,10,6,16,69,1,10,1,0,9,44,67.4,5,0,11,6,0
Carlos Alcaraz,ARG,MF,Southampton,Premier League,22,2002,1,0,10.0,0.1,0.4,0.0,0,0,0,0,0.1,0.0,0.1,0.1,0.2,1,0,1,1,100.0,9.0,0.0,9.7,100.0,221,66,1,4,1,0,1,1,9.0,0.0,4,6,1,17,2,0.0,0,112,98,0,0,12,8,9,2,0,1,1,0,0,0,0,0,0,2,100.0,0,0,1,0,0
Carlos Alcaraz,ARG,MF,Everton,Premier League,22,2002,2,1,99.0,1.1,0.4,0.0,1,1,1,2,0.3,0.0,0.3,0.3,0.6,1,0,1,1,100.0,9.0,0.0,9.7,100.0,221,66,1,4,1,0,1,1,9.0,0.0,3,4,5,17,2,0.0,0,112,98,0,0,12,8,9,2,0,1,1,0,0,0,0,0,0,2,100.0,0,0,1,0,0
Omar Alderete,PAR,DF,Getafe,La Liga,28,1996,22,22,1963.0,21.8,90.9,0.14,0,0,0,0,0.7,0.8,0.9,0.7,1.6,28,4,26,7,26.9,1.19,0.0,22.0,66.9,11846,5491,10,89,10,3,4,1,1.28,0.18,22,78,5,1055,17,52.9,9,3010,1952,18,6,419,527,89,27,28,28,56,135,1,27,7,2,18,80,63.4,6,0,23,7,5
Carles Aleñá,ESP,MF,Getafe,La Liga,27,1998,10,5,452.0,5.0,20.9,-0.4,0,0,0,0,0.9,0.1,0.1,0.9,1.0,8,0,5,1,20.0,1.0,0.0,13.7,79.5,1504,299,3,9,3,0,6,1,1.6,0.0,3,12,10,163,4,75.0,3,427,169,3,6,98,84,56,10,6,0,6,7,0,9,3,1,3,12,52.6,1,0,8,11,2
Carles Aleñá,ESP,FW,Alaves,La Liga,27,1998,1,1,86.0,1.0,20.9,-0.4,0,0,2,2,0.1,0.1,0.1,0.1,0.3,8,0,5,1,20.0,1.0,0.0,13.7,79.5,1504,299,3,9,3,0,6,1,1.6,0.0,0,6,4,163,4,75.0,3,427,169,3,6,98,84,56,10,6,0,6,7,0,9,3,1,3,12,52.6,1,0,8,11,2
Trent Alexander-Arnold,ENG,DF,Liverpool,Premier League,26,1998,24,22,1827.0,20.3,81.2,1.63,1,1,6,7,1.2,6.5,6.4,1.2,7.7,76,10,32,5,15.6,1.58,0.03,24.5,72.8,20585,8323,44,146,54,8,133,18,3.74,0.49,42,169,78,1716,23,39.1,9,4203,2184,17,15,1073,736,549,34,59,27,86,38,3,22,14,8,41,106,14.3,4,0,9,6,1
Alfon,ESP,FW,Celta Vigo,La Liga,25,1999,14,5,526.0,5.8,24.4,-0.34,1,1,1,2,2.4,1.3,1.7,2.4,4.2,27,3,23,7,30.4,3.94,0.04,16.8,67.8,1421,224,9,3,3,0,18,1,4.62,0.51,39,12,60,216,22,45.5,10,1256,783,10,9,166,52,152,45,3,3,6,3,0,5,2,1,1,17,14.3,0,1,10,15,2
Mohamed Ali Cho,FRA,FW,Nice,Ligue 1,21,2004,18,16,1207.0,13.4,61.0,0.75,3,3,3,6,2.5,2.4,2.8,2.5,5.3,45,10,25,13,52.0,1.86,0.12,18.3,71.0,3577,925,23,15,23,7,33,3,3.36,0.75,51,43,99,520,51,29.4,15,2181,1235,47,20,398,226,257,53,8,2,10,7,0,12,2,4,5,46,31.0,2,0,11,29,8
Faride Alidou,GER,FW,Hellas Verona,Serie A,23,2001,3,0,71.0,0.8,3.2,0.0,0,0,0,0,0.0,0.0,0.0,0.0,0.0,2,0,1,0,0.0,1.27,0.0,32.2,80.0,198,42,1,0,1,0,3,1,2.54,0.0,1,1,2,31,4,50.0,2,98,44,1,1,19,11,17,0,0,1,1,3,1,1,0,0,0,0,100.0,0,0,1,0,0
Alisson,BRA,GK,Liverpool,Premier League,32,1992,17,17,1518.0,16.9,67.5,1.54,0,0,0,0,0.0,0.2,0.6,0.0,0.6,5,0,0,0,0.0,0.0,0.0,0.0,82.9,9344,6098,1,7,0,1,0,0,0.3,0.0,0,0,0,551,1,100.0,1,1392,839,0,0,329,11,0,0,0,0,0,10,0,0,0,0,0,30,100.0,0,0,0,1,0
Tadeo Allende,ARG,FW,Celta Vigo,La Liga,25,1999,1,0,2.0,0.0,0.1,-45.0,0,0,0,0,0.0,0.0,0.0,0.0,0.0,0,0,0,0,0.0,0.0,0.0,0.0,33.3,7,1,0,0,0,0,0,0,0.0,0.0,0,0,0,4,1,0.0,0,13,4,0,0,3,3,0,0,0,0,0,0,0,0,0,0,0,1,0.0,1,0,0,0,0
Jim Allevinah,GAB,FW,Angers,Ligue 1,29,1995,18,17,1180.0,13.1,59.6,-0.38,0,0,3,3,2.0,1.4,2.2,2.0,4.3,29,6,23,4,17.4,1.75,0.0,15.4,74.8,3549,846,11,20,9,1,21,1,2.21,0.46,28,37,64,472,31,19.4,6,1964,783,24,19,322,211,178,43,12,9,21,16,0,7,5,2,8,53,33.3,3,0,13,19,6
Thiago Almada,ARG,MF,Lyon,Ligue 1,23,2001,4,0,70.0,0.8,3.5,2.57,0,0,0,0,0.1,0.1,0.1,0.1,0.1,9,3,3,0,0.0,3.86,0.0,18.1,89.2,1041,364,2,10,1,0,5,0,11.57,3.86,6,11,1,85,1,100.0,1,248,140,0,0,65,44,25,3,3,1,4,1,0,1,1,0,1,6,0.0,0,0,0,0,0
Domingos André Ribeiro Almeida,POR,MF,Valencia,La Liga,24,2000,21,14,1204.0,13.4,55.7,-0.37,0,0,1,1,0.4,2.7,1.5,0.4,1.9,49,2,11,4,36.4,0.82,0.0,22.9,84.1,7333,1846,21,56,11,4,33,2,3.67,0.15,26,79,46,675,27,44.4,12,1930,925,24,27,480,355,242,29,30,5,35,7,1,14,13,5,19,54,20.0,1,0,20,11,2
Iker Almena,ESP,FW,Girona,La Liga,20,2004,2,0,48.0,0.5,2.2,0.0,0,0,1,1,0.0,0.4,0.7,0.0,0.7,3,2,1,0,0.0,1.87,0.0,24.7,71.9,328,34,2,0,0,0,4,0,5.63,3.75,6,2,10,39,3,66.7,2,233,152,1,0,31,6,30,1,0,0,0,2,0,1,0,0,0,2,0.0,0,0,0,1,0
Miguel Almirón,PAR,FW,Newcastle,Premier League,31,1994,9,1,157.0,1.7,7.0,-1.15,0,0,0,0,0.5,0.2,0.3,0.5,0.8,8,0,6,2,33.3,3.44,0.0,14.2,81.8,707,219,3,3,1,1,0,0,4.59,0.0,3,6,18,81,2,50.0,1,284,93,0,2,59,35,36,9,3,0,3,0,0,2,0,1,2,4,0.0,0,0,1,3,2
Pontus Almqvist,SWE,FW,Parma,Serie A,25,1999,22,5,737.0,8.2,32.8,-0.98,1,1,1,2,1.3,0.9,1.3,1.3,2.7,22,2,18,8,44.4,2.2,0.06,18.0,76.1,2305,442,9,4,4,0,5,1,2.69,0.24,31,10,66,349,42,35.7,15,1642,840,16,7,250,118,195,35,9,11,20,4,0,8,3,2,7,32,41.2,2,0,9,11,1
Marcos Alonso,ESP,DF,Celta Vigo,La Liga,34,1990,18,16,1530.0,17.0,70.8,-0.12,0,0,0,0,0.7,0.6,0.3,0.7,1.0,18,1,16,5,31.3,0.94,0.0,20.5,87.5,20580,7686,8,121,9,1,27,3,1.06,0.06,29,115,34,1480,13,53.8,7,5552,3210,10,4,1028,753,165,15,19,23,42,72,3,15,5,3,13,92,64.8,8,1,16,15,2
Giorgio Altare,ITA,DF,Venezia,Serie A,26,1998,12,8,753.0,8.4,34.9,-0.36,0,0,0,0,0.2,0.2,0.1,0.2,0.3,5,0,3,1,33.3,0.36,0.0,15.2,72.8,5113,1998,1,15,2,0,7,1,0.6,0.0,4,20,5,505,6,83.3,5,990,404,5,5,252,216,57,6,13,17,30,49,0,21,3,2,12,27,52.8,2,0,10,2,0
Adrià Altimira,ESP,DF,Leganés,La Liga,23,2001,14,11,1010.0,11.2,46.8,-0.71,0,0,0,0,0.1,0.2,0.0,0.1,0.1,7,1,4,1,25.0,0.36,0.0,24.8,78.6,4658,1371,1,26,5,0,10,0,0.62,0.09,14,30,33,516,21,38.1,8,1163,589,15,5,261,250,104,2,27,12,39,40,2,9,7,2,14,48,42.9,3,0,16,16,2
Sergi Altimira,ESP,MF,Betis,La Liga,23,2001,20,14,1300.0,14.4,60.2,-0.28,0,0,1,1,1.4,0.8,1.4,1.3,2.7,34,1,14,2,14.3,0.97,0.0,19.9,88.0,11551,2635,16,61,8,4,3,0,2.35,0.07,14,69,17,986,12,75.0,9,2331,947,15,12,689,629,169,11,42,14,56,27,1,22,25,5,25,80,25.0,2,0,23,25,0
Edson Álvarez,MEX,MF,West Ham,Premier League,27,1997,20,15,1319.0,14.7,58.6,-0.82,0,0,1,1,0.3,0.7,0.8,0.3,1.1,22,2,11,1,9.1,0.75,0.0,26.7,86.3,10695,3150,10,67,10,4,5,3,1.5,0.14,16,58,17,901,24,45.8,11,2740,1265,19,11,600,493,138,10,37,13,50,30,1,20,10,6,20,69,56.8,8,1,32,15,3
Hugo Álvarez,ESP,MF,Celta Vigo,La Liga,21,2003,22,14,1387.0,15.4,64.2,-0.13,4,4,2,6,2.3,1.6,0.8,2.3,3.1,39,7,22,8,36.4,1.43,0.18,15.9,78.7,10624,2875,15,29,13,0,28,3,2.53,0.45,66,48,143,1066,65,43.1,28,3469,2029,28,11,714,421,418,70,23,7,30,25,1,18,10,2,9,70,50.0,5,0,22,14,2
Julián Álvarez,ARG,FW,Atleti,La Liga,25,2000,24,19,1596.0,17.7,73.9,0.9,7,6,2,9,6.9,3.0,2.9,6.2,9.0,62,6,43,19,44.2,2.42,0.14,17.7,74.7,6359,1484,24,26,22,5,30,3,3.5,0.34,51,53,105,766,39,56.4,22,2624,1277,37,27,556,313,390,67,15,0,15,8,1,12,6,7,10,46,32.4,4,0,19,2,7
Yeray Álvarez,ESP,DF,Athletic Club,La Liga,30,1995,14,13,1151.0,12.8,53.3,0.39,0,0,0,0,0.3,0.3,0.2,0.3,0.5,12,1,7,1,14.3,0.55,0.0,17.0,83.7,12682,4367,3,50,3,1,3,2,0.94,0.08,14,82,0,887,7,57.1,4,3053,2025,8,4,569,506,44,10,19,23,42,59,1,7,7,2,12,55,59.6,3,0,10,13,0
Skelly Alvero,FRA,MF,Werder Bremen,Bundesliga,22,2002,12,1,236.0,2.6,11.9,-1.53,0,0,0,0,0.0,0.1,0.0,0.0,0.0,2,0,1,0,0.0,0.38,0.0,14.8,74.7,1077,220,0,3,3,0,0,0,0.76,0.0,1,8,0,136,3,66.7,2,306,132,6,4,74,68,19,2,11,2,13,10,0,4,5,1,6,13,62.5,1,0,7,5,0
Will Alves,ENG,FW,Leicester City,Premier League,20,2005,1,0,1.0,0.0,0.0,0.0,0,0,0,0,0.0,0.0,0.0,0.0,0.0,0,0,0,0,0.0,0.0,0.0,0.0,100.0,12,0,0,0,0,0,0,0,0.0,0.0,0,0,1,1,0,0.0,0,5,5,0,0,1,0,1,0,0,0,0,0,0,0,0,0,0,0,0.0,0,0,0,0,0
Selim Amallah,MAR,MF,Valladolid,La Liga,28,1996,16,12,964.0,10.7,44.6,-1.49,3,2,1,4,2.7,0.9,0.6,1.9,2.4,23,1,16,6,37.5,1.49,0.13,23.7,76.2,3619,1125,9,30,6,2,29,0,2.15,0.09,20,34,16,426,47,53.2,25,1391,631,23,17,258,234,137,15,18,7,25,3,1,17,11,1,11,45,30.8,5,0,25,19,0
Amath,SEN,FW,Valladolid,La Liga,28,1996,9,5,316.0,3.5,14.6,-1.14,0,0,1,1,0.4,0.1,0.2,0.4,0.6,10,1,5,1,20.0,1.42,0.0,13.7,75.9,981,248,4,4,3,0,4,1,2.84,0.28,7,11,21,126,11,36.4,4,415,198,10,3,93,54,55,10,1,2,3,3,0,7,0,0,0,11,20.0,1,0,3,5,2
Jordan Amavi,FRA,DF,Brest,Ligue 1,30,1994,11,8,790.0,8.8,39.9,-1.14,0,0,0,0,0.3,0.4,0.2,0.3,0.4,14,1,8,3,37.5,0.91,0.0,25.0,73.4,6269,2275,6,28,6,0,15,1,1.59,0.11,22,36,21,615,13,53.8,7,1558,936,9,5,361,304,131,4,24,7,31,18,0,10,11,3,17,35,71.4,2,0,15,6,0
Aurele Amenda,SUI,DF,Eint Frankfurt,Bundesliga,21,2003,4,1,70.0,0.8,3.5,0.0,0,0,0,0,0.0,0.3,0.3,0.0,0.3,2,0,0,0,0.0,0.0,0.0,0.0,87.2,824,286,1,0,0,0,0,0,2.54,0.0,1,1,1,55,1,100.0,1,122,49,0,0,35,31,4,1,0,1,1,4,0,2,0,0,0,1,80.0,1,0,3,1,0
Kelvin Amian,FRA,DF,Nantes,Ligue 1,27,1998,19,14,1349.0,15.0,68.1,-0.6,1,1,0,1,0.2,1.1,0.4,0.2,0.7,23,0,5,2,40.0,0.33,0.2,18.6,80.5,6975,3047,8,37,13,3,26,6,1.53,0.0,24,43,53,689,14,57.1,8,1448,758,10,9,362,289,192,11,36,3,39,48,0,12,6,0,21,38,57.1,2,0,18,6,0
Michael Amir Murillo,PAN,DF,Marseille,Ligue 1,29,1996,21,18,1694.0,18.8,85.6,1.17,1,1,2,3,1.4,2.1,2.5,1.4,3.9,37,4,12,3,25.0,0.64,0.08,19.3,88.6,18298,5579,20,103,15,0,21,4,1.97,0.21,25,96,67,1469,19,47.4,9,3326,1638,17,7,1016,831,242,25,36,12,48,46,3,13,8,5,23,88,75.0,1,0,21,17,1
Nadiem Amiri,GER,MF,Mainz 05,Bundesliga,28,1996,19,19,1498.0,16.6,75.7,0.66,4,2,2,6,3.6,6.0,4.4,2.0,6.4,60,6,35,16,45.7,2.1,0.06,25.6,75.0,14503,5632,35,114,29,9,102,5,3.6,0.36,29,124,44,1250,37,45.9,17,3048,1357,24,17,771,683,359,29,28,14,42,20,2,15,15,4,14,126,45.8,6,2,28,33,1
Samuel Amo-Ameyaw,ENG,FW,Southampton,Premier League,18,2006,2,0,28.0,0.3,1.2,0.0,0,0,0,0,0.0,0.1,0.1,0.0,0.1,2,0,1,0,0.0,3.21,0.0,20.7,88.9,107,13,1,0,1,0,2,1,6.43,0.0,1,0,3,16,4,0.0,0,98,68,0,2,11,5,7,1,1,0,1,0,0,0,1,0,0,1,0.0,1,0,1,2,0
Mathis Amougou,FRA,MF,Saint-Etienne,Ligue 1,19,2006,17,9,859.0,9.5,0.0,0.0,0,0,0,0,0.5,0.3,0.4,0.5,0.8,17,0,7,1,14.3,0.73,0.0,18.9,77.1,3514,1194,7,23,4,1,1,0,1.78,0.0,8,36,17,407,16,31.3,5,1169,585,22,8,273,218,90,9,21,12,33,4,0,10,5,1,15,37,20.0,2,0,6,8,0
Mohamed Amoura,ALG,FW,Wolfsburg,Bundesliga,24,2000,20,19,1644.0,18.3,83.0,0.38,9,8,7,16,5.6,2.9,2.8,4.8,7.6,53,11,52,19,36.5,2.85,0.15,17.0,69.8,4890,1039,22,22,19,8,24,4,2.9,0.6,59,41,146,716,62,38.7,24,2711,1467,55,12,463,266,392,86,19,8,27,16,0,27,5,7,13,73,31.9,3,0,17,15,16
Sofyan Amrabat,MAR,MF,Fiorentina,Serie A,28,1996,2,2,180.0,2.0,8.0,0.0,0,0,0,0,0.0,0.1,0.1,0.0,0.1,4,0,0,0,0.0,0.0,0.0,0.0,84.2,2140,528,2,10,0,0,3,0,2.0,0.0,2,14,1,140,0,0.0,0,388,196,1,2,103,103,14,0,3,0,3,2,0,1,2,0,2,7,50.0,0,0,4,1,0
Joachim Andersen,DEN,DF,Crystal Palace,Premier League,28,1996,1,1,90.0,1.0,4.0,-1.0,0,0,0,0,0.0,0.0,0.0,0.0,0.0,1,0,1,1,100.0,1.0,0.0,25.2,73.5,1227,526,0,9,1,0,1,0,1.0,0.0,1,4,1,93,0,0.0,0,189,103,0,1,67,50,5,0,1,0,1,7,0,0,0,0,1,7,100.0,1,0,2,0,0
Joachim Andersen,DEN,DF,Fulham,Premier League,28,1996,16,16,1413.0,15.7,4.0,-1.0,0,0,0,0,0.3,0.0,0.3,0.3,0.7,1,0,1,1,100.0,1.0,0.0,25.2,73.5,1227,526,0,9,1,0,1,0,1.0,0.0,9,66,1,93,0,0.0,0,189,103,0,1,67,50,5,0,1,0,1,7,0,0,0,0,1,7,100.0,1,0,2,0,0
Elliot Anderson,ENG,MF,Forest,Premier League,22,2002,24,20,1636.0,18.2,72.7,0.61,1,1,5,6,1.1,3.0,2.8,1.1,4.0,65,9,25,5,20.0,1.38,0.04,20.5,78.2,10178,3616,29,67,10,5,56,2,3.58,0.5,32,85,61,1074,55,50.9,28,3035,1463,40,23,629,486,347,48,60,19,79,42,2,31,17,6,39,132,67.6,5,0,26,38,3
André,BRA,MF,Wolves,Premier League,23,2001,20,18,1402.0,15.6,62.3,-0.71,0,0,0,0,0.1,0.4,0.6,0.1,0.7,28,2,3,1,33.3,0.19,0.0,24.6,92.2,9780,2752,10,52,3,3,0,0,1.8,0.13,5,53,5,821,15,46.7,7,1775,809,14,11,534,502,76,1,51,20,71,23,1,28,22,5,35,94,25.0,3,0,20,19,0
Benjamin André,FRA,MF,Lille,Ligue 1,34,1990,19,19,1702.0,18.9,86.0,0.48,0,0,1,1,1.2,1.8,1.1,1.2,2.3,33,6,13,3,23.1,0.69,0.0,14.7,82.3,17629,4795,11,130,12,0,11,2,1.75,0.32,18,142,44,1464,14,35.7,5,3374,1566,30,20,999,949,271,37,51,28,79,36,0,26,30,4,22,120,55.1,9,0,30,33,3
Marcos André,BRA,FW,Valladolid,La Liga,28,1996,16,11,944.0,10.5,43.7,-1.43,1,1,1,2,2.0,0.2,0.6,2.0,2.6,13,1,16,2,12.5,1.53,0.06,12.4,64.0,1883,298,6,9,1,2,1,0,1.24,0.1,10,10,30,296,31,48.4,15,815,297,35,16,209,175,93,26,6,3,9,7,0,13,3,2,5,38,53.8,5,0,10,28,5
Robert Andrich,GER,MF,Leverkusen,Bundesliga,30,1994,16,14,1150.0,12.8,58.1,0.94,2,2,1,3,1.2,0.7,0.2,1.2,1.4,27,3,18,4,22.2,1.41,0.11,22.0,89.7,9877,2202,7,56,5,2,5,0,2.11,0.23,7,48,13,806,5,40.0,2,1587,655,5,1,587,492,167,15,18,21,39,15,0,12,11,1,9,55,58.3,6,0,25,13,0
Angeliño,ESP,DF,Roma,Serie A,28,1997,25,24,2082.0,23.1,92.5,0.35,1,1,1,2,0.5,2.2,2.1,0.5,2.6,54,6,11,2,18.2,0.48,0.09,19.7,79.2,19765,7293,32,105,37,1,71,13,2.33,0.26,38,126,105,1578,15,40.0,6,3954,2225,18,6,1020,749,376,26,34,21,55,61,0,26,19,2,16,69,52.1,1,0,24,19,4
Lorenzo Anghelè,ITA,FW,Juventus,Serie A,19,2005,1,0,6.0,0.1,0.3,0.0,0,0,0,0,0.0,0.0,0.0,0.0,0.0,0,0,0,0,0.0,0.0,0.0,0.0,100.0,82,12,0,0,0,0,0,0,0.0,0.0,0,1,0,5,1,100.0,1,19,3,0,0,4,5,1,0,0,0,0,0,0,0,0,0,0,0,0.0,0,0,0,0,0
Faustino Anjorin,ENG,MF,Empoli,Serie A,23,2001,17,13,983.0,10.9,43.7,-0.09,0,0,3,3,0.8,1.1,1.6,0.8,2.4,30,5,18,4,22.2,1.65,0.0,24.7,80.9,5431,1868,16,37,13,2,13,1,2.75,0.46,27,50,30,540,35,42.9,15,1642,938,17,9,336,309,124,17,26,11,37,19,0,14,13,6,12,58,47.4,2,0,20,16,0
Waldemar Anton,GER,DF,Dortmund,Bundesliga,28,1996,16,13,1139.0,12.7,57.5,0.4,0,0,2,2,0.8,0.7,0.6,0.8,1.3,31,4,13,0,0.0,1.03,0.0,14.0,92.1,21384,6284,3,77,3,2,10,2,2.45,0.32,23,83,10,1427,16,81.3,13,4942,2512,14,8,1094,844,92,21,21,12,33,50,1,25,8,4,16,70,67.3,3,0,15,15,0
Leandro Antonetti,PUR,FW,Sevilla,La Liga,22,2003,1,0,11.0,0.1,0.5,0.0,0,0,0,0,0.0,0.0,0.0,0.0,0.0,0,0,0,0,0.0,0.0,0.0,0.0,100.0,10,6,1,0,0,0,0,0,0.0,0.0,0,0,1,2,0,0.0,0,12,4,0,0,1,1,1,0,0,0,0,0,0,0,0,0,0,1,0.0,0,0,0,0,0
Michail Antonio,JAM,FW,West Ham,Premier League,34,1990,14,11,836.0,9.3,37.2,-0.54,1,1,1,2,2.2,0.9,1.6,2.2,3.8,22,4,19,4,21.1,2.05,0.05,12.6,60.6,2183,424,9,11,6,3,25,2,2.37,0.43,29,18,59,296,27,33.3,9,1177,695,35,19,221,124,151,36,2,0,2,2,0,6,1,1,2,22,43.6,1,0,12,7,4
Antoniu,ESP,MF,Espanyol,La Liga,22,2002,13,6,467.0,5.2,21.6,-0.19,0,0,1,1,0.6,0.8,1.0,0.6,1.6,15,1,7,3,42.9,1.35,0.0,21.7,65.5,1029,295,6,4,6,0,13,3,2.88,0.19,16,11,33,173,22,68.2,15,820,505,12,6,111,68,86,9,9,2,11,2,1,8,3,4,4,15,33.3,3,0,11,10,4
Antony,BRA,DF,Manchester Utd,Premier League,24,2000,8,0,141.0,1.6,6.3,1.91,0,0,0,0,1.0,0.2,0.1,1.0,1.1,8,0,6,3,50.0,3.83,0.0,15.8,81.2,688,111,3,1,5,0,5,2,5.11,0.0,5,6,7,101,11,36.4,4,317,182,5,1,69,26,54,8,6,2,8,0,0,2,2,0,3,11,0.0,0,0,2,5,0
Antony,BRA,FW,Betis,La Liga,24,2000,3,3,232.0,2.6,6.3,1.91,2,2,1,3,0.4,0.2,0.3,0.4,0.7,8,0,6,3,50.0,3.83,0.0,15.8,81.2,688,111,3,1,5,0,5,2,5.11,0.0,7,10,25,101,11,36.4,4,317,182,5,1,69,26,54,8,6,2,8,0,0,2,2,0,3,11,0.0,0,0,2,5,0
Anuar,MAR,FW,Valladolid,La Liga,30,1995,15,13,1136.0,12.6,52.6,-1.35,2,2,0,2,1.3,0.4,0.5,1.3,1.8,17,4,7,3,42.9,0.55,0.29,12.6,79.7,3472,540,4,7,2,1,10,1,1.35,0.32,13,17,34,426,16,25.0,4,1262,447,18,9,264,188,121,18,20,12,32,10,1,19,4,4,13,45,45.7,5,0,20,29,6
Dennis Appiah,FRA,DF,Saint-Etienne,Ligue 1,32,1992,20,16,1558.0,17.3,78.7,-1.33,0,0,1,1,0.1,1.7,1.9,0.1,2.0,26,3,3,1,33.3,0.17,0.0,21.0,75.4,10104,4534,9,55,17,3,35,5,1.5,0.17,36,64,73,1069,30,53.3,16,2152,1199,26,15,585,446,245,17,49,18,67,67,1,24,18,2,33,69,45.9,1,0,26,7,2
Aritz Arambarri,ESP,DF,Leganés,La Liga,27,1998,2,2,177.0,2.0,8.2,0.51,0,0,0,0,0.0,0.0,0.0,0.0,0.0,1,0,1,0,0.0,0.51,0.0,15.7,73.1,1025,258,0,1,0,0,0,0,0.51,0.0,0,2,0,86,0,0.0,0,253,137,1,0,48,26,1,1,1,3,4,8,0,2,0,0,1,4,42.9,0,0,0,0,0
Mauro Arambarri,URU,MF,Getafe,La Liga,29,1995,22,18,1537.0,17.1,71.2,0.06,6,3,0,6,4.9,0.3,0.3,2.5,2.8,28,2,25,7,28.0,1.46,0.12,19.2,70.9,5672,1252,7,40,1,2,9,0,1.64,0.12,8,43,20,644,20,50.0,10,1224,407,35,18,339,384,150,41,23,6,29,32,0,16,16,4,12,65,53.2,7,0,22,24,2
Jon Aramburu,VEN,DF,Real Sociedad,La Liga,22,2002,21,19,1615.0,17.9,74.8,0.06,0,0,0,0,0.3,1.1,0.8,0.3,1.1,20,1,8,2,25.0,0.45,0.0,20.3,78.4,11492,4626,10,53,7,0,30,5,1.11,0.06,17,69,33,1256,24,20.8,5,1990,967,21,5,626,629,229,15,74,24,98,64,0,25,21,8,53,87,54.9,7,0,32,24,3
Julian Araujo,MEX,DF,Bournemouth,Premier League,23,2001,8,5,355.0,3.9,15.8,-1.27,0,0,0,0,0.0,0.0,0.0,0.0,0.0,2,0,0,0,0.0,0.0,0.0,0.0,78.9,2297,759,0,15,1,0,4,0,0.51,0.0,2,14,11,200,0,0.0,0,290,138,4,2,100,103,32,1,7,4,11,13,0,3,4,0,3,24,25.0,1,0,4,1,0
Ronald Araújo,URU,DF,Barcelona,La Liga,25,1999,3,3,156.0,1.7,7.5,0.0,0,0,0,0,0.0,0.1,0.0,0.0,0.0,3,0,0,0,0.0,0.0,0.0,0.0,91.9,3807,1131,0,14,2,0,0,0,1.73,0.0,2,11,1,209,0,0.0,0,881,544,1,0,162,149,3,2,1,2,3,4,0,0,0,0,1,4,72.2,1,0,2,2,0
Cameron Archer,ENG,FW,Southampton,Premier League,23,2001,22,10,1053.0,11.7,46.8,-1.37,2,2,0,2,4.5,0.6,0.3,3.7,4.1,13,0,23,7,30.4,1.97,0.09,12.4,80.6,1877,280,2,5,6,2,3,0,1.11,0.0,15,11,47,283,26,42.3,11,823,368,27,19,193,122,116,44,9,2,11,6,0,5,2,2,5,27,29.6,0,0,11,10,5
Carlens Arcus,HAI,DF,Angers,Ligue 1,28,1996,19,18,1454.0,16.2,73.4,-0.25,0,0,1,1,0.0,1.0,1.2,0.0,1.2,25,1,3,0,0.0,0.19,0.0,29.1,78.5,9457,3406,14,38,14,2,38,8,1.55,0.06,27,44,52,872,13,46.2,6,1851,908,9,12,474,399,181,8,35,23,58,57,2,16,11,2,21,58,61.5,2,0,24,11,1
Alphonse Areola,FRA,GK,West Ham,Premier League,31,1993,14,13,1180.0,13.1,52.4,-0.92,0,0,0,0,0.0,0.0,0.0,0.0,0.0,1,0,0,0,0.0,0.0,0.0,0.0,72.7,10433,7323,0,7,0,0,0,0,0.08,0.0,0,0,0,561,0,0.0,0,1280,689,0,0,288,5,0,0,2,0,2,8,1,0,0,0,2,19,100.0,0,0,0,0,0
Adu Ares,ESP,FW,Athletic Club,La Liga,23,2001,1,0,19.0,0.2,0.9,-4.74,0,0,0,0,0.0,0.0,0.0,0.0,0.0,1,0,0,0,0.0,0.0,0.0,0.0,55.6,64,15,0,0,1,0,1,0,4.74,0.0,1,3,2,11,1,0.0,0,44,29,0,2,11,3,6,1,0,0,0,0,0,0,0,0,0,1,0.0,0,0,0,0,0
Jesús Areso,ESP,DF,Osasuna,La Liga,25,1999,23,22,1949.0,21.7,90.2,0.09,0,0,1,1,0.1,1.8,1.7,0.1,1.8,43,4,5,0,0.0,0.23,0.0,21.2,70.8,12259,5530,18,63,39,0,114,23,1.99,0.18,68,74,134,1236,39,38.5,15,3526,1860,39,15,660,507,456,14,33,7,40,61,0,20,7,4,23,82,58.3,5,0,23,10,6
David Argüelles,ESP,MF,Getafe,La Liga,23,2002,1,0,7.0,0.1,0.3,12.86,0,0,0,0,0.0,0.0,0.0,0.0,0.0,0,0,0,0,0.0,0.0,0.0,0.0,60.0,25,2,0,0,0,0,0,0,0.0,0.0,1,0,0,7,0,0.0,0,30,12,0,0,3,2,3,0,0,0,0,0,0,2,0,0,0,0,0.0,0,0,0,0,0
Joe Aribo,NGA,MF,Southampton,Premier League,28,1996,24,16,1549.0,17.2,68.8,-1.39,3,3,0,3,2.6,1.2,1.5,2.6,4.0,32,1,14,7,50.0,0.81,0.21,13.4,88.3,9821,1945,14,40,3,2,8,1,1.86,0.06,30,59,56,942,42,38.1,16,2831,1482,20,13,682,497,247,39,35,13,48,22,2,21,19,6,25,92,55.9,1,0,16,24,1
Adam Armstrong,ENG,FW,Southampton,Premier League,28,1997,20,15,1248.0,13.9,55.5,-2.02,2,2,2,4,3.3,0.6,1.2,2.3,3.5,19,4,25,7,28.0,1.8,0.08,16.6,80.2,3320,446,9,10,8,0,14,2,1.37,0.29,25,21,79,377,14,42.9,6,1324,599,11,18,286,143,192,49,12,3,15,8,0,6,7,3,3,23,35.7,4,0,12,5,9
Harrison Armstrong,ENG,MF,Everton,Premier League,18,2007,3,0,48.0,0.5,2.1,-1.87,0,0,0,0,0.4,0.0,0.1,0.4,0.4,1,0,1,0,0.0,1.87,0.0,5.8,46.7,149,15,1,1,0,0,1,0,1.87,0.0,1,1,0,20,1,100.0,1,110,43,2,3,14,12,7,2,0,0,0,1,0,0,0,0,0,2,0.0,1,0,2,2,0
José Arnaiz,ESP,FW,Osasuna,La Liga,29,1995,7,0,50.0,0.6,2.3,0.0,0,0,0,0,0.1,0.1,0.1,0.1,0.2,4,0,2,0,0.0,3.6,0.0,27.9,60.6,268,78,2,2,2,0,8,1,7.2,0.0,3,3,7,49,4,0.0,0,175,93,2,2,30,18,27,3,3,1,4,1,0,0,1,1,3,8,50.0,0,0,0,5,0
Hákon Arnar Haraldsson,ISL,MF,Lille,Ligue 1,21,2003,14,11,941.0,10.5,47.5,0.19,2,2,2,4,1.9,1.4,1.2,1.9,3.1,35,4,18,6,33.3,1.72,0.11,18.0,79.7,6957,1637,18,43,24,1,26,4,3.35,0.38,27,56,80,638,19,47.4,9,2177,1056,25,6,490,295,285,37,19,5,24,4,0,6,10,4,7,34,18.2,2,0,11,15,1
Marko Arnautović,AUT,FW,Inter,Serie A,35,1989,9,0,170.0,1.9,7.6,0.53,1,1,1,2,1.4,0.2,0.4,1.4,1.8,7,1,5,2,40.0,2.65,0.2,7.7,64.9,472,78,3,1,3,0,2,0,3.71,0.53,1,5,27,74,1,0.0,0,153,51,4,1,54,21,48,11,6,1,7,1,0,0,2,3,5,4,75.0,1,0,4,2,4
Maximilian Arnold,GER,MF,Wolfsburg,Bundesliga,30,1994,20,20,1746.0,19.4,88.2,0.62,2,2,4,6,0.7,2.9,2.0,0.7,2.7,57,9,20,9,45.0,1.03,0.1,28.0,78.0,15240,4862,29,94,10,1,107,3,2.94,0.46,6,92,9,1122,3,33.3,1,2095,774,12,7,614,668,218,5,25,13,38,54,1,17,14,2,15,115,38.5,7,0,18,40,0
Jann-Fiete Arp,GER,FW,Holstein Kiel,Bundesliga,25,2000,17,3,587.0,6.5,29.6,0.15,2,1,0,2,2.9,1.2,0.8,1.4,2.1,30,3,13,7,53.8,1.99,0.08,21.9,59.3,1609,557,10,5,10,1,18,3,4.6,0.46,11,16,49,235,22,45.5,10,693,276,27,13,136,91,112,21,11,2,13,7,0,5,2,4,8,14,16.7,5,1,13,16,2
Sergio Arribas,ESP,DF,Betis,La Liga,22,2003,1,1,90.0,1.0,4.2,1.0,0,0,0,0,0.0,0.0,0.0,0.0,0.0,0,0,0,0,0.0,0.0,0.0,0.0,68.5,533,210,0,1,0,0,0,0,0.0,0.0,0,1,4,71,0,0.0,0,128,75,0,0,35,43,4,0,7,3,10,4,0,2,3,0,4,3,100.0,0,0,0,0,0
Kepa Arrizabalaga,ESP,GK,Bournemouth,Premier League,30,1994,18,18,1620.0,18.0,72.0,0.78,0,0,0,0,0.0,0.0,0.0,0.0,0.0,4,0,0,0,0.0,0.0,0.0,0.0,72.1,11886,8418,1,4,0,0,0,0,0.22,0.0,0,0,0,614,0,0.0,0,1777,994,0,0,259,8,0,0,1,0,1,8,2,1,0,0,0,33,80.0,2,0,0,4,0
Arthur,BRA,DF,Leverkusen,Bundesliga,21,2003,11,5,431.0,4.8,21.8,1.46,0,0,1,1,0.0,0.8,0.4,0.0,0.4,3,1,0,0,0.0,0.0,0.0,0.0,77.0,2434,624,2,10,4,0,9,0,0.63,0.21,8,13,34,285,13,15.4,2,588,298,7,3,166,126,103,10,11,8,19,16,0,5,6,2,8,19,41.7,0,0,10,5,0
Takuma Asano,JPN,FW,Mallorca,La Liga,30,1994,13,6,557.0,6.2,25.8,0.16,0,0,0,0,1.4,0.4,0.0,1.4,1.4,10,1,14,4,28.6,2.26,0.0,12.4,60.9,1017,246,0,4,2,0,15,1,1.62,0.16,19,11,41,187,18,22.2,4,736,354,12,6,121,77,88,29,7,4,11,5,0,5,5,1,5,24,35.7,0,0,1,9,4
Raúl Asencio,ESP,DF,Real Madrid,La Liga,22,2003,12,7,769.0,8.5,35.6,1.29,0,0,1,1,0.0,0.4,0.4,0.0,0.5,5,1,1,0,0.0,0.12,0.0,28.0,92.4,8302,2824,2,21,3,1,0,0,0.58,0.12,3,11,4,584,6,66.7,4,1845,1007,2,5,418,229,18,4,13,5,18,44,1,1,2,0,8,41,68.0,0,0,6,12,1
Marco Asensio,ESP,FW,Aston Villa,Premier League,29,1996,1,0,28.0,0.3,1.2,3.21,0,0,0,0,0.3,0.1,0.0,0.3,0.3,3,0,4,1,25.0,12.86,0.0,19.4,85.7,254,73,1,0,3,0,3,1,9.64,0.0,1,3,2,25,1,100.0,1,65,28,0,0,18,1,24,4,0,0,0,0,0,0,0,0,0,0,0.0,0,0,0,0,1
Marco Asensio,ESP,FW,PSG,Ligue 1,29,1996,12,8,618.0,6.9,1.2,3.21,2,2,4,6,5.6,0.1,2.7,5.6,8.3,3,0,4,1,25.0,12.86,0.0,19.4,85.7,254,73,1,0,3,0,3,1,9.64,0.0,19,36,49,25,1,100.0,1,65,28,0,0,18,1,24,4,0,0,0,0,0,0,0,0,0,0,0.0,0,0,0,0,1
Kristjan Asllani,ALB,MF,Inter,Serie A,22,2002,14,5,539.0,6.0,24.0,1.0,0,0,2,2,0.8,1.5,1.6,0.8,2.4,22,2,10,3,30.0,1.67,0.0,21.0,89.1,9465,2815,13,42,11,5,24,3,3.67,0.33,7,38,15,613,3,0.0,0,1915,805,3,1,487,383,92,7,9,5,14,8,1,6,4,1,1,31,50.0,3,0,8,12,0
Iago Aspas,ESP,FW,Celta Vigo,La Liga,37,1987,17,13,1235.0,13.7,57.2,0.0,7,4,3,10,6.4,2.7,2.8,3.2,6.0,46,8,34,14,41.2,2.48,0.12,22.1,74.8,7297,2182,23,54,25,13,7,3,3.35,0.58,39,95,92,723,20,50.0,10,2634,1247,26,13,605,367,309,45,11,6,17,4,0,13,4,3,7,44,54.5,4,1,13,28,5
Yaser Asprilla,COL,FW,Girona,La Liga,21,2003,15,9,841.0,9.3,38.9,0.11,2,2,0,2,1.3,2.6,1.3,1.3,2.5,40,6,22,6,27.3,2.35,0.09,22.9,74.1,5702,1643,16,22,31,4,50,5,4.28,0.64,40,59,91,544,38,39.5,15,2335,1063,30,11,411,213,299,32,14,3,17,4,1,6,6,3,8,37,100.0,2,0,8,17,0
Lorenz Assignon,TOG,DF,Rennes,Ligue 1,24,2000,20,16,1388.0,15.4,70.1,0.0,1,1,3,4,0.4,2.5,2.4,0.4,2.8,38,7,8,2,25.0,0.52,0.13,20.1,79.2,9722,3507,15,41,16,2,37,8,2.46,0.45,61,68,115,995,50,32.0,16,3146,1812,36,22,609,446,331,39,26,17,43,48,0,13,12,1,14,59,60.6,6,0,32,19,3
Dehmaine Assoumani,FRA,MF,Nantes,Ligue 1,19,2005,9,0,81.0,0.9,4.1,-1.11,0,0,0,0,0.1,1.0,0.9,0.1,1.0,6,0,3,2,66.7,3.33,0.0,26.1,80.0,537,138,4,1,2,0,4,2,6.67,0.0,4,1,14,67,4,75.0,3,264,142,6,3,40,34,23,6,6,1,7,3,0,1,4,2,3,8,40.0,0,0,1,3,0
Valentin Atangana Edoa,FRA,MF,Reims,Ligue 1,19,2005,22,22,1823.0,20.3,92.1,-0.39,0,0,0,0,0.8,0.4,0.4,0.8,1.2,33,1,18,1,5.6,0.89,0.0,22.2,87.2,9711,2565,8,48,6,2,15,0,1.63,0.05,28,69,22,954,39,33.3,13,3349,1575,36,12,604,502,161,27,44,26,70,34,0,21,18,4,33,80,55.8,6,0,34,32,3
Arthur Atta,FRA,MF,Udinese,Serie A,22,2003,15,2,419.0,4.7,18.6,-0.64,0,0,1,1,0.3,0.5,0.6,0.3,0.8,18,1,9,1,11.1,1.93,0.0,23.2,78.1,2803,630,7,17,2,0,9,1,3.86,0.21,9,21,25,272,14,64.3,9,936,389,7,6,197,157,91,14,11,0,11,4,1,4,6,1,4,16,56.3,2,0,6,5,0
Noah Atubolu,GER,GK,Freiburg,Bundesliga,22,2002,19,19,1710.0,19.0,86.4,-0.16,0,0,0,0,0.0,0.1,0.0,0.0,0.0,5,0,0,0,0.0,0.0,0.0,0.0,75.3,18124,13127,0,18,0,0,0,0,0.26,0.0,0,1,0,910,0,0.0,0,2757,1403,0,0,526,6,0,0,0,0,0,11,3,0,0,0,0,38,83.3,2,0,0,0,0
Emil Audero,ITA,GK,Como,Serie A,28,1997,8,8,720.0,8.0,32.0,-0.87,0,0,0,0,0.0,0.0,0.0,0.0,0.0,0,0,0,0,0.0,0.0,0.0,0.0,82.6,4830,3117,0,1,0,0,0,0,0.0,0.0,0,0,0,269,0,0.0,0,821,476,0,0,162,1,0,0,0,0,0,4,1,0,0,0,0,12,66.7,0,0,0,1,0
Tommaso Augello,ITA,DF,Cagliari,Serie A,30,1994,25,19,1667.0,18.5,74.1,-0.65,0,0,3,3,0.2,3.4,3.1,0.2,3.4,50,4,6,0,0.0,0.32,0.0,21.1,71.5,12931,5375,27,52,27,0,139,19,2.7,0.22,45,68,80,1174,33,60.6,20,2853,1516,17,13,636,427,365,8,30,14,44,60,0,15,10,3,15,84,63.4,2,0,8,6,2
Carlos Augusto,BRA,DF,Inter,Serie A,26,1999,18,7,903.0,10.0,40.1,1.4,2,2,1,3,1.1,1.0,0.8,1.1,1.9,10,1,10,3,30.0,1.0,0.2,11.4,86.2,7904,1924,4,30,5,1,12,3,1.0,0.1,13,38,49,669,5,20.0,1,1860,755,13,9,438,330,140,16,18,4,22,24,0,10,7,3,9,33,67.2,0,0,7,4,3
Yann Aurel Bisseck,GER,DF,Inter,Serie A,24,2000,15,10,934.0,10.4,41.5,1.54,1,1,1,2,1.5,0.9,0.5,1.5,2.0,12,2,11,1,9.1,1.06,0.09,11.1,92.2,11865,3094,5,52,4,0,6,1,1.16,0.19,22,56,27,852,9,22.2,2,3242,1578,7,2,674,483,111,23,10,9,19,32,1,10,2,2,7,37,72.7,3,0,7,5,1
Brandon Austin,ENG,GK,Tottenham,Premier League,26,1999,1,1,90.0,1.0,4.0,-1.0,0,0,0,0,0.0,0.0,0.0,0.0,0.0,0,0,0,0,0.0,0.0,0.0,0.0,68.8,526,386,0,0,0,0,0,0,0.0,0.0,0,0,0,36,0,0.0,0,104,46,0,0,16,0,0,0,0,0,0,1,0,0,0,0,0,1,100.0,0,0,0,2,0
Ezequiel Ávila,ARG,FW,Betis,La Liga,31,1994,16,6,591.0,6.6,27.4,0.3,2,2,0,2,1.5,1.0,1.0,1.5,2.5,32,3,20,10,50.0,3.05,0.1,17.9,71.9,2519,595,15,1,11,0,24,6,4.87,0.46,12,18,44,287,10,40.0,4,709,323,22,4,192,122,149,33,7,1,8,5,0,4,2,4,3,26,41.7,4,1,11,18,4
Taiwo Awoniyi,NGA,FW,Forest,Premier League,27,1997,19,2,257.0,2.9,11.4,-1.05,1,1,0,1,2.0,0.1,0.1,2.0,2.1,8,1,9,4,44.4,3.15,0.11,12.6,64.1,453,83,2,2,2,1,1,0,2.79,0.35,5,5,13,116,5,40.0,2,280,137,16,10,75,51,55,20,4,0,4,4,0,1,3,1,2,13,24.2,0,0,7,7,1
Yasin Ayari,SWE,MF,Brighton,Premier League,21,2003,21,14,1274.0,14.2,56.6,0.14,0,0,0,0,1.4,1.9,1.5,1.4,2.9,43,4,17,5,29.4,1.2,0.0,20.3,80.1,7517,2001,21,28,12,8,50,1,3.04,0.28,20,47,51,807,36,41.7,15,2073,921,26,18,518,406,229,34,40,15,55,16,0,16,22,7,21,86,33.3,3,0,26,18,3
Florian Ayé,FRA,FW,Auxerre,Ligue 1,28,1997,17,4,403.0,4.5,20.4,0.0,0,0,0,0,0.4,0.1,0.1,0.4,0.5,2,1,5,1,20.0,1.12,0.0,14.7,74.8,992,122,1,4,2,0,2,0,0.45,0.22,3,4,22,140,2,100.0,2,301,78,12,5,96,74,51,9,2,4,6,6,0,5,0,2,2,12,30.6,0,0,7,5,2
André Ayew,GHA,FW,Le Havre,Ligue 1,35,1989,15,9,874.0,9.7,44.1,-1.44,3,3,0,3,2.8,0.1,0.0,2.8,2.8,8,0,13,5,38.5,1.34,0.23,11.7,76.6,1448,141,1,2,0,0,2,0,0.82,0.0,3,12,20,250,11,27.3,3,409,113,20,23,154,137,86,23,10,2,12,12,0,7,4,4,7,16,33.3,2,0,8,22,3
Jordan Ayew,GHA,FW,Crystal Palace,Premier League,33,1991,1,0,21.0,0.2,0.9,-4.29,0,0,0,0,0.5,0.0,0.0,0.5,0.5,1,0,1,0,0.0,4.29,0.0,5.5,80.0,167,4,1,0,0,0,1,0,4.29,0.0,0,0,1,12,0,0.0,0,25,12,0,1,9,7,5,1,1,0,1,0,0,0,0,1,0,1,50.0,1,0,1,0,0
Jordan Ayew,GHA,FW,Leicester City,Premier League,33,1991,22,14,1244.0,13.8,0.9,-4.29,4,3,0,4,2.8,0.0,0.7,2.0,2.8,1,0,1,0,0.0,4.29,0.0,5.5,80.0,167,4,1,0,0,0,1,0,4.29,0.0,29,27,64,12,0,0.0,0,25,12,0,1,9,7,5,1,1,0,1,0,0,0,0,1,0,1,50.0,1,0,1,0,0
Neil El Aynaoui,FRA,MF,Lens,Ligue 1,23,2001,13,6,658.0,7.3,33.2,-0.14,1,1,0,1,0.6,0.6,0.9,0.6,1.5,15,0,6,1,16.7,0.82,0.17,17.4,86.5,5122,1461,8,28,5,1,18,2,2.05,0.0,7,38,14,500,10,20.0,2,980,396,10,10,328,265,116,6,17,8,25,13,0,16,5,1,12,40,57.1,2,0,13,12,0
Ayman Azhil,MAR,MF,Dortmund,Bundesliga,23,2001,1,0,24.0,0.3,1.2,0.0,0,0,0,0,0.0,0.0,0.0,0.0,0.0,0,0,0,0,0.0,0.0,0.0,0.0,75.0,32,17,0,1,0,0,0,0,0.0,0.0,0,1,1,9,1,0.0,0,12,0,1,1,5,4,3,0,1,0,1,0,0,0,0,0,1,2,0.0,1,0,2,0,1
Adam Aznou,MAR,MF,Valladolid,La Liga,18,2006,2,1,78.0,0.9,3.6,-3.46,0,0,0,0,0.0,0.0,0.0,0.0,0.0,2,0,0,0,0.0,0.0,0.0,0.0,63.6,171,57,0,2,0,0,1,0,2.31,0.0,0,2,3,36,4,75.0,3,109,23,3,2,16,23,6,0,3,1,4,0,0,1,0,0,2,4,100.0,1,0,1,3,0
Adam Aznou,MAR,DF,Bayern,Bundesliga,18,2006,2,0,17.0,0.2,3.6,-3.46,0,0,0,0,0.0,0.0,0.0,0.0,0.0,2,0,0,0,0.0,0.0,0.0,0.0,63.6,171,57,0,2,0,0,1,0,2.31,0.0,0,1,2,36,4,75.0,3,109,23,3,2,16,23,6,0,3,1,4,0,0,1,0,0,2,4,100.0,1,0,1,3,0
César Azpilicueta,ESP,DF,Atleti,La Liga,35,1989,7,6,525.0,5.8,24.3,1.03,0,0,0,0,0.2,0.3,0.0,0.2,0.2,3,0,4,1,25.0,0.69,0.0,15.6,87.6,5895,2391,0,30,3,1,3,1,0.51,0.0,7,42,8,464,1,100.0,1,1183,847,3,0,332,253,70,6,12,2,14,16,0,3,4,2,5,12,50.0,0,0,4,5,1
Paulo Azzi,BRA,DF,Cagliari,Serie A,30,1994,6,5,426.0,4.7,18.9,-0.85,0,0,0,0,0.5,0.7,0.9,0.5,1.4,15,0,8,3,37.5,1.69,0.0,16.8,70.0,2228,889,5,7,6,1,22,4,3.17,0.0,15,13,26,242,13,61.5,8,804,450,3,4,135,97,84,8,11,5,16,11,0,5,6,2,9,24,54.5,2,0,5,3,0
Oussama El Azzouzi,MAR,MF,Bologna,Serie A,23,2001,1,0,8.0,0.1,0.4,0.0,0,0,0,0,0.0,0.0,0.0,0.0,0.0,1,0,0,0,0.0,0.0,0.0,0.0,75.0,55,0,0,0,0,0,0,0,11.25,0.0,0,0,0,6,0,0.0,0,25,6,0,0,5,4,0,0,0,2,2,0,0,0,0,0,0,0,0.0,0,0,0,2,0
Papa Ba,ESP,MF,Girona,La Liga,20,2004,1,0,48.0,0.5,2.2,0.0,0,0,0,0,0.0,0.0,0.0,0.0,0.0,2,0,1,0,0.0,1.87,0.0,9.8,38.5,79,7,0,1,0,0,1,0,3.75,0.0,1,0,2,20,2,50.0,1,69,24,1,1,14,10,5,1,1,0,1,1,0,1,0,0,1,1,0.0,0,0,1,4,0
Shavy Babicka,GAB,MF,Toulouse,Ligue 1,24,2000,21,6,761.0,8.5,38.4,-0.24,4,4,1,5,2.6,1.8,1.4,2.6,4.0,24,2,14,6,42.9,1.66,0.29,14.8,68.6,1909,521,11,5,10,1,29,5,2.83,0.24,24,15,88,295,25,36.0,9,1106,618,18,14,206,94,176,35,15,2,17,4,2,11,6,4,10,39,25.0,1,0,11,14,2
Jacopo Bacci,ITA,MF,Empoli,Serie A,19,2005,2,0,11.0,0.1,0.5,-8.18,0,0,0,0,0.0,0.0,0.0,0.0,0.0,0,0,0,0,0.0,0.0,0.0,0.0,66.7,90,32,0,1,0,0,0,0,0.0,0.0,0,1,0,8,0,0.0,0,24,1,0,0,4,5,0,0,1,1,2,0,0,0,0,0,0,0,0.0,0,0,0,1,0
Aliou Badara Baldé,GUI,MF,Bochum,Bundesliga,22,2002,5,0,91.0,1.0,4.6,-2.97,0,0,0,0,0.2,0.2,0.2,0.2,0.4,3,0,4,1,25.0,3.96,0.0,26.5,55.0,187,62,2,1,2,1,4,1,2.93,0.0,2,1,5,43,9,22.2,2,207,129,5,3,29,18,25,2,1,0,1,0,0,2,0,0,1,3,0.0,1,0,1,0,2
Loïc Bade,FRA,DF,Sevilla,La Liga,24,2000,19,18,1641.0,18.2,76.0,-0.27,1,1,1,2,0.5,0.2,0.6,0.5,1.1,15,1,11,4,36.4,0.6,0.09,16.2,85.7,19718,7669,2,64,2,1,4,0,0.82,0.05,6,36,3,1354,15,73.3,11,3759,1867,13,5,938,518,40,14,36,19,55,80,1,14,9,0,21,91,68.3,5,0,17,2,0
Milan Badelj,CRO,MF,Genoa,Serie A,35,1989,20,18,1294.0,14.4,59.9,-0.28,1,1,0,1,1.0,0.9,1.1,1.0,2.1,23,1,14,2,14.3,0.97,0.07,21.0,80.9,10123,3360,12,68,9,4,5,0,1.6,0.07,7,76,12,880,15,46.7,7,1658,670,16,9,568,535,118,11,24,17,41,41,0,17,6,5,12,64,71.4,1,0,15,15,0
Benoît Badiashile,FRA,DF,Chelsea,Premier League,23,2001,4,2,249.0,2.8,11.1,1.08,0,0,0,0,0.0,0.1,0.0,0.0,0.0,0,0,0,0,0.0,0.0,0.0,0.0,89.7,3655,1115,0,21,1,0,0,0,0.0,0.0,3,16,2,245,1,0.0,0,514,288,1,0,178,136,11,0,6,6,12,6,1,2,3,0,4,15,85.7,0,0,6,2,0
Alex Baena,ESP,MF,Villarreal,La Liga,23,2001,22,21,1819.0,20.2,84.2,0.74,6,6,6,12,5.5,8.9,7.8,4.7,12.5,124,15,45,12,26.7,2.23,0.13,20.5,66.5,12409,4628,68,74,52,12,145,13,6.14,0.74,63,135,112,1120,39,35.9,14,3901,2274,30,26,739,459,536,58,18,18,36,14,2,26,10,4,10,96,39.3,8,0,28,31,4
Juma Bah,SLE,DF,Valladolid,La Liga,18,2006,12,10,864.0,9.6,40.0,-1.25,0,0,0,0,0.3,0.0,0.0,0.3,0.3,2,0,3,1,33.3,0.31,0.0,9.1,81.1,6294,2123,1,15,0,0,0,0,0.21,0.0,0,13,1,523,4,75.0,3,1091,459,3,5,316,194,10,8,10,12,22,60,0,15,3,0,7,35,70.5,1,0,6,6,0
Juma Bah,SLE,DF,Lens,Ligue 1,18,2006,2,0,17.0,0.2,40.0,-1.25,0,0,0,0,0.0,0.0,0.0,0.0,0.0,2,0,3,1,33.3,0.31,0.0,9.1,81.1,6294,2123,1,15,0,0,0,0,0.21,0.0,0,0,0,523,4,75.0,3,1091,459,3,5,316,194,10,8,10,12,22,60,0,15,3,0,7,35,70.5,1,0,6,6,0
Leon Bailey,JAM,FW,Aston Villa,Premier League,27,1997,20,13,1035.0,11.5,46.0,0.35,1,1,2,3,1.5,2.9,1.5,1.5,3.0,36,4,24,5,20.8,2.09,0.04,17.5,70.7,3898,971,16,14,19,5,33,2,3.14,0.35,51,32,107,492,53,35.8,19,2340,1199,30,24,354,142,292,62,6,3,9,10,0,6,3,2,4,50,42.9,2,0,10,18,3
Eric Bailly,CIV,DF,Villarreal,La Liga,30,1994,10,7,580.0,6.4,26.9,-0.47,0,0,0,0,0.3,0.0,0.0,0.3,0.3,2,0,4,0,0.0,0.62,0.0,7.8,87.3,4684,1808,0,18,0,0,0,0,0.31,0.0,1,18,0,370,3,100.0,3,1004,501,6,1,236,179,13,5,11,6,17,26,0,11,6,0,3,17,61.1,2,0,6,1,0
Theo Bair,CAN,FW,Auxerre,Ligue 1,25,1999,19,5,519.0,5.8,26.2,0.17,1,1,1,2,1.7,0.8,1.2,1.7,2.9,16,1,12,7,58.3,2.08,0.08,12.2,63.6,1106,274,10,8,0,0,4,0,2.77,0.17,6,13,24,198,3,33.3,1,348,163,12,3,133,88,97,29,3,1,4,5,0,6,2,1,2,8,55.6,1,0,13,3,6
Stefan Bajcetic,ESP,MF,Las Palmas,La Liga,20,2004,3,2,188.0,2.1,8.7,-1.91,1,1,0,1,0.2,0.1,0.1,0.2,0.3,5,0,1,1,100.0,0.48,1.0,17.2,72.8,1158,244,2,4,3,0,0,0,2.39,0.0,3,10,2,122,6,66.7,4,255,113,7,3,75,77,29,3,4,1,5,5,0,4,2,2,3,7,40.0,0,0,4,3,0
Cédric Bakambu,COD,FW,Betis,La Liga,33,1991,15,5,505.0,5.6,23.4,0.89,1,1,2,3,2.4,0.7,0.6,2.4,3.0,9,1,18,7,38.9,3.21,0.06,13.1,62.2,612,126,8,8,4,1,2,0,1.6,0.18,4,9,33,146,5,20.0,1,263,121,15,9,105,57,81,25,3,0,3,3,0,7,3,0,2,12,33.3,4,0,15,5,9
Mitchel Bakker,NED,MF,Atalanta,Serie A,24,2000,1,0,22.0,0.2,1.0,0.0,0,0,0,0,0.0,0.0,0.0,0.0,0.0,0,0,0,0,0.0,0.0,0.0,0.0,77.8,109,22,0,1,0,0,1,0,0.0,0.0,0,1,1,10,0,0.0,0,23,15,0,0,7,5,3,0,1,0,1,0,0,0,0,0,0,2,50.0,0,0,1,0,0
Mitchel Bakker,NED,DF,Lille,Ligue 1,24,2000,15,7,678.0,7.5,1.0,0.0,2,2,2,4,2.5,0.0,2.3,2.5,4.8,0,0,0,0,0.0,0.0,0.0,0.0,77.8,109,22,0,1,0,0,1,0,0.0,0.0,29,32,79,10,0,0.0,0,23,15,0,0,7,5,3,0,1,0,1,0,0,0,0,0,0,2,50.0,0,0,1,0,0
Darryl Bakola,FRA,DF,Marseille,Ligue 1,17,2007,1,0,12.0,0.1,0.6,-22.5,0,0,0,0,0.0,0.0,0.0,0.0,0.0,0,0,0,0,0.0,0.0,0.0,0.0,90.0,134,33,0,0,0,0,0,0,0.0,0.0,0,0,0,11,0,0.0,0,27,23,0,0,9,5,3,0,1,0,1,0,0,0,1,0,1,1,0.0,1,0,2,0,0
Ridle Baku,GER,FW,Wolfsburg,Bundesliga,26,1998,15,14,1170.0,13.0,59.1,0.31,2,2,1,3,1.5,1.6,1.3,1.5,2.7,31,4,18,6,33.3,1.38,0.11,19.9,74.1,6541,1845,13,33,14,3,37,6,2.38,0.31,16,44,78,646,20,45.0,9,1626,643,15,10,391,307,234,34,23,15,38,15,0,22,9,5,15,68,23.8,2,0,13,10,1
Ridle Baku,GER,DF,RB Leipzig,Bundesliga,26,1998,7,5,454.0,5.0,59.1,0.31,0,0,0,0,0.2,1.6,0.1,0.2,0.3,31,4,18,6,33.3,1.38,0.11,19.9,74.1,6541,1845,13,33,14,3,37,6,2.38,0.31,7,9,35,646,20,45.0,9,1626,643,15,10,391,307,234,34,23,15,38,15,0,22,9,5,15,68,23.8,2,0,13,10,1
Dilane Bakwa,FRA,MF,Strasbourg,Ligue 1,22,2002,19,18,1578.0,17.5,79.7,0.11,3,3,6,9,3.7,3.9,4.5,3.7,8.3,69,10,36,16,44.4,2.05,0.08,21.3,72.8,8030,2459,34,39,28,7,83,8,3.94,0.57,66,73,149,843,73,32.9,24,3671,1860,33,25,620,357,394,45,18,9,27,22,0,14,5,5,11,55,63.6,1,0,14,54,3
Tommaso Baldanzi,ITA,MF,Roma,Serie A,21,2003,19,2,531.0,5.9,23.6,0.34,1,1,1,2,1.1,0.4,0.3,1.1,1.4,23,3,14,1,7.1,2.37,0.07,19.5,81.6,2369,425,6,13,3,1,5,0,3.89,0.51,24,12,36,306,25,32.0,8,1293,654,10,3,209,117,164,28,10,4,14,6,0,3,3,2,2,35,50.0,1,0,4,11,0
Alejandro Balde,ESP,DF,Barcelona,La Liga,21,2003,21,19,1609.0,17.9,77.7,2.01,0,0,3,3,0.4,1.6,2.2,0.4,2.5,57,10,10,2,20.0,0.56,0.0,21.4,87.3,13480,2805,18,36,29,1,46,9,3.19,0.56,73,64,175,1191,84,40.5,34,4826,2391,32,22,858,598,393,28,10,5,15,16,0,14,3,1,5,77,52.9,1,0,11,32,0
Keita Baldé,SEN,FW,Monza,Serie A,29,1995,1,0,12.0,0.1,0.5,0.0,0,0,0,0,0.0,0.0,0.0,0.0,0.0,0,0,0,0,0.0,0.0,0.0,0.0,100.0,62,0,0,0,0,0,0,0,0.0,0.0,0,0,1,6,0,0.0,0,14,2,2,0,7,3,3,0,0,0,0,0,0,0,0,0,0,0,0.0,0,0,1,2,0
Carlos Baleba,CMR,MF,Brighton,Premier League,21,2004,21,19,1603.0,17.8,71.2,0.56,2,2,1,3,1.3,0.6,0.7,1.3,2.0,42,3,30,7,23.3,1.68,0.07,25.7,87.3,10841,2832,14,74,15,4,4,1,2.36,0.17,28,77,17,962,37,54.1,20,3093,1551,25,24,567,566,205,7,54,34,88,20,0,26,27,11,29,119,64.1,7,1,29,29,0
Leonardo Balerdi,ARG,DF,Marseille,Ligue 1,26,1999,19,19,1624.0,18.0,82.0,1.11,0,0,0,0,0.6,0.7,0.7,0.6,1.3,21,2,8,1,12.5,0.44,0.0,17.1,94.2,31141,11669,6,117,4,1,0,0,1.16,0.11,8,84,3,2129,13,76.9,10,6083,3920,14,12,1711,1307,56,12,36,26,62,50,4,22,11,4,25,108,65.1,7,1,21,12,0
Iván Balliu,ALB,DF,Rayo,La Liga,33,1992,17,7,743.0,8.3,35.9,-0.24,0,0,0,0,0.0,0.2,0.4,0.0,0.4,11,1,0,0,0.0,0.0,0.0,0.0,73.7,4594,2020,5,24,3,0,11,1,1.33,0.12,6,25,11,429,4,50.0,2,591,262,8,1,207,189,88,5,10,7,17,21,0,8,5,3,8,26,30.8,2,0,12,4,0
Fodé Ballo-Touré,SEN,DF,Le Havre,Ligue 1,28,1997,1,1,27.0,0.3,1.4,0.0,0,0,0,0,0.0,0.0,0.0,0.0,0.0,0,0,0,0,0.0,0.0,0.0,0.0,100.0,215,37,0,1,0,0,0,0,0.0,0.0,1,0,3,19,0,0.0,0,99,60,2,0,15,11,4,0,0,1,1,0,0,0,0,0,0,2,0.0,0,0,1,0,0
Botond Balogh,HUN,DF,Parma,Serie A,22,2002,21,19,1631.0,18.1,72.5,-0.28,0,0,1,1,0.2,0.2,0.1,0.2,0.3,8,2,2,0,0.0,0.11,0.0,6.3,90.1,14091,4131,2,20,0,0,1,0,0.44,0.11,7,31,1,1017,0,0.0,0,2318,1227,9,1,602,393,20,7,26,22,48,117,2,30,9,0,9,53,51.1,4,0,14,6,0
Folarin Balogun,USA,FW,Monaco,Ligue 1,23,2001,7,6,469.0,5.2,23.7,1.15,3,3,0,3,3.8,1.1,0.9,3.8,4.7,16,2,23,6,26.1,4.41,0.13,12.3,68.1,752,120,6,5,1,0,3,0,3.07,0.38,13,9,57,157,9,33.3,3,561,275,26,7,134,60,95,42,0,0,0,0,0,0,0,0,0,7,8.3,0,0,4,6,4
Mario Balotelli,ITA,FW,Genoa,Serie A,34,1990,6,0,62.0,0.7,2.9,1.45,0,0,0,0,0.0,0.0,0.0,0.0,0.0,0,0,2,0,0.0,2.9,0.0,30.5,26.7,102,18,0,0,0,0,3,0,0.0,0.0,0,1,5,23,0,0.0,0,46,23,1,0,16,7,12,1,0,0,0,1,0,0,0,0,0,1,50.0,2,0,2,2,0
Abdoulaye Bamba,CIV,DF,Angers,Ligue 1,34,1990,11,8,790.0,8.8,39.9,-0.8,0,0,0,0,0.0,0.3,0.3,0.0,0.3,8,0,0,0,0.0,0.0,0.0,0.0,87.7,6039,2119,6,16,4,1,3,3,0.91,0.0,1,11,3,422,1,100.0,1,1086,483,2,1,280,187,19,1,14,10,24,37,0,8,2,1,7,23,53.3,2,0,4,4,0
Jonathan Bamba,CIV,FW,Celta Vigo,La Liga,28,1996,12,10,811.0,9.0,37.5,-1.11,0,0,1,1,0.8,1.6,1.8,0.8,2.6,28,4,13,6,46.2,1.44,0.0,18.4,78.8,4015,1041,12,20,13,3,25,6,3.11,0.44,31,30,71,468,38,39.5,15,1885,936,20,13,351,235,170,21,12,5,17,6,0,6,6,2,7,52,33.3,1,0,7,17,4
Mohamed Bamba,CIV,MF,Reims,Ligue 1,20,2004,2,0,10.0,0.1,0.5,-9.0,0,0,0,0,0.0,0.0,0.0,0.0,0.0,0,0,0,0,0.0,0.0,0.0,0.0,84.2,336,82,0,3,0,0,0,0,0.0,0.0,0,3,0,22,0,0.0,0,38,18,0,0,17,12,2,0,0,0,0,1,0,2,0,0,0,0,0.0,0,0,0,0,0
Samuel Bamba,GER,FW,Bochum,Bundesliga,21,2004,3,0,10.0,0.1,0.5,0.0,0,0,0,0,0.1,0.0,0.0,0.1,0.1,1,0,1,1,100.0,9.0,0.0,11.6,72.7,126,24,1,1,0,0,3,0,9.0,0.0,2,1,6,17,3,33.3,1,95,38,3,0,14,7,11,1,0,0,0,0,0,0,0,0,0,2,50.0,0,0,0,0,1
Lameck Banda,ZAM,FW,Lecce,Serie A,24,2001,10,6,500.0,5.6,22.2,-1.08,0,0,1,1,0.7,0.7,0.9,0.7,1.6,18,1,11,2,18.2,1.98,0.0,19.6,78.4,1423,266,9,1,5,1,21,3,3.24,0.18,20,5,36,196,24,33.3,8,1304,680,13,7,132,75,93,16,5,1,6,6,0,6,1,0,4,21,15.4,1,0,8,18,2
Daniel Bandeira,POR,MF,Hellas Verona,Serie A,24,2000,11,4,407.0,4.5,18.1,-1.33,0,0,0,0,0.0,0.1,0.1,0.0,0.2,6,0,2,1,50.0,0.44,0.0,31.1,82.6,3055,966,3,18,1,0,8,0,1.33,0.0,1,25,4,266,1,100.0,1,750,352,4,6,167,171,24,0,4,6,10,8,0,2,3,0,0,36,70.0,1,0,4,4,0
Mattia Bani,ITA,DF,Genoa,Serie A,31,1993,14,14,1099.0,12.2,50.9,-0.33,0,0,0,0,0.3,0.1,0.2,0.3,0.5,6,2,4,2,50.0,0.33,0.0,11.2,88.3,11322,4209,2,11,1,0,3,1,0.49,0.16,6,19,3,745,4,50.0,2,1752,840,2,2,512,245,12,5,11,18,29,59,2,7,2,0,6,41,45.7,2,0,3,6,1
Noahkai Banks,USA,DF,Augsburg,Bundesliga,18,2006,6,2,264.0,2.9,13.3,-0.34,0,0,0,0,0.1,0.0,0.0,0.1,0.1,1,0,1,0,0.0,0.34,0.0,10.2,92.7,2841,797,0,5,1,0,2,0,0.34,0.0,2,8,3,221,1,0.0,0,578,253,1,1,129,123,14,2,11,5,16,24,0,4,4,1,5,12,50.0,1,0,2,1,0
Scott Banks,SCO,FW,St. Pauli,Bundesliga,23,2001,11,0,101.0,1.1,5.1,-0.89,0,0,0,0,0.3,0.1,0.1,0.3,0.3,4,1,3,0,0.0,2.67,0.0,11.5,61.3,258,67,1,0,0,0,5,0,3.6,0.9,3,1,8,46,7,28.6,2,141,59,0,2,25,11,25,6,1,2,3,2,0,0,0,0,1,4,16.7,1,0,2,4,0
Adrian Baquerin,ESP,FW,Valladolid,La Liga,17,2007,1,0,3.0,0.0,0.1,0.0,0,0,0,0,0.0,0.0,0.0,0.0,0.0,0,0,0,0,0.0,0.0,0.0,0.0,0.0,0,0,0,0,0,0,0,0,0.0,0.0,0,0,0,2,1,0.0,0,4,1,1,0,1,2,0,0,0,0,0,0,0,0,0,0,0,0,0.0,0,0,0,1,0
Antonín Barák,CZE,MF,Fiorentina,Serie A,30,1994,1,1,54.0,0.6,2.4,0.0,0,0,0,0,0.1,0.1,0.3,0.1,0.4,3,0,2,2,100.0,3.33,0.0,25.7,85.0,228,77,3,1,1,0,1,0,5.0,0.0,2,2,5,25,1,0.0,0,117,35,1,0,20,11,12,3,2,0,2,0,0,1,2,0,0,2,0.0,0,0,0,0,0
Federico Barba,ITA,DF,Como,Serie A,31,1993,7,5,431.0,4.8,19.2,-1.25,0,0,0,0,0.2,0.0,0.0,0.2,0.2,3,0,2,1,50.0,0.42,0.0,8.9,88.4,4163,1406,0,18,2,0,3,0,0.63,0.0,5,25,5,320,0,0.0,0,999,567,1,1,215,144,21,5,2,4,6,15,0,2,1,0,2,19,38.5,0,0,3,1,0
Valentín Barco,ARG,DF,Sevilla,La Liga,20,2004,7,3,288.0,3.2,0.0,0.0,0,0,0,0,0.3,0.3,0.6,0.3,0.9,10,0,7,0,0.0,2.19,0.0,27.8,72.8,2140,895,6,12,3,2,24,0,3.12,0.0,4,13,13,236,13,23.1,3,545,254,6,4,142,92,100,3,15,2,17,5,0,0,3,4,9,16,0.0,0,0,7,5,0
Valentín Barco,ARG,DF,Strasbourg,Ligue 1,20,2004,2,2,160.0,1.8,0.0,0.0,0,0,1,1,0.0,0.3,0.6,0.0,0.6,10,0,7,0,0.0,2.19,0.0,27.8,72.8,2140,895,6,12,3,2,24,0,3.12,0.0,1,10,19,236,13,23.1,3,545,254,6,4,142,92,100,3,15,2,17,5,0,0,3,4,9,16,0.0,0,0,7,5,0
Bradley Barcola,FRA,FW,PSG,Ligue 1,22,2002,22,19,1451.0,16.1,73.3,1.98,11,11,5,16,10.6,3.4,6.9,10.6,17.5,62,13,56,27,48.2,3.47,0.2,12.8,82.6,6528,1374,29,17,27,4,15,2,3.85,0.81,95,56,244,842,95,27.4,26,3870,2323,47,12,668,250,543,144,21,9,30,6,0,19,6,7,12,45,58.8,1,0,21,15,4
Melvin Bard,FRA,DF,Nice,Ligue 1,24,2000,15,13,1139.0,12.7,57.5,1.19,1,1,0,1,1.4,0.9,0.9,1.4,2.3,20,1,12,5,41.7,0.95,0.08,16.5,75.1,7906,2840,7,40,10,4,34,4,1.58,0.08,27,46,45,788,24,50.0,12,2238,1248,16,8,446,361,156,18,38,17,55,38,2,17,11,2,24,73,53.8,4,1,10,10,0
Nicolò Barella,ITA,MF,Inter,Serie A,28,1997,22,21,1659.0,18.4,73.7,1.52,3,3,5,8,1.8,3.4,3.3,1.8,5.1,78,13,32,8,25.0,1.74,0.09,23.8,82.1,18066,5112,37,119,31,15,46,7,4.18,0.7,44,151,83,1410,35,45.7,16,4799,2173,20,30,1085,774,438,27,34,10,44,9,1,16,15,8,21,112,51.4,3,0,18,22,3
Gabriel Bares,SUI,MF,Montpellier,Ligue 1,24,2000,6,0,56.0,0.6,2.8,0.0,0,0,0,0,0.0,0.0,0.0,0.0,0.0,0,0,0,0,0.0,0.0,0.0,0.0,85.0,590,199,0,5,0,0,1,0,0.0,0.0,1,3,0,49,2,50.0,1,136,31,0,1,33,32,8,2,2,1,3,3,0,0,0,0,2,1,0.0,0,0,0,1,0
Borna Barišić,CRO,DF,Leganés,La Liga,32,1992,1,1,9.0,0.1,0.4,0.0,0,0,0,0,0.0,0.0,0.0,0.0,0.0,0,0,0,0,0.0,0.0,0.0,0.0,75.0,48,2,0,0,0,0,0,0,0.0,0.0,0,0,0,4,0,0.0,0,6,1,0,0,3,2,2,0,0,0,0,0,0,0,0,0,0,0,0.0,0,0,0,0,0
Kike Barja,ESP,FW,Osasuna,La Liga,27,1997,7,3,200.0,2.2,9.3,1.35,0,0,0,0,0.2,0.4,0.5,0.2,0.7,10,1,3,1,33.3,1.35,0.0,19.3,61.2,723,200,5,1,4,0,21,4,4.5,0.45,13,2,26,103,8,62.5,5,431,187,13,3,66,26,60,11,3,3,6,2,0,4,2,0,3,6,66.7,2,0,7,4,0
Ross Barkley,ENG,MF,Aston Villa,Premier League,31,1993,16,3,554.0,6.2,24.6,0.16,3,3,1,4,1.7,0.4,0.6,1.7,2.3,16,3,14,4,28.6,2.27,0.21,13.8,86.4,4962,1155,8,29,6,0,1,0,2.6,0.49,14,32,8,429,10,80.0,8,1377,640,5,8,302,255,112,17,13,9,22,5,0,9,9,0,3,40,60.0,3,0,8,3,0
Aymen Barkok,MAR,MF,Mainz 05,Bundesliga,26,1998,4,0,73.0,0.8,3.7,-1.23,0,0,0,0,0.0,0.3,0.1,0.0,0.1,2,0,0,0,0.0,0.0,0.0,0.0,70.3,506,182,1,7,3,0,5,1,2.47,0.0,2,5,6,47,3,0.0,0,139,75,0,0,29,22,17,1,2,2,4,0,0,1,1,0,1,4,28.6,0,0,2,1,0
Harvey Barnes,ENG,FW,Newcastle,Premier League,27,1997,20,6,782.0,8.7,34.8,0.0,5,5,1,6,3.0,2.8,2.4,3.0,5.4,31,4,28,10,35.7,3.22,0.18,14.6,78.1,3121,1009,11,9,20,1,23,4,3.55,0.46,42,41,82,374,28,42.9,12,2011,1088,16,10,305,128,197,57,10,4,14,5,1,4,4,3,6,29,27.3,0,0,8,11,2
Enzo Barrenechea,ARG,MF,Valencia,La Liga,23,2001,17,14,1150.0,12.8,53.2,0.08,1,1,1,2,0.9,0.7,0.4,0.9,1.3,21,5,6,1,16.7,0.47,0.17,10.9,84.3,9392,2423,8,62,4,1,1,0,1.64,0.39,9,46,8,761,12,33.3,4,1346,573,13,11,464,486,83,11,30,13,43,27,1,20,12,3,16,58,57.1,5,0,15,15,0
Ander Barrenetxea,ESP,MF,Real Sociedad,La Liga,23,2001,19,8,805.0,8.9,37.3,-0.34,1,1,2,3,1.4,1.5,1.1,1.4,2.5,29,3,19,5,26.3,2.12,0.05,14.9,72.8,4204,940,12,16,19,1,31,3,3.24,0.33,33,35,108,498,45,35.6,16,1998,869,34,18,350,165,266,50,16,7,23,13,0,11,7,4,13,60,53.8,4,0,21,8,1
Pablo Barrios,ESP,MF,Atleti,La Liga,21,2003,19,18,1488.0,16.5,68.9,1.09,0,0,2,2,0.9,1.3,1.3,0.9,2.3,42,7,23,5,21.7,1.39,0.0,24.0,85.7,12983,3422,17,84,13,3,20,2,2.54,0.42,17,91,48,1138,26,61.5,16,3143,1451,30,14,839,606,278,21,29,21,50,23,4,9,15,1,18,85,64.7,3,1,20,17,0
Thierno Barry,FRA,FW,Villarreal,La Liga,22,2002,23,16,1477.0,16.4,68.4,0.79,8,7,3,11,9.2,1.2,2.2,8.4,10.6,32,3,49,16,32.7,2.99,0.14,12.0,61.1,1894,293,16,7,9,1,3,1,1.95,0.18,23,16,84,417,30,26.7,8,1400,568,59,19,318,167,233,76,10,0,10,11,0,13,5,3,7,26,66.3,2,0,29,31,16
Davide Bartesaghi,ITA,DF,Milan,Serie A,19,2005,2,0,50.0,0.6,2.3,1.8,0,0,0,0,0.0,0.1,0.1,0.0,0.1,1,0,0,0,0.0,0.0,0.0,0.0,72.4,316,93,1,0,1,0,5,1,1.8,0.0,2,0,10,34,2,0.0,0,69,44,0,0,20,11,17,1,2,1,3,0,0,1,1,0,1,1,100.0,0,1,1,0,1
Marc Bartra,ESP,DF,Betis,La Liga,34,1991,13,12,1106.0,12.3,51.2,0.0,2,2,0,2,0.8,0.1,0.0,0.8,0.8,5,1,10,4,40.0,0.81,0.2,20.6,79.2,10683,3897,0,35,4,2,0,0,0.41,0.08,4,38,1,821,9,44.4,4,2019,1312,6,3,497,301,36,11,15,23,38,82,0,17,3,0,10,54,56.3,1,0,8,10,0
Federico Baschirotto,ITA,DF,Lecce,Serie A,28,1996,25,25,2250.0,25.0,100.0,-0.92,0,0,0,0,0.6,0.2,0.0,0.6,0.7,10,0,12,4,33.3,0.48,0.0,11.7,87.2,20151,7009,2,29,1,0,2,0,0.4,0.0,8,43,4,1382,4,75.0,3,3202,1656,8,0,811,494,41,21,27,17,44,126,0,33,5,2,18,65,58.9,2,0,24,5,0
Daniele Baselli,ITA,MF,Como,Serie A,32,1992,2,1,22.0,0.2,1.0,-4.09,0,0,0,0,0.0,0.0,0.0,0.0,0.0,0,0,0,0,0.0,0.0,0.0,0.0,88.9,437,123,0,2,0,0,0,0,0.0,0.0,2,4,0,31,0,0.0,0,134,45,1,0,24,23,2,0,0,1,1,1,0,0,0,0,0,0,0.0,0,0,0,1,0
Calvin Bassey,NGA,DF,Fulham,Premier League,25,1999,24,24,2160.0,24.0,96.0,0.21,1,1,0,1,1.1,0.3,0.1,1.1,1.1,14,2,13,4,30.8,0.54,0.08,15.2,89.6,24073,8364,2,100,0,0,4,0,0.58,0.08,19,76,11,1742,20,40.0,8,5411,2959,22,6,1216,807,94,14,34,14,48,75,5,31,14,0,21,115,52.7,5,0,15,24,2
Aboubacar Bassinga,CIV,MF,Las Palmas,La Liga,19,2005,1,0,4.0,0.0,0.2,0.0,0,0,0,0,0.0,0.0,0.0,0.0,0.0,0,0,0,0,0.0,0.0,0.0,0.0,50.0,53,0,0,0,0,1,0,0,0.0,0.0,0,0,0,4,0,0.0,0,11,4,0,1,3,4,0,0,0,0,0,0,0,0,0,0,0,0,0.0,0,0,1,0,0
Alessandro Bastoni,ITA,DF,Inter,Serie A,25,1999,24,23,1765.0,19.6,78.4,1.73,1,1,4,5,0.5,2.0,2.1,0.5,2.5,50,10,8,2,25.0,0.41,0.13,12.8,88.8,27635,8259,21,103,32,3,48,17,2.55,0.51,43,120,56,1845,14,42.9,6,6292,3821,22,2,1379,931,323,15,35,17,52,37,1,14,14,5,17,69,62.7,3,0,31,30,1
Augusto Batalla,ARG,GK,Rayo,La Liga,28,1996,18,18,1620.0,18.0,78.3,0.17,0,0,0,0,0.0,0.0,0.0,0.0,0.0,2,0,0,0,0.0,0.0,0.0,0.0,64.1,11723,8402,0,15,0,0,0,0,0.11,0.0,0,2,0,668,4,100.0,4,1915,1203,1,0,320,9,0,0,2,0,2,5,3,0,0,0,1,24,100.0,3,0,0,3,0
Michy Batshuayi,BEL,FW,Eint Frankfurt,Bundesliga,31,1993,1,1,56.0,0.6,2.8,0.0,0,0,0,0,0.0,0.1,0.0,0.0,0.0,3,0,0,0,0.0,0.0,0.0,0.0,70.0,62,18,1,0,0,0,1,0,4.82,0.0,1,0,3,17,3,66.7,2,68,31,1,0,10,9,6,3,0,1,1,0,0,0,0,0,0,4,0.0,1,0,1,1,1
Dylan Batubinsika,COD,DF,Saint-Etienne,Ligue 1,29,1996,21,19,1721.0,19.1,86.9,-1.15,0,0,0,0,0.5,0.3,0.1,0.5,0.7,7,0,5,1,20.0,0.26,0.0,11.5,90.9,16550,5110,3,37,3,1,1,1,0.37,0.0,9,43,1,1216,8,62.5,5,3500,1961,6,1,792,523,19,6,20,34,54,122,3,22,4,1,11,63,68.6,2,1,22,12,0
Maximilian Bauer,GER,DF,Augsburg,Bundesliga,25,2000,11,8,658.0,7.3,33.2,-0.96,0,0,0,0,0.2,0.1,0.1,0.2,0.3,4,0,1,1,100.0,0.14,0.0,7.2,80.9,5313,1982,2,31,2,0,4,2,0.55,0.0,4,30,7,422,0,0.0,0,991,539,6,2,260,222,24,3,14,6,20,35,1,10,7,2,8,20,61.3,1,0,7,13,0
Oliver Baumann,GER,GK,Hoffenheim,Bundesliga,34,1990,18,18,1620.0,18.0,81.8,-0.67,0,0,0,0,0.0,0.5,0.8,0.0,0.8,7,0,0,0,0.0,0.0,0.0,0.0,73.8,13868,10136,2,18,1,3,0,0,0.39,0.0,0,1,0,749,0,0.0,0,1927,1106,0,0,389,12,0,0,1,0,1,8,0,0,0,0,1,36,100.0,0,0,0,4,0
Christoph Baumgartner,AUT,MF,RB Leipzig,Bundesliga,25,1999,22,12,1128.0,12.5,57.0,-0.24,2,2,1,3,2.6,1.1,1.1,2.6,3.7,30,6,22,11,50.0,1.76,0.09,13.6,68.0,4077,1101,14,15,11,5,6,1,2.4,0.48,21,29,63,612,29,41.4,12,1710,931,27,22,370,299,201,43,29,11,40,15,1,27,16,7,17,64,45.6,4,0,32,19,4
Rafael Bauza,ESP,MF,Espanyol,La Liga,20,2005,5,2,183.0,2.0,8.5,-3.44,0,0,0,0,0.1,0.0,0.0,0.1,0.1,1,0,3,0,0.0,1.48,0.0,23.3,85.2,779,192,0,3,1,1,0,0,0.49,0.0,1,7,3,74,2,50.0,1,193,102,1,0,42,39,14,1,5,0,5,5,0,3,1,1,3,4,60.0,1,0,8,0,0
Adrian Beck,GER,MF,Heidenheim,Bundesliga,27,1997,20,8,725.0,8.1,36.6,-0.37,2,2,1,3,1.7,1.1,0.8,1.7,2.6,28,3,15,5,33.3,1.86,0.13,19.2,77.6,4730,1011,10,24,9,0,22,4,3.49,0.37,10,29,37,463,26,53.8,14,1215,410,18,16,251,234,135,22,18,5,23,13,0,22,7,0,7,68,62.5,0,0,5,5,0
Sheraldo Becker,SUR,FW,Real Sociedad,La Liga,30,1995,19,10,911.0,10.1,42.2,-0.2,2,2,1,3,1.8,1.7,2.0,1.8,3.8,20,1,21,12,57.1,2.07,0.1,19.3,63.1,3111,737,8,6,17,0,59,5,1.98,0.1,46,23,99,346,10,40.0,4,1741,956,17,3,268,101,212,33,2,1,3,9,0,4,2,0,2,29,31.8,1,1,8,13,9
Timo Becker,GER,DF,Holstein Kiel,Bundesliga,27,1997,18,18,1530.0,17.0,77.3,-1.18,0,0,2,2,1.1,0.8,0.8,1.1,1.9,16,6,12,4,33.3,0.71,0.0,18.3,76.5,9005,3630,5,25,4,0,12,2,0.94,0.35,16,29,27,797,15,40.0,6,1971,932,18,9,395,293,84,18,28,11,39,66,0,21,8,2,19,65,50.0,1,0,6,5,0
Jan Bednarek,POL,DF,Southampton,Premier League,28,1996,21,21,1872.0,20.8,83.2,-1.44,2,2,0,2,0.7,0.8,0.5,0.7,1.1,14,0,5,2,40.0,0.24,0.4,16.0,92.3,22647,7644,4,64,0,0,0,0,0.67,0.0,4,51,1,1673,3,100.0,3,3073,1455,9,3,1084,773,36,13,28,47,75,131,5,35,12,0,15,88,65.2,5,0,27,9,0
Donny van de Beek,NED,MF,Girona,La Liga,27,1997,19,14,1197.0,13.3,55.4,0.15,2,2,2,4,1.2,2.8,3.0,1.2,4.2,21,2,13,3,23.1,0.98,0.15,13.7,82.7,4520,863,13,20,6,2,9,0,1.58,0.15,13,38,76,495,11,45.5,5,1147,431,12,14,341,218,187,48,27,6,33,9,0,16,7,4,16,41,46.7,4,0,19,7,3
Hannes Behrens,GER,DF,Hoffenheim,Bundesliga,19,2005,1,0,29.0,0.3,1.5,3.1,0,0,0,0,0.0,0.0,0.0,0.0,0.0,2,0,0,0,0.0,0.0,0.0,0.0,72.7,253,33,0,0,0,0,0,0,6.21,0.0,0,1,7,27,1,100.0,1,59,25,2,0,13,11,14,2,1,2,3,0,0,1,1,0,1,3,100.0,0,0,0,1,0
Kevin Behrens,GER,FW,Wolfsburg,Bundesliga,34,1991,12,0,118.0,1.3,6.0,2.29,1,1,0,1,1.3,0.1,0.1,1.3,1.3,4,0,6,2,33.3,4.58,0.17,11.6,56.6,444,85,1,1,0,0,0,0,3.05,0.0,2,1,14,68,1,0.0,0,129,73,3,1,52,23,38,11,1,0,1,2,0,0,1,0,1,8,50.0,2,0,1,0,0
Maximilian Beier,GER,FW,Dortmund,Bundesliga,22,2002,21,10,1031.0,11.5,52.1,0.44,4,4,2,6,3.4,1.0,1.8,3.4,5.2,35,4,20,6,30.0,1.75,0.2,14.3,70.7,2270,558,14,9,8,1,7,2,3.05,0.35,11,21,73,396,37,35.1,13,940,415,27,18,255,152,195,44,19,5,24,10,1,12,7,6,12,32,56.5,2,0,13,9,6
Ismael Bekhoucha,MAR,MF,Getafe,La Liga,20,2004,1,0,1.0,0.0,0.0,0.0,0,0,0,0,0.0,0.0,0.0,0.0,0.0,0,0,0,0,0.0,0.0,0.0,0.0,0.0,0,0,0,0,0,0,0,0,0.0,0.0,0,0,0,4,0,0.0,0,2,1,0,0,1,1,0,0,0,2,2,0,0,0,0,0,0,0,0.0,1,0,0,0,0
Reda Belahyane,MAR,MF,Hellas Verona,Serie A,20,2004,22,17,1658.0,18.4,73.7,-1.03,0,0,2,2,0.2,0.6,1.0,0.2,1.3,41,3,6,2,33.3,0.33,0.0,23.9,83.7,8987,2976,16,71,10,1,3,0,2.23,0.16,22,73,13,884,52,63.5,33,3272,1498,34,21,591,526,126,8,36,10,46,22,1,20,13,7,26,109,25.0,6,1,31,9,0
Haris Belkebla,ALG,MF,Angers,Ligue 1,31,1994,18,17,1497.0,16.6,75.6,-0.12,0,0,1,1,0.1,0.3,0.9,0.1,1.0,10,4,3,0,0.0,0.18,0.0,23.8,87.6,9899,2737,5,57,3,0,3,0,0.6,0.24,8,56,15,890,17,35.3,6,2234,917,22,7,573,525,103,6,47,28,75,36,1,22,13,3,32,72,33.3,1,0,14,24,1
Yassin Belkhdim,FRA,MF,Angers,Ligue 1,23,2002,19,7,760.0,8.4,38.4,-0.59,0,0,0,0,0.5,0.2,0.3,0.5,0.8,5,0,6,3,50.0,0.71,0.0,18.7,83.0,2937,775,2,11,2,1,7,1,0.59,0.0,12,19,20,360,9,11.1,1,988,441,19,7,200,179,64,11,33,12,45,18,0,13,13,6,18,44,12.5,2,0,15,12,0
Stefan Bell,GER,DF,Mainz 05,Bundesliga,33,1991,15,13,1178.0,13.1,59.5,0.61,0,0,1,1,0.6,0.4,1.0,0.6,1.6,8,2,8,2,25.0,0.61,0.0,11.0,79.5,9085,3888,5,25,0,0,0,0,0.61,0.15,7,26,4,781,5,20.0,1,1534,759,12,3,395,322,30,24,18,24,42,89,0,14,4,0,10,55,69.1,3,0,21,7,2
Raoul Bellanova,ITA,DF,Torino,Serie A,24,2000,1,1,87.0,1.0,3.9,2.07,0,0,0,0,0.0,0.0,0.1,0.0,0.1,1,0,1,0,0.0,1.03,0.0,8.4,72.1,541,130,1,1,0,0,5,0,1.03,0.0,4,0,5,51,1,0.0,0,228,127,1,0,33,19,13,1,0,0,0,4,0,0,0,0,0,4,100.0,0,0,1,1,0
Raoul Bellanova,ITA,DF,Atalanta,Serie A,24,2000,21,16,1460.0,16.2,3.9,2.07,0,0,6,6,0.8,0.0,3.1,0.8,3.9,1,0,1,0,0.0,1.03,0.0,8.4,72.1,541,130,1,1,0,0,5,0,1.03,0.0,60,60,126,51,1,0.0,0,228,127,1,0,33,19,13,1,0,0,0,4,0,0,0,0,0,4,100.0,0,0,1,1,0
Jean-Ricner Bellegarde,FRA,MF,Wolves,Premier League,26,1998,23,11,992.0,11.0,44.1,-0.27,2,2,3,5,0.9,1.2,1.7,0.9,2.6,35,5,13,3,23.1,1.18,0.15,21.3,80.9,4032,793,15,23,7,2,19,3,3.18,0.45,26,23,54,451,38,18.4,7,1904,803,19,15,311,190,187,29,18,10,28,10,1,14,9,3,10,34,23.5,3,0,20,25,1
Héctor Bellerín,ESP,DF,Betis,La Liga,29,1995,7,6,524.0,5.8,24.3,0.52,0,0,1,1,0.2,2.1,2.0,0.2,2.2,11,1,1,1,100.0,0.17,0.0,14.6,81.6,3882,1457,7,14,4,2,10,2,1.89,0.17,3,24,20,354,8,75.0,6,695,326,5,1,225,176,69,10,12,6,18,18,0,4,4,2,7,11,46.2,1,0,6,0,0
Jude Bellingham,ENG,MF,Real Madrid,La Liga,21,2003,20,20,1628.0,18.1,75.4,1.22,7,6,6,13,7.8,2.3,2.7,6.3,8.9,64,9,39,14,35.9,2.16,0.15,17.1,86.6,14597,3210,26,92,20,12,10,0,3.54,0.5,53,134,93,1271,44,56.8,25,3872,1903,33,22,1046,638,473,68,35,17,52,14,0,25,15,6,21,62,51.5,3,1,21,43,4
Jeanuël Belocian,FRA,DF,Leverkusen,Bundesliga,20,2005,5,1,68.0,0.8,3.4,-2.65,0,0,0,0,0.0,0.1,0.0,0.0,0.0,1,0,0,0,0.0,0.0,0.0,0.0,85.0,418,130,0,2,0,0,0,0,1.34,0.0,0,3,1,44,1,100.0,1,89,39,2,0,32,20,15,1,1,0,1,2,0,0,0,0,1,2,33.3,1,0,1,4,0
Andrea Belotti,ITA,FW,Como,Serie A,31,1993,18,7,593.0,6.6,26.4,-1.06,2,2,0,2,2.5,0.1,0.4,2.5,2.8,14,0,19,3,15.8,2.88,0.11,12.7,75.0,1072,178,7,5,1,1,5,0,2.13,0.0,9,9,33,185,6,33.3,2,477,203,10,10,131,82,82,28,7,1,8,8,0,4,4,2,5,17,40.9,1,0,9,19,5
Fran Beltrán,ESP,MF,Celta Vigo,La Liga,26,1999,20,19,1498.0,16.6,69.4,-0.06,2,2,0,2,0.5,0.8,1.0,0.5,1.5,23,2,14,2,14.3,0.84,0.14,24.9,88.7,14533,4239,8,91,5,3,2,1,1.38,0.12,14,95,16,1074,12,50.0,6,2768,1250,15,15,760,696,143,7,28,15,43,23,3,21,10,3,19,68,47.1,2,0,19,6,0
Lucas Beltrán,ARG,MF,Fiorentina,Serie A,23,2001,21,15,1332.0,14.8,59.2,0.74,4,2,4,8,3.9,1.5,1.7,2.4,4.1,46,8,18,4,22.2,1.22,0.11,16.8,78.2,5067,1111,23,30,13,3,5,3,3.11,0.54,18,48,59,561,24,45.8,11,1658,646,24,26,413,301,200,35,16,3,19,10,0,13,5,4,8,43,34.6,2,0,18,27,2
Eliesse Ben Seghir,MAR,MF,Monaco,Ligue 1,20,2005,22,15,1344.0,14.9,67.9,0.94,6,4,3,9,4.8,3.5,4.3,3.3,7.6,61,6,47,18,38.3,3.15,0.09,21.4,78.2,7870,2306,25,57,38,10,34,3,4.08,0.4,67,97,143,962,79,32.9,26,4325,2312,50,26,772,409,498,51,22,8,30,2,0,13,10,5,18,62,32.3,0,0,24,49,2
Carlos Benavídez,URU,MF,Alaves,La Liga,26,1998,10,5,331.0,3.7,15.3,-0.82,1,1,1,2,0.1,0.3,0.6,0.1,0.7,9,3,3,1,33.3,0.82,0.33,25.1,72.7,2205,654,2,17,2,1,1,0,2.45,0.82,3,18,4,184,4,75.0,3,483,223,0,0,113,117,29,1,7,8,15,7,1,3,3,1,5,21,60.0,2,0,12,3,0
Adrian Benedyczak,POL,FW,Parma,Serie A,24,2000,8,2,197.0,2.2,8.8,-0.91,0,0,0,0,0.3,0.0,0.0,0.3,0.3,3,0,3,0,0.0,1.37,0.0,18.4,65.3,521,112,1,2,0,0,1,0,1.36,0.0,3,3,11,74,1,0.0,0,167,80,5,3,55,33,25,4,0,0,0,8,0,3,0,0,0,3,45.0,0,0,3,5,1
László Bénes,SVK,MF,Union Berlin,Bundesliga,27,1997,14,2,406.0,4.5,20.5,-0.22,1,1,1,2,0.6,1.0,0.8,0.6,1.4,27,1,13,6,46.2,2.88,0.08,23.5,71.0,3178,1199,16,21,11,1,37,6,5.99,0.22,3,24,27,293,3,33.3,1,589,269,5,3,185,138,122,5,1,3,4,5,0,4,1,0,1,20,30.8,4,0,8,2,1
Iker Benito,ESP,FW,Osasuna,La Liga,22,2002,2,0,37.0,0.4,1.7,-4.86,0,0,0,0,0.0,0.0,0.0,0.0,0.0,1,0,0,0,0.0,0.0,0.0,0.0,69.2,128,7,1,0,0,0,2,0,2.43,0.0,2,0,4,18,1,0.0,0,60,25,1,0,13,11,4,0,0,1,1,2,0,0,0,0,0,3,0.0,0,0,1,1,0
Ismaël Bennacer,ALG,MF,Milan,Serie A,27,1997,6,4,300.0,3.3,13.9,0.0,0,0,0,0,0.1,0.3,0.1,0.1,0.2,12,1,3,2,66.7,0.9,0.0,31.1,89.1,3629,937,4,22,4,0,6,1,3.6,0.3,8,23,12,249,10,90.0,9,971,406,3,3,199,151,50,1,5,3,8,1,0,5,3,1,4,17,75.0,2,0,5,5,0
Ismaël Bennacer,ALG,MF,Marseille,Ligue 1,27,1997,2,2,130.0,1.4,13.9,0.0,0,0,0,0,0.0,0.3,0.5,0.0,0.5,12,1,3,2,66.7,0.9,0.0,31.1,89.1,3629,937,4,22,4,0,6,1,3.6,0.3,1,17,2,249,10,90.0,9,971,406,3,3,199,151,50,1,5,3,8,1,0,5,3,1,4,17,75.0,2,0,5,5,0
Saïd Benrahma,ALG,FW,Lyon,Ligue 1,29,1995,13,9,735.0,8.2,37.1,0.24,1,1,3,4,2.0,2.7,2.1,2.0,4.0,27,6,17,4,23.5,2.08,0.06,20.2,72.1,3787,1234,14,21,19,1,43,3,3.31,0.74,41,32,109,447,29,27.6,8,1930,956,15,11,346,169,240,34,9,3,12,2,0,6,4,1,5,32,0.0,0,0,6,6,6
Ramy Bensebaini,ALG,DF,Dortmund,Bundesliga,29,1995,19,14,1239.0,13.8,62.6,0.44,1,1,5,6,1.0,1.6,2.7,1.0,3.6,23,6,13,2,15.4,0.94,0.08,13.6,85.6,12128,3836,13,59,11,3,26,2,1.67,0.44,16,68,44,1020,13,15.4,2,2037,944,8,4,597,528,219,23,30,16,46,44,1,29,8,3,14,72,61.1,5,0,17,11,0
Nabil Bentaleb,ALG,MF,Lille,Ligue 1,30,1994,1,0,15.0,0.2,0.8,12.0,1,1,0,1,0.6,0.0,0.0,0.6,0.6,1,0,1,1,100.0,6.0,1.0,2.6,91.7,243,42,0,1,1,0,2,0,6.0,0.0,0,2,1,14,0,0.0,0,17,14,0,0,9,3,10,1,2,0,2,0,0,0,0,2,1,2,0.0,0,0,0,0,0
Rodrigo Bentancur,URU,MF,Tottenham,Premier League,27,1997,15,12,945.0,10.5,42.0,0.19,2,2,0,2,0.8,0.7,0.4,0.8,1.2,26,1,16,3,18.8,1.52,0.13,19.6,89.4,9445,2380,8,66,7,3,2,1,2.48,0.1,15,65,14,788,11,45.5,5,2100,892,8,13,526,476,137,12,26,23,49,19,1,14,13,2,13,75,59.5,5,0,20,4,0
Lucas Beraldo,BRA,DF,PSG,Ligue 1,21,2003,14,13,1175.0,13.1,59.3,1.53,1,1,0,1,0.5,0.7,0.2,0.5,0.7,12,3,6,4,66.7,0.46,0.17,15.4,93.2,20298,7070,4,113,10,1,2,1,0.92,0.23,8,81,0,1363,0,0.0,0,3494,2195,8,2,1083,852,57,7,22,14,36,26,1,7,4,0,18,58,67.6,5,0,16,6,1
Yuri Berchiche,ESP,DF,Athletic Club,La Liga,35,1990,20,13,1289.0,14.3,59.7,0.56,0,0,0,0,0.4,1.2,1.2,0.4,1.6,22,0,11,3,27.3,0.77,0.0,25.4,82.8,12783,4460,13,70,9,0,26,3,1.54,0.0,26,90,42,1003,11,45.5,5,2187,1279,9,1,543,523,200,8,21,17,38,38,2,14,7,2,11,73,53.3,3,0,10,14,2
Álex Berenguer,ESP,FW,Athletic Club,La Liga,29,1995,23,17,1410.0,15.7,65.3,0.96,5,5,6,11,5.5,3.2,3.9,4.8,8.6,65,13,36,13,36.1,2.3,0.14,17.9,67.6,6551,1598,32,31,20,3,104,7,4.15,0.83,40,50,124,773,48,41.7,20,2530,1314,33,21,506,285,448,53,18,8,26,10,0,12,10,6,7,60,38.5,3,0,18,21,4
Sander Berge,NOR,MF,Fulham,Premier League,27,1998,18,14,1317.0,14.6,58.5,0.27,0,0,0,0,0.2,0.4,0.6,0.2,0.7,29,1,2,0,0.0,0.14,0.0,7.6,90.4,11678,2940,15,71,2,2,1,0,1.98,0.07,14,68,1,834,10,50.0,5,2346,995,3,9,503,487,119,9,38,18,56,25,0,21,19,3,23,80,66.7,2,0,17,4,0
Lucas Bergvall,SWE,MF,Tottenham,Premier League,19,2006,18,6,670.0,7.4,29.8,0.67,0,0,0,0,0.4,0.5,0.4,0.4,0.8,11,2,7,1,14.3,0.94,0.0,20.6,89.8,6844,1310,6,34,5,0,12,2,1.48,0.27,16,32,16,557,25,48.0,12,2097,960,14,11,384,301,147,10,22,14,36,17,2,10,10,3,14,48,46.2,3,0,13,11,0
Medon Berisha,ALB,MF,Lecce,Serie A,21,2003,7,3,252.0,2.8,11.2,-0.36,0,0,1,1,0.3,0.5,0.3,0.3,0.5,13,2,10,4,40.0,3.57,0.0,28.2,80.4,2592,910,5,19,4,1,11,0,4.64,0.71,5,16,7,195,5,20.0,1,659,364,2,0,138,115,54,4,3,3,6,2,0,1,1,0,2,12,60.0,0,0,5,3,0
Mergim Berisha,GER,FW,Hoffenheim,Bundesliga,26,1998,11,3,333.0,3.7,16.8,-0.81,1,1,1,2,1.0,0.4,1.0,1.0,2.0,5,1,11,3,27.3,2.97,0.09,16.0,69.6,512,122,3,6,2,3,3,0,1.35,0.27,2,7,18,93,8,37.5,3,195,78,6,3,69,35,47,12,3,0,3,3,0,2,2,0,3,10,17.6,1,0,5,5,3
Adrian Bernabe,ESP,MF,Parma,Serie A,23,2001,13,13,1062.0,11.8,47.2,-0.34,0,0,0,0,0.7,0.9,1.0,0.7,1.7,43,3,21,2,9.5,1.78,0.0,27.0,83.7,11803,4219,20,77,11,3,19,3,3.64,0.25,28,84,7,852,22,45.5,10,2671,1694,10,9,594,469,179,4,27,6,33,20,1,19,7,4,17,58,66.7,1,0,8,27,0
Marc Bernal,ESP,MF,Barcelona,La Liga,17,2007,3,3,242.0,2.7,11.7,1.12,0,0,0,0,0.1,0.1,0.0,0.1,0.1,1,0,2,1,50.0,0.74,0.0,26.0,92.5,2634,623,1,12,0,0,0,0,0.37,0.0,0,8,2,184,3,66.7,2,461,150,2,2,137,116,21,1,8,1,9,4,0,5,5,1,6,9,14.3,2,0,4,3,0
Bernardo,BRA,DF,Bochum,Bundesliga,29,1995,12,10,972.0,10.8,49.1,-0.28,0,0,0,0,0.5,1.2,0.7,0.5,1.1,15,0,4,1,25.0,0.37,0.0,7.1,75.5,8563,4133,3,53,11,0,7,1,1.39,0.0,11,61,6,674,2,50.0,1,1761,877,6,4,364,335,46,13,31,11,42,44,0,25,7,1,18,49,60.3,4,0,13,5,0
Juan Bernat,ESP,DF,Villarreal,La Liga,31,1993,10,1,212.0,2.4,9.8,0.85,0,0,1,1,0.3,0.4,0.4,0.3,0.7,8,1,2,1,50.0,0.85,0.0,17.6,77.7,1479,244,4,4,1,0,9,1,3.4,0.42,4,8,23,160,8,37.5,3,347,168,3,2,100,63,56,13,9,1,10,4,0,3,1,1,7,13,71.4,0,0,0,2,1
Juan Bernat,ESP,MF,Getafe,La Liga,31,1993,2,2,137.0,1.5,9.8,0.85,0,0,0,0,0.0,0.4,0.0,0.0,0.0,8,1,2,1,50.0,0.85,0.0,17.6,77.7,1479,244,4,4,1,0,9,1,3.4,0.42,0,1,1,160,8,37.5,3,347,168,3,2,100,63,56,13,9,1,10,4,0,3,1,1,7,13,71.4,0,0,0,2,1
Antoine Bernede,FRA,MF,Hellas Verona,Serie A,25,1999,2,1,67.0,0.7,3.0,-6.72,0,0,0,0,0.0,0.0,0.0,0.0,0.0,3,0,1,0,0.0,1.34,0.0,24.0,82.6,271,117,0,3,0,0,1,0,4.03,0.0,1,2,2,28,0,0.0,0,110,35,1,0,17,19,6,0,1,1,2,1,0,0,1,0,1,5,0.0,0,0,1,0,0
Alexander Bernhardsson,SWE,MF,Holstein Kiel,Bundesliga,26,1998,9,7,546.0,6.1,27.6,-0.66,2,2,1,3,1.3,0.4,0.6,1.3,1.9,15,2,10,4,40.0,1.65,0.2,16.0,61.7,1600,580,10,8,5,1,13,1,2.47,0.33,6,13,29,233,20,40.0,8,629,264,13,8,133,114,76,14,15,0,15,11,0,7,4,6,9,18,54.5,2,0,13,3,0
Victor Bernth Kristiansen,DEN,DF,Leicester City,Premier League,22,2002,22,22,1937.0,21.5,86.1,-1.3,0,0,1,1,0.3,1.6,1.3,0.3,1.6,34,3,2,0,0.0,0.09,0.0,16.6,77.9,14080,5183,17,62,22,1,74,16,1.58,0.14,31,56,56,1341,15,40.0,6,3177,1469,9,12,738,597,251,12,68,30,98,60,3,30,22,3,40,81,32.1,1,0,15,14,2
Matúš Bero,SVK,MF,Bochum,Bundesliga,29,1995,19,18,1641.0,18.2,82.9,-0.66,3,3,1,4,1.8,2.1,2.5,1.8,4.2,80,4,17,5,29.4,0.93,0.18,17.0,69.1,9349,3551,36,69,22,3,65,3,4.39,0.22,19,89,58,988,40,32.5,13,1997,839,34,13,498,482,362,31,38,12,50,19,1,28,15,6,18,104,40.5,7,0,29,23,0
Juan Berrocal,ESP,DF,Getafe,La Liga,25,1999,11,7,704.0,7.8,32.6,-0.38,0,0,0,0,0.2,0.1,0.0,0.2,0.2,5,0,2,0,0.0,0.26,0.0,10.3,75.7,4302,1787,1,12,1,0,0,0,0.64,0.0,1,16,1,343,0,0.0,0,673,350,3,0,141,160,10,5,11,9,20,35,0,2,2,0,4,28,66.7,6,1,12,1,0
Dimitry Bertaud,COD,GK,Montpellier,Ligue 1,26,1998,3,3,270.0,3.0,13.6,-0.67,0,0,0,0,0.0,0.0,0.0,0.0,0.0,0,0,0,0,0.0,0.0,0.0,0.0,68.5,1921,1513,0,3,0,0,0,0,0.0,0.0,0,0,0,99,0,0.0,0,265,138,0,0,38,0,0,0,0,0,0,2,0,0,0,0,0,0,0.0,0,0,0,0,0
Jan-Niklas Beste,GER,FW,Freiburg,Bundesliga,26,1999,2,0,23.0,0.3,1.2,3.91,0,0,0,0,0.0,0.0,0.0,0.0,0.0,0,0,0,0,0.0,0.0,0.0,0.0,50.0,59,6,0,1,0,0,0,0,0.0,0.0,1,1,3,14,2,0.0,0,42,20,1,0,8,8,2,1,0,0,0,1,0,0,0,0,0,4,0.0,0,0,0,0,0
Beto,GNB,FW,Everton,Premier League,27,1998,17,4,584.0,6.5,26.0,-0.46,5,5,0,5,3.3,0.1,0.2,3.3,3.5,10,0,21,10,47.6,3.24,0.24,13.9,57.8,882,96,4,4,1,1,2,0,1.54,0.0,7,4,32,214,21,52.4,11,675,251,29,15,160,91,106,35,7,1,8,7,0,4,2,4,3,18,47.7,1,0,16,11,8
Sam Beukema,NED,DF,Bologna,Serie A,26,1998,23,22,2025.0,22.5,93.8,0.4,0,0,1,1,1.0,0.7,0.9,1.0,1.9,24,5,11,4,36.4,0.49,0.0,10.4,86.5,24566,7701,9,122,8,1,6,3,1.07,0.22,20,102,6,1587,1,0.0,0,5838,2955,6,7,1061,883,95,22,36,19,55,73,0,23,17,3,20,87,58.8,0,0,21,26,1
Alessandro Bianco,ITA,MF,Monza,Serie A,22,2002,21,16,1518.0,16.9,67.5,-1.07,1,1,0,1,1.1,0.8,0.4,1.1,1.5,23,0,17,3,17.6,1.01,0.06,21.4,85.1,14386,3633,12,82,11,2,13,3,1.36,0.0,28,80,16,1035,26,50.0,13,3681,1699,27,16,742,627,160,13,30,6,36,28,4,22,15,5,19,78,33.3,5,0,29,34,3
Alessandro Bianco,ITA,MF,Fiorentina,Serie A,22,2002,1,0,18.0,0.2,67.5,-1.07,0,0,0,0,0.0,0.8,0.0,0.0,0.0,23,0,17,3,17.6,1.01,0.06,21.4,85.1,14386,3633,12,82,11,2,13,3,1.36,0.0,0,0,1,1035,26,50.0,13,3681,1699,27,16,742,627,160,13,30,6,36,28,4,22,15,5,19,78,33.3,5,0,29,34,3
Mika Biereth,DEN,FW,Monaco,Ligue 1,22,2003,5,5,414.0,4.6,20.9,1.09,7,6,0,7,4.3,0.8,1.0,3.5,4.5,15,2,16,10,62.5,3.48,0.38,12.4,64.4,713,192,7,5,6,1,4,0,3.26,0.43,2,9,47,144,4,0.0,0,267,86,9,8,109,56,82,41,2,2,4,3,0,5,1,1,2,9,36.0,0,0,6,11,2
Jaka Bijol,SVN,DF,Udinese,Serie A,26,1999,23,23,2070.0,23.0,92.0,-0.17,1,1,0,1,1.9,0.5,0.5,1.9,2.4,21,1,18,5,27.8,0.78,0.06,11.9,82.9,19423,6784,9,67,4,1,2,1,0.91,0.04,16,55,4,1357,1,100.0,1,4644,2649,9,1,851,608,53,34,31,29,60,114,1,25,8,1,17,67,62.7,7,0,29,5,1
El Bilal Touré,MLI,FW,Stuttgart,Bundesliga,23,2001,9,3,314.0,3.5,15.9,0.86,2,2,1,3,1.6,0.7,1.1,1.6,2.7,10,1,14,4,28.6,4.01,0.14,15.2,75.3,733,139,6,4,3,1,0,0,2.87,0.29,4,5,21,112,4,75.0,3,279,115,10,1,92,39,71,20,3,0,3,1,0,1,1,1,1,6,60.0,0,0,8,3,1
Philip Billing,DEN,MF,Bournemouth,Premier League,28,1996,10,1,184.0,2.0,8.2,0.49,0,0,0,0,0.6,1.0,1.0,0.6,1.6,16,0,5,1,20.0,2.45,0.0,17.9,68.6,1022,399,8,9,7,1,10,2,7.83,0.0,3,15,13,148,3,33.3,1,254,163,7,4,75,72,57,12,14,5,19,2,0,3,6,1,5,14,60.0,1,0,3,2,0
Cristiano Biraghi,ITA,DF,Torino,Serie A,32,1992,2,0,30.0,0.3,1.3,-3.0,0,0,0,0,0.0,0.3,0.2,0.0,0.2,2,0,0,0,0.0,0.0,0.0,0.0,58.8,200,94,2,0,0,0,5,0,6.0,0.0,0,0,2,21,1,0.0,0,17,6,1,0,7,5,12,0,0,0,0,1,0,0,0,0,0,2,0.0,0,0,0,0,0
Cristiano Biraghi,ITA,DF,Fiorentina,Serie A,32,1992,8,5,433.0,4.8,1.3,-3.0,1,1,0,1,0.2,0.3,0.3,0.2,0.5,2,0,0,0,0.0,0.0,0.0,0.0,58.8,200,94,2,0,0,0,5,0,6.0,0.0,3,15,17,21,1,0.0,0,17,6,1,0,7,5,12,0,0,0,0,1,0,0,0,0,0,2,0.0,0,0,0,0,0
Samuele Birindelli,ITA,DF,Monza,Serie A,25,1999,9,6,555.0,6.2,24.7,-0.81,1,1,0,1,0.4,0.6,1.0,0.4,1.4,15,0,5,4,80.0,0.81,0.2,14.8,73.8,2929,780,8,10,9,0,30,4,2.44,0.0,17,15,33,304,3,66.7,2,1023,525,8,4,179,119,115,11,10,4,14,12,0,3,4,4,8,29,30.0,1,0,7,8,1
Tom Bischof,GER,MF,Hoffenheim,Bundesliga,19,2005,20,19,1606.0,17.8,81.1,-0.78,3,3,2,5,1.4,3.5,3.0,1.4,4.4,85,6,35,11,31.4,1.96,0.09,22.6,78.7,13611,3905,40,72,28,3,96,8,4.77,0.34,37,95,74,1285,33,48.5,16,3097,1478,21,20,756,634,422,33,77,23,100,33,1,39,38,12,44,103,45.0,3,0,28,20,1
Yves Bissouma,MLI,MF,Tottenham,Premier League,28,1996,19,12,1049.0,11.7,46.6,0.69,2,2,0,2,0.5,0.6,0.2,0.5,0.7,13,0,8,3,37.5,0.69,0.25,23.2,89.3,8963,2452,5,51,10,2,2,1,1.12,0.0,15,66,3,796,18,33.3,6,2858,1332,20,9,541,451,130,4,36,13,49,30,3,7,19,3,23,63,40.0,5,0,17,14,0
Leonardo Bittencourt,GER,MF,Werder Bremen,Bundesliga,31,1993,15,8,715.0,7.9,36.1,-0.63,2,2,0,2,1.4,1.2,0.5,1.4,1.9,24,2,21,8,38.1,2.64,0.1,20.9,86.1,6522,1427,6,38,9,1,9,1,3.02,0.25,13,45,22,570,4,25.0,1,1748,740,7,1,420,330,128,17,12,12,24,8,0,8,3,1,6,33,28.6,1,0,9,15,1
Emmanuel Biumla,FRA,DF,Angers,Ligue 1,19,2005,15,14,1228.0,13.6,62.0,0.0,1,1,0,1,0.7,0.1,0.0,0.7,0.8,4,0,4,2,50.0,0.29,0.25,13.7,88.1,7907,2386,1,11,1,0,0,0,0.29,0.0,3,14,0,587,11,63.6,7,1972,1106,8,4,370,210,15,8,19,8,27,76,1,15,5,0,12,36,60.0,1,0,7,9,0
Marco Bizot,NED,GK,Brest,Ligue 1,33,1991,21,21,1890.0,21.0,95.5,-0.29,0,0,0,0,0.0,0.0,0.0,0.0,0.0,1,0,0,0,0.0,0.0,0.0,0.0,66.8,15266,11953,0,6,0,0,0,0,0.05,0.0,0,1,0,750,0,0.0,0,2200,1046,2,0,369,3,0,0,1,0,1,15,0,0,0,0,1,27,100.0,2,0,1,2,0
Bjarki Bjarkason,ISL,DF,Venezia,Serie A,24,2000,8,1,137.0,1.5,6.3,0.0,0,0,0,0,0.0,0.2,0.1,0.0,0.1,1,0,0,0,0.0,0.0,0.0,0.0,86.7,1064,266,1,5,4,1,7,4,0.66,0.0,6,9,11,94,4,25.0,1,310,184,2,0,67,36,29,0,3,2,5,4,0,1,1,0,2,8,0.0,2,0,2,8,0
Antonio Blanco,ESP,MF,Alaves,La Liga,24,2000,22,19,1600.0,17.8,74.1,-0.9,0,0,1,1,0.7,1.4,1.3,0.7,1.9,26,1,17,2,11.8,0.96,0.0,24.5,78.7,10554,4008,10,72,14,4,19,7,1.46,0.06,4,86,9,880,13,76.9,10,1735,704,17,22,501,530,134,6,40,26,66,29,1,19,25,2,25,85,52.8,5,0,38,19,0
Ludovic Blas,FRA,MF,Rennes,Ligue 1,27,1997,22,21,1832.0,20.4,92.5,-0.05,6,6,6,12,4.6,3.7,3.2,4.6,7.8,83,12,48,23,47.9,2.36,0.13,16.9,73.8,9536,2749,38,59,25,7,97,8,4.08,0.59,61,89,151,1021,96,37.5,36,3762,1739,63,35,735,444,496,90,30,9,39,9,0,15,12,13,18,75,22.5,5,0,23,42,1
Daley Blind,NED,DF,Girona,La Liga,34,1990,20,17,1520.0,16.9,70.4,0.3,0,0,1,1,0.2,1.6,0.8,0.2,1.0,24,4,4,2,50.0,0.24,0.0,19.0,88.7,25119,8562,8,190,14,2,25,4,1.42,0.24,43,163,33,1695,12,66.7,8,5882,3303,9,8,1300,935,237,11,29,19,48,52,1,24,11,4,16,58,48.0,2,0,11,8,0
Myron Boadu,NED,FW,Bochum,Bundesliga,24,2001,11,7,588.0,6.5,29.7,-0.61,7,6,1,8,5.5,0.2,0.4,4.7,5.1,15,1,19,9,47.4,2.91,0.32,11.9,75.3,1218,132,5,3,3,0,1,0,2.3,0.15,6,9,35,146,6,50.0,3,456,195,15,5,102,60,82,29,2,0,2,3,0,1,0,2,1,6,47.1,0,0,5,4,6
Augustine Boakye,GHA,FW,Saint-Etienne,Ligue 1,24,2000,15,8,704.0,7.8,35.6,-0.38,3,3,0,3,1.5,0.8,0.7,1.5,2.3,31,1,21,9,42.9,2.68,0.14,20.4,74.8,2402,740,10,14,9,2,5,0,3.96,0.13,25,32,52,328,23,56.5,13,1085,560,18,24,235,126,176,28,7,5,12,3,0,4,4,0,3,26,26.3,5,0,19,6,3
Mathéo Bodmer,FRA,MF,Le Havre,Ligue 1,20,2004,1,0,6.0,0.1,0.3,-15.0,0,0,0,0,0.0,0.0,0.0,0.0,0.0,0,0,0,0,0.0,0.0,0.0,0.0,100.0,40,0,0,0,0,0,0,0,0.0,0.0,0,0,0,3,0,0.0,0,0,0,0,0,1,2,0,0,0,0,0,1,0,0,0,0,0,0,0.0,0,0,1,0,0
Sacha Boey,FRA,DF,Bayern,Bundesliga,24,2000,8,4,357.0,4.0,18.0,2.02,0,0,1,1,0.1,0.8,1.0,0.1,1.0,7,2,2,1,50.0,0.5,0.0,15.9,92.1,4130,1024,2,28,3,0,9,2,1.76,0.5,13,22,42,374,12,33.3,4,1025,490,7,3,281,177,154,8,12,1,13,5,0,3,2,5,3,24,50.0,1,0,4,4,0
Jeremie Boga,CIV,MF,Nice,Ligue 1,28,1997,12,8,632.0,7.0,31.9,0.0,0,0,2,2,1.3,2.1,2.2,1.3,3.4,34,3,17,9,52.9,2.42,0.0,16.0,81.7,2398,643,15,8,8,0,16,3,4.86,0.43,37,17,46,288,42,42.9,18,1527,1040,7,11,210,122,135,37,6,2,8,2,0,9,5,0,4,29,33.3,0,0,0,9,5
Lamare Bogarde,NED,DF,Aston Villa,Premier League,21,2004,5,4,349.0,3.9,15.5,0.26,0,0,0,0,0.0,0.1,0.1,0.0,0.2,9,1,1,1,100.0,0.26,0.0,20.2,86.7,2548,824,2,21,1,0,0,0,2.32,0.26,10,11,8,233,4,50.0,2,754,447,4,7,155,145,34,2,12,1,13,7,0,3,5,1,6,11,42.9,2,0,7,9,0
Emil Bohinen,NOR,MF,Genoa,Serie A,25,1999,3,1,166.0,1.8,7.7,-3.25,0,0,0,0,0.1,0.0,0.1,0.1,0.2,5,0,2,0,0.0,1.08,0.0,28.6,80.2,1180,161,3,1,0,0,0,0,2.69,0.0,6,5,2,109,0,0.0,0,463,224,4,2,72,52,28,3,4,1,5,6,0,2,0,1,4,9,66.7,0,0,3,3,0
Adama Boiro,ESP,DF,Athletic Club,La Liga,22,2002,11,9,686.0,7.6,31.8,0.79,0,0,0,0,0.2,0.3,0.2,0.2,0.3,10,0,3,0,0.0,0.39,0.0,13.8,79.1,3876,1157,2,24,4,0,23,3,1.31,0.0,11,23,15,398,13,38.5,5,849,450,12,9,198,202,102,8,13,8,21,24,1,6,5,2,5,32,80.0,1,0,7,7,0
Willy Boly,CIV,DF,Forest,Premier League,34,1991,5,1,134.0,1.5,6.0,1.34,0,0,0,0,0.1,0.0,0.0,0.1,0.1,0,0,1,1,100.0,0.67,0.0,10.2,78.7,915,424,0,2,0,0,0,0,0.0,0.0,0,2,0,86,0,0.0,0,115,35,1,0,41,26,2,1,5,3,8,12,0,3,1,0,1,4,71.4,1,0,1,0,0
Moïse Bombito,CAN,DF,Nice,Ligue 1,24,2000,17,15,1372.0,15.2,69.3,0.92,0,0,0,0,0.6,0.2,0.0,0.6,0.6,8,1,4,1,25.0,0.26,0.0,9.4,91.3,15206,5933,1,49,1,1,0,0,0.52,0.07,16,55,4,1064,11,72.7,8,2988,1734,8,2,724,531,24,6,22,11,33,78,2,21,9,1,15,58,40.0,2,1,14,5,0
Warren Bondo,FRA,MF,Monza,Serie A,21,2003,20,19,1618.0,18.0,71.9,-0.39,0,0,0,0,0.4,0.5,0.3,0.4,0.7,26,1,13,1,7.7,0.72,0.0,25.9,88.9,8867,1641,5,35,7,0,7,2,1.45,0.06,25,39,21,741,40,50.0,20,3240,1464,20,30,521,440,140,7,35,5,40,8,4,16,12,4,24,91,38.5,5,1,31,36,1
Victor Boniface,NGA,FW,Leverkusen,Bundesliga,24,2000,12,10,778.0,8.6,39.3,0.93,7,7,1,8,6.7,0.9,1.0,5.9,6.9,28,3,43,15,34.9,4.97,0.16,14.7,72.6,1663,344,8,7,6,0,2,1,3.25,0.35,16,18,42,278,27,40.7,11,759,298,28,21,225,108,157,66,4,0,4,4,0,1,3,1,3,20,66.7,2,0,8,7,5
Kevin Bonifazi,ITA,DF,Lecce,Serie A,28,1996,3,0,65.0,0.7,2.9,-4.15,0,0,0,0,0.0,0.0,0.0,0.0,0.0,0,0,0,0,0.0,0.0,0.0,0.0,88.1,645,238,0,2,0,0,0,0,0.0,0.0,0,1,1,54,2,50.0,1,204,53,2,0,31,27,0,0,1,2,3,3,0,1,0,0,1,7,50.0,0,0,0,0,0
Ange-Yoan Bonny,FRA,FW,Parma,Serie A,21,2003,24,18,1584.0,17.6,70.4,-0.34,4,3,2,6,6.5,1.4,1.7,4.9,6.7,47,5,46,12,26.1,2.61,0.07,17.1,74.5,4246,924,21,21,13,3,11,2,2.67,0.28,29,38,119,595,41,46.3,19,1832,743,49,46,434,252,318,84,18,1,19,8,0,10,13,3,8,45,21.5,2,0,15,29,9
Sebastiaan Bornauw,BEL,DF,Wolfsburg,Bundesliga,25,1999,12,7,664.0,7.4,33.5,-0.14,2,2,0,2,0.9,0.1,0.0,0.9,0.9,3,0,7,2,28.6,0.95,0.29,8.1,80.6,3595,993,0,12,2,0,0,0,0.41,0.0,0,11,1,330,1,0.0,0,643,193,2,1,163,183,15,9,7,9,16,30,0,13,4,1,4,20,65.9,1,0,9,2,0
Sven Botman,NED,DF,Newcastle,Premier League,25,2000,3,3,224.0,2.5,10.0,1.21,0,0,0,0,0.0,0.0,0.0,0.0,0.0,0,0,1,0,0.0,0.4,0.0,11.7,88.3,1909,767,0,6,0,0,0,0,0.0,0.0,0,3,0,156,3,33.3,1,350,171,1,0,101,89,5,5,5,4,9,12,0,2,3,0,3,8,64.3,1,0,4,2,0
Saïmon Bouabré,FRA,MF,Monaco,Ligue 1,18,2006,2,1,72.0,0.8,3.6,0.0,0,0,0,0,0.0,0.0,0.0,0.0,0.0,1,1,0,0,0.0,0.0,0.0,0.0,66.7,216,67,0,2,1,0,0,0,1.25,1.25,3,2,3,26,2,0.0,0,136,62,2,1,23,15,7,1,0,0,0,0,0,1,0,0,0,2,0.0,0,0,1,2,0
Ayyoub Bouaddi,FRA,MF,Lille,Ligue 1,17,2007,17,8,815.0,9.1,41.2,0.77,0,0,1,1,0.0,1.1,1.0,0.0,1.0,10,2,1,1,100.0,0.11,0.0,12.6,88.1,5697,1192,5,26,1,1,1,0,1.1,0.22,7,27,15,488,20,60.0,12,1212,414,22,11,325,267,112,6,43,7,50,8,1,6,16,7,26,42,42.9,1,0,14,6,0
Badredine Bouanani,ALG,MF,Nice,Ligue 1,20,2004,18,6,674.0,7.5,34.0,0.8,2,2,0,2,1.3,1.1,1.0,1.3,2.3,27,4,22,8,36.4,2.94,0.09,19.8,76.6,3064,715,11,11,8,4,20,0,3.6,0.53,31,30,53,367,23,39.1,9,1517,847,13,11,272,147,192,24,6,6,12,4,0,12,3,1,3,24,7.7,2,0,7,12,1
Benjamin Bouchouari,MAR,MF,Saint-Etienne,Ligue 1,23,2001,17,13,1152.0,12.8,58.2,-1.25,1,1,0,1,0.5,0.8,0.7,0.5,1.1,35,2,9,2,22.2,0.7,0.11,22.0,86.7,8189,2785,12,68,17,5,6,1,2.73,0.16,26,77,36,788,36,50.0,18,2148,1205,20,20,606,401,231,9,24,15,39,7,2,12,10,4,19,82,29.4,3,0,10,25,0
Hicham Boudaoui,ALG,MF,Nice,Ligue 1,25,1999,17,17,1520.0,16.9,76.8,0.47,1,1,1,2,1.8,1.1,0.6,1.8,2.4,36,3,25,13,52.0,1.48,0.04,19.6,84.3,9738,2917,8,51,16,4,7,1,2.13,0.18,34,82,38,960,48,33.3,16,2738,1426,23,16,595,560,201,28,48,18,66,34,0,26,22,8,29,112,31.7,7,0,29,32,0
Carlo Boukhalfa,MAR,MF,St. Pauli,Bundesliga,25,1999,18,14,1207.0,13.4,61.0,-0.22,1,1,0,1,0.8,0.4,0.4,0.8,1.3,26,2,14,2,14.3,1.04,0.07,18.0,68.8,3103,901,5,20,5,0,6,1,1.94,0.15,9,30,30,487,22,45.5,10,938,348,26,15,287,236,165,23,19,11,30,18,1,17,13,1,6,47,40.4,0,0,14,14,1
Justin Bourgault,FRA,DF,Brest,Ligue 1,19,2005,1,1,77.0,0.9,3.9,-1.17,0,0,0,0,0.0,0.1,0.1,0.0,0.1,2,1,1,0,0.0,1.17,0.0,30.5,74.1,681,181,1,4,1,0,4,1,2.37,1.18,2,3,11,59,0,0.0,0,115,62,0,1,39,31,18,1,1,0,1,1,0,0,0,0,0,7,100.0,0,0,0,1,0
Benjamin Bourigeaud,FRA,MF,Rennes,Ligue 1,31,1994,1,1,80.0,0.9,4.0,2.25,1,1,0,1,0.2,0.0,0.0,0.2,0.2,2,0,2,1,50.0,2.25,0.5,16.1,75.0,646,141,0,3,0,0,6,0,2.25,0.0,0,4,4,57,1,100.0,1,79,44,1,1,35,24,25,2,1,2,3,1,0,2,1,0,0,4,50.0,0,0,0,0,0
Edoardo Bove,ITA,MF,Fiorentina,Serie A,22,2002,12,11,851.0,9.5,37.8,1.48,1,1,2,3,0.6,0.8,1.5,0.6,2.1,31,7,7,2,28.6,0.74,0.14,14.6,82.0,4672,1058,11,18,4,1,2,0,3.27,0.74,12,37,24,437,16,43.8,7,1288,531,13,11,286,244,117,21,24,6,30,8,0,12,14,3,17,45,42.3,3,0,16,21,0
Jarrod Bowen,ENG,FW,West Ham,Premier League,28,1996,21,21,1835.0,20.4,81.6,-0.59,6,5,4,10,4.9,4.8,4.6,4.1,8.8,84,9,52,22,42.3,2.55,0.1,18.5,69.8,6025,1874,40,30,31,7,85,3,4.12,0.44,72,67,124,803,88,40.9,36,3551,1752,44,45,506,286,438,111,29,13,42,19,0,12,7,12,19,97,21.2,1,0,16,28,6
Enzo Boyomo,CMR,DF,Osasuna,La Liga,23,2001,20,20,1772.0,19.7,82.0,-0.05,2,2,0,2,1.1,0.4,0.8,1.1,1.8,7,0,6,3,50.0,0.3,0.33,11.7,85.9,13615,5541,2,41,3,1,0,0,0.36,0.0,9,64,1,1009,8,75.0,6,2699,1558,13,9,588,469,31,12,43,23,66,80,2,24,12,3,31,75,44.4,5,0,29,5,0
Enzo Boyomo,CMR,DF,Valladolid,La Liga,23,2001,3,3,270.0,3.0,82.0,-0.05,0,0,0,0,0.1,0.4,0.0,0.1,0.1,7,0,6,3,50.0,0.3,0.33,11.7,85.9,13615,5541,2,41,3,1,0,0,0.36,0.0,1,7,0,1009,8,75.0,6,2699,1558,13,9,588,469,31,12,43,23,66,80,2,24,12,3,31,75,44.4,5,0,29,5,0
Domagoj Bradarić,CRO,DF,Hellas Verona,Serie A,25,1999,18,14,1120.0,12.4,49.8,-1.69,0,0,0,0,0.1,1.4,1.6,0.1,1.7,31,1,5,3,60.0,0.4,0.0,23.3,73.4,5552,1743,15,16,11,0,44,8,2.49,0.08,18,22,42,583,27,37.0,10,1556,754,18,8,278,259,172,9,22,8,30,35,1,12,6,3,15,45,44.8,5,0,14,6,2
Conor Bradley,NIR,DF,Liverpool,Premier League,21,2003,11,2,349.0,3.9,15.5,0.26,0,0,0,0,0.5,0.2,0.0,0.5,0.5,8,1,7,3,42.9,1.81,0.0,14.3,84.8,3517,870,0,11,1,0,3,1,2.07,0.26,17,16,17,333,7,42.9,3,1079,578,8,1,206,143,94,19,6,3,9,16,0,2,2,1,3,23,71.4,2,0,7,5,0
Bilal Brahimi,ALG,MF,Nice,Ligue 1,24,2000,2,1,76.0,0.8,3.8,0.0,0,0,0,0,0.0,0.2,0.0,0.0,0.1,1,0,1,1,100.0,1.18,0.0,23.0,87.5,614,163,1,1,1,0,5,1,1.18,0.0,3,4,10,49,2,0.0,0,202,112,0,3,35,23,19,0,0,0,0,2,0,1,0,0,0,1,0.0,0,0,3,0,0
Julian Brandt,GER,MF,Dortmund,Bundesliga,28,1996,19,19,1540.0,17.1,77.8,-0.18,3,3,5,8,3.6,4.5,4.9,3.6,8.4,70,6,34,11,32.4,1.99,0.09,18.8,79.2,9917,2582,43,60,31,12,58,5,4.09,0.35,42,96,135,972,30,43.3,13,2814,1358,34,24,736,459,435,51,14,9,23,7,1,13,5,1,7,70,36.8,1,0,5,7,3
Jarrad Branthwaite,ENG,DF,Everton,Premier League,22,2002,18,16,1448.0,16.1,64.4,0.31,0,0,1,1,0.5,0.2,0.6,0.5,1.1,12,2,5,1,20.0,0.31,0.0,9.1,81.4,10561,4237,2,51,2,1,2,0,0.75,0.12,6,39,1,863,4,50.0,2,2117,1286,6,2,498,369,38,15,25,19,44,109,2,20,7,0,14,49,47.2,3,0,5,10,1
Darko Brašanac,SRB,MF,Leganés,La Liga,33,1992,21,12,1246.0,13.8,57.7,-0.65,1,1,2,3,1.7,0.3,0.2,1.7,1.9,23,2,9,3,33.3,0.65,0.11,12.8,76.0,4137,971,6,20,2,1,7,0,1.66,0.14,4,34,39,521,6,16.7,1,764,336,12,5,274,242,143,24,23,13,36,31,0,16,13,6,10,49,35.4,2,0,28,9,3
Lilian Brassier,FRA,DF,Marseille,Ligue 1,25,1999,12,9,779.0,8.7,39.3,-0.35,0,0,0,0,0.2,0.1,0.0,0.2,0.3,3,0,5,1,20.0,0.58,0.0,11.3,85.8,8815,2726,1,48,2,0,5,0,0.35,0.0,11,40,8,732,9,11.1,1,2283,1108,9,4,532,382,48,11,8,9,17,28,2,8,0,0,6,38,70.8,3,0,7,3,0
Lilian Brassier,FRA,DF,Rennes,Ligue 1,25,1999,3,3,245.0,2.7,39.3,-0.35,0,0,0,0,0.3,0.1,0.0,0.3,0.3,3,0,5,1,20.0,0.58,0.0,11.3,85.8,8815,2726,1,48,2,0,5,0,0.35,0.0,4,8,2,732,9,11.1,1,2283,1108,9,4,532,382,48,11,8,9,17,28,2,8,0,0,6,38,70.8,3,0,7,3,0
Matthias Braunöder,AUT,MF,Como,Serie A,22,2002,8,3,268.0,3.0,11.9,-2.69,0,0,0,0,0.1,0.0,0.0,0.1,0.1,4,0,2,0,0.0,0.67,0.0,24.8,87.7,2154,616,0,13,0,0,0,0,1.34,0.0,2,18,0,175,4,25.0,1,362,187,3,2,112,108,25,3,10,2,12,4,1,3,3,1,4,8,20.0,3,1,10,5,0
Iker Bravo,ESP,FW,Udinese,Serie A,20,2005,18,2,319.0,3.5,14.2,0.28,2,2,1,3,0.6,0.3,0.4,0.6,1.0,10,0,5,2,40.0,1.41,0.4,14.8,76.8,1118,279,6,5,5,1,6,0,2.81,0.0,3,12,18,141,15,53.3,8,463,189,12,9,98,62,67,10,6,0,6,3,0,1,5,0,3,19,26.3,2,0,5,8,1
James Bree,ENG,DF,Southampton,Premier League,27,1997,12,9,755.0,8.4,33.6,-1.55,0,0,1,1,0.1,0.5,0.9,0.1,1.0,14,1,4,1,25.0,0.48,0.0,22.7,82.8,5914,1643,10,21,4,0,20,3,1.67,0.12,9,26,31,519,6,50.0,3,1221,629,5,4,336,228,138,10,15,7,22,22,0,8,9,1,10,43,75.0,0,0,2,4,0
Tim Breithaupt,GER,MF,Augsburg,Bundesliga,23,2002,2,2,120.0,1.3,6.1,-1.5,0,0,1,1,0.1,0.3,0.4,0.1,0.4,3,2,1,0,0.0,0.75,0.0,7.9,86.6,1042,369,1,10,1,0,1,1,2.25,1.5,1,10,1,75,2,100.0,2,174,67,3,2,47,49,8,1,1,2,3,0,0,1,1,0,1,9,44.4,0,0,2,3,0
Gleison Bremer,BRA,DF,Juventus,Serie A,27,1997,6,6,540.0,6.0,24.0,1.5,0,0,0,0,0.1,0.1,0.0,0.1,0.1,3,0,3,0,0.0,0.5,0.0,18.1,92.9,9245,3225,0,26,0,0,0,0,0.5,0.0,2,21,0,569,4,75.0,3,1760,985,4,2,445,268,15,3,15,6,21,16,0,15,5,1,7,23,61.1,2,0,9,5,0
Brenner,BRA,MF,Udinese,Serie A,25,2000,9,5,386.0,4.3,17.2,0.23,1,1,2,3,0.6,0.1,0.5,0.6,1.1,11,1,7,4,57.1,1.63,0.14,19.8,76.3,1480,357,5,5,1,1,11,1,2.56,0.23,5,7,16,151,5,60.0,3,502,210,5,9,107,74,53,6,6,1,7,6,0,4,3,1,4,16,40.0,0,0,0,5,0
Ben Brereton,CHI,FW,Southampton,Premier League,25,1999,10,4,449.0,5.0,20.0,-1.6,0,0,0,0,0.9,0.1,0.1,0.9,1.0,9,0,11,1,9.1,2.2,0.0,17.3,77.1,1836,383,3,9,2,1,5,1,1.8,0.0,12,9,42,206,4,25.0,1,791,394,9,4,171,76,112,20,3,0,3,4,0,2,2,1,2,16,56.3,1,0,4,8,1
Marco Brescianini,ITA,MF,Atalanta,Serie A,25,2000,19,7,733.0,8.1,32.6,0.61,3,3,2,5,2.7,0.7,0.9,2.7,3.7,18,4,15,7,46.7,1.84,0.2,13.6,79.5,3350,629,6,17,8,4,17,2,2.22,0.49,37,23,55,388,16,37.5,6,1773,912,20,17,310,177,183,27,10,2,12,4,0,11,5,2,5,34,50.0,1,0,16,6,2
Maximilian Breunig,GER,FW,Heidenheim,Bundesliga,24,2000,13,2,350.0,3.9,17.7,-1.03,2,1,0,2,3.4,0.1,0.2,2.7,2.9,8,0,10,2,20.0,2.57,0.1,15.2,58.0,789,140,4,5,0,0,1,0,2.06,0.0,5,7,13,140,7,42.9,3,304,138,15,6,96,77,51,17,4,1,5,3,0,9,2,1,3,13,22.5,0,0,8,5,1
Anthony Briançon,FRA,DF,Saint-Etienne,Ligue 1,30,1994,1,0,1.0,0.0,0.1,0.0,0,0,0,0,0.0,0.0,0.0,0.0,0.0,0,0,0,0,0.0,0.0,0.0,0.0,0.0,0,0,0,0,0,0,0,0,0.0,0.0,0,0,0,0,0,0.0,0,0,0,0,0,0,0,0,0,0,0,0,0,0,0,0,0,0,0,0.0,0,0,0,0,0
Nathan Broadhead,WAL,FW,Ipswich Town,Premier League,26,1998,9,4,380.0,4.2,16.9,0.47,0,0,0,0,1.0,0.9,0.5,1.0,1.5,12,1,8,5,62.5,1.89,0.0,16.8,78.0,1407,334,5,10,4,1,6,0,2.85,0.24,12,10,19,175,23,56.5,13,742,389,8,8,121,86,69,13,4,3,7,5,0,2,3,0,2,20,0.0,1,0,2,8,1
Armando Broja,ALB,FW,Everton,Premier League,23,2001,5,2,159.0,1.8,7.1,-1.13,0,0,0,0,0.1,0.1,0.1,0.1,0.2,4,0,4,0,0.0,2.26,0.0,17.3,79.4,334,85,2,2,0,0,1,0,2.26,0.0,8,2,15,65,11,45.5,5,403,202,7,7,46,19,41,11,2,0,2,3,0,3,1,0,1,5,56.3,1,0,4,2,2
David Brooks,WAL,FW,Bournemouth,Premier League,27,1997,18,7,638.0,7.1,28.4,1.69,2,2,0,2,1.7,1.4,1.6,1.7,3.2,26,1,19,9,47.4,2.68,0.11,16.4,71.3,2516,728,12,7,11,2,34,5,3.67,0.14,22,14,61,330,26,30.8,8,1424,640,18,7,218,117,177,28,9,4,13,6,1,12,4,3,3,37,38.5,3,0,6,12,0
Arvid Brorsson,SWE,DF,Monza,Serie A,25,1999,1,0,13.0,0.1,0.6,0.0,0,0,0,0,0.0,0.0,0.0,0.0,0.0,0,0,0,0,0.0,0.0,0.0,0.0,57.1,83,10,0,0,0,0,0,0,0.0,0.0,0,0,0,10,0,0.0,0,19,1,0,0,6,4,0,0,0,0,0,2,1,1,0,0,0,0,50.0,0,0,0,0,0
Moritz Broschinski,GER,FW,Bochum,Bundesliga,24,2000,22,14,1198.0,13.3,60.5,-1.5,1,1,3,4,3.6,1.1,1.6,3.6,5.2,30,4,34,10,29.4,2.55,0.03,17.7,64.4,2362,481,9,7,7,0,20,4,2.26,0.3,28,17,109,458,34,23.5,8,1399,627,60,29,324,190,228,50,18,1,19,17,0,15,6,6,14,53,43.9,1,0,19,16,4
Nathaniel Brown,GER,DF,Eint Frankfurt,Bundesliga,21,2003,14,12,1020.0,11.3,51.5,1.41,3,3,4,7,2.1,2.0,1.8,2.1,3.9,34,7,11,5,45.5,0.97,0.27,14.8,78.5,5951,1754,21,22,12,2,58,4,3.0,0.62,28,39,74,667,22,31.8,7,1855,1012,13,6,379,272,235,35,36,6,42,34,0,14,11,7,27,45,20.0,1,0,7,14,0
Jacob Bruun Larsen,DEN,FW,Hoffenheim,Bundesliga,26,1998,12,3,400.0,4.4,20.2,-0.68,2,2,2,4,2.3,0.7,0.6,2.3,2.9,19,4,14,6,42.9,3.15,0.14,15.2,74.2,1819,401,8,7,6,2,19,2,4.29,0.9,16,16,41,226,21,33.3,7,896,471,9,9,167,82,133,30,4,1,5,2,0,5,2,1,3,16,62.5,0,0,2,2,3
Jacob Bruun Larsen,DEN,MF,Stuttgart,Bundesliga,26,1998,5,3,271.0,3.0,20.2,-0.68,1,1,0,1,0.3,0.7,1.1,0.3,1.4,19,4,14,6,42.9,3.15,0.14,15.2,74.2,1819,401,8,7,6,2,19,2,4.29,0.9,14,12,28,226,21,33.3,7,896,471,9,9,167,82,133,30,4,1,5,2,0,5,2,1,3,16,62.5,0,0,2,2,3
Tajon Buchanan,CAN,DF,Inter,Serie A,26,1999,6,0,95.0,1.1,4.2,0.95,0,0,0,0,0.0,0.1,0.1,0.0,0.1,3,0,0,0,0.0,0.0,0.0,0.0,83.3,509,151,1,2,0,0,3,0,2.84,0.0,6,2,8,64,9,33.3,3,403,259,2,2,44,29,19,2,3,0,3,3,0,0,0,1,0,6,100.0,0,0,2,4,0
Tajon Buchanan,CAN,MF,Villarreal,La Liga,26,1999,2,0,40.0,0.4,4.2,0.95,0,0,0,0,0.0,0.1,0.0,0.0,0.0,3,0,0,0,0.0,0.0,0.0,0.0,83.3,509,151,1,2,0,0,3,0,2.84,0.0,4,0,2,64,9,33.3,3,403,259,2,2,44,29,19,2,3,0,3,3,0,0,0,1,0,6,100.0,0,0,2,4,0
Ante Budimir,CRO,FW,Osasuna,La Liga,33,1991,24,21,1806.0,20.1,83.6,0.1,13,8,1,14,9.9,1.0,1.2,6.2,7.4,33,10,50,17,34.0,2.49,0.16,12.5,54.7,1916,320,10,4,7,1,4,0,1.64,0.5,16,17,81,502,26,38.5,10,1027,367,60,27,334,217,262,112,13,1,14,13,0,14,7,4,6,31,51.1,3,0,25,18,10
Emi Buendía,ARG,MF,Aston Villa,Premier League,28,1996,12,0,98.0,1.1,4.4,-0.92,0,0,0,0,0.7,0.0,0.0,0.7,0.7,3,0,5,0,0.0,4.59,0.0,19.1,81.7,624,166,1,4,1,1,0,0,2.76,0.0,3,7,6,82,2,0.0,0,185,119,4,3,64,35,31,3,6,0,6,2,0,5,2,1,6,8,0.0,1,0,4,6,0
Emi Buendía,ARG,MF,Leverkusen,Bundesliga,28,1996,2,0,41.0,0.5,4.4,-0.92,0,0,0,0,0.1,0.0,0.2,0.1,0.2,3,0,5,0,0.0,4.59,0.0,19.1,81.7,624,166,1,4,1,1,0,0,2.76,0.0,1,5,0,82,2,0.0,0,185,119,4,3,64,35,31,3,6,0,6,2,0,5,2,1,6,8,0.0,1,0,4,6,0
Manu Bueno,ESP,MF,Sevilla,La Liga,20,2004,4,1,98.0,1.1,4.5,0.92,1,1,0,1,0.1,0.0,0.0,0.1,0.1,0,0,4,1,25.0,3.67,0.25,26.8,91.3,689,77,0,3,1,0,0,0,0.0,0.0,2,3,4,62,1,100.0,1,179,86,2,2,49,31,20,2,4,0,4,2,0,0,1,3,3,5,0.0,0,0,1,3,0
Santiago Bueno,URU,DF,Wolves,Premier League,26,1998,18,15,1364.0,15.2,60.6,-0.66,0,0,0,0,0.4,0.1,0.0,0.4,0.4,11,4,6,3,50.0,0.4,0.0,14.0,87.1,11086,3435,0,20,1,0,0,0,0.73,0.26,1,23,1,829,2,0.0,0,2256,1174,2,2,541,397,18,6,28,13,41,45,0,30,9,1,14,35,55.2,0,0,21,3,0
Endika Buján,ESP,FW,Athletic Club,La Liga,22,2003,1,0,7.0,0.1,0.3,0.0,0,0,0,0,0.0,0.0,0.0,0.0,0.0,0,0,0,0,0.0,0.0,0.0,0.0,80.0,41,12,0,0,0,0,1,0,0.0,0.0,1,0,0,7,2,50.0,1,26,13,0,0,5,0,7,2,0,0,0,0,0,0,0,0,0,0,0.0,0,0,0,0,0
Marius Bülter,GER,FW,Hoffenheim,Bundesliga,31,1993,15,14,1027.0,11.4,51.9,-0.44,4,4,1,5,2.6,2.7,2.3,2.6,5.0,35,5,20,9,45.0,1.75,0.2,14.7,68.2,3366,933,14,20,19,2,46,9,3.07,0.44,36,23,105,406,28,50.0,14,1676,854,33,12,323,161,221,50,7,1,8,5,0,4,4,2,7,34,37.0,3,0,8,24,4
Facundo Buonanotte,ARG,FW,Leicester City,Premier League,20,2004,21,12,1152.0,12.8,51.2,-0.62,4,4,2,6,3.3,2.0,2.8,3.3,6.1,44,4,25,10,40.0,1.95,0.16,17.3,76.1,5476,1405,22,31,11,6,32,1,3.44,0.31,33,41,54,659,66,33.3,22,2220,1043,39,29,401,333,237,29,42,8,50,8,0,27,16,12,22,66,25.0,6,0,26,26,3
Alessandro Buongiorno,ITA,DF,Napoli,Serie A,25,1999,16,16,1411.0,15.7,62.7,1.02,1,1,0,1,0.8,0.6,0.6,0.8,1.4,13,0,7,3,42.9,0.45,0.14,10.2,91.2,15075,4893,4,49,3,0,0,0,0.83,0.0,13,67,2,1107,3,0.0,0,3406,2113,8,6,790,596,39,12,27,27,54,46,1,21,10,0,18,66,65.9,1,0,10,14,1
Cameron Burgess,AUS,DF,Ipswich Town,Premier League,29,1995,10,10,900.0,10.0,40.0,-1.3,0,0,1,1,0.7,0.2,0.3,0.7,1.0,6,2,9,1,11.1,0.9,0.0,9.7,80.0,6997,3284,3,30,2,1,0,0,0.6,0.2,2,27,3,618,0,0.0,0,1454,756,2,0,372,222,36,19,9,9,18,67,1,14,2,0,7,30,68.9,0,0,2,2,0
Jonathan Burkardt,GER,FW,Mainz 05,Bundesliga,24,2000,18,17,1208.0,13.4,61.0,0.67,13,12,2,15,9.8,1.5,2.2,9.0,11.2,28,5,36,17,47.2,2.68,0.33,11.7,71.1,3581,445,12,11,8,1,16,1,2.09,0.37,15,24,88,453,18,38.9,7,995,395,43,22,311,211,208,65,6,0,6,12,0,7,2,3,3,44,20.7,0,0,13,15,7
Oliver Burke,SCO,FW,Werder Bremen,Bundesliga,27,1997,15,0,185.0,2.1,9.3,0.49,2,2,0,2,1.6,0.2,0.3,1.6,1.9,10,1,11,3,27.3,5.35,0.18,12.3,50.7,415,119,3,2,1,0,5,0,4.86,0.49,5,5,20,114,6,33.3,2,506,195,8,3,78,43,60,21,7,1,8,2,0,4,0,4,3,10,80.0,2,0,4,0,0
Dan Burn,ENG,DF,Newcastle,Premier League,32,1992,24,24,2160.0,24.0,96.0,0.46,0,0,0,0,1.1,0.7,0.2,1.1,1.3,13,3,14,4,28.6,0.58,0.0,10.5,90.2,20553,7204,3,17,6,0,2,0,0.54,0.12,3,39,6,1503,2,100.0,2,3889,1581,9,2,1029,557,69,32,28,16,44,117,2,22,10,1,15,63,62.8,7,0,19,9,4
Rareș-Cătălin Burnete,ROU,FW,Lecce,Serie A,21,2004,2,0,19.0,0.2,0.8,-9.47,0,0,0,0,0.1,0.0,0.0,0.1,0.1,0,0,1,0,0.0,4.74,0.0,16.0,66.7,43,0,0,0,0,0,0,0,0.0,0.0,0,0,4,11,0,0.0,0,9,1,4,2,7,5,6,2,0,0,0,0,0,0,0,0,0,2,0.0,0,0,0,0,0
Wes Burns,WAL,FW,Ipswich Town,Premier League,30,1994,18,12,926.0,10.3,41.2,-1.56,0,0,1,1,0.5,1.2,1.6,0.5,2.2,16,1,7,1,14.3,0.68,0.0,18.3,60.5,2416,597,10,8,8,0,46,7,1.55,0.1,38,8,65,350,24,37.5,9,1458,696,17,13,220,129,160,18,13,10,23,13,2,7,9,3,11,50,27.6,1,0,4,11,0
Marnon Busch,GER,DF,Heidenheim,Bundesliga,30,1994,13,7,754.0,8.4,38.1,-1.07,0,0,1,1,0.2,1.4,0.9,0.2,1.1,21,1,8,2,25.0,0.95,0.0,28.0,74.0,8283,2902,10,36,12,1,30,8,2.51,0.12,13,36,28,644,5,40.0,2,1398,722,10,0,357,303,107,5,13,8,21,38,3,15,5,0,9,34,46.2,0,0,5,5,0
Gianluca Busio,USA,MF,Venezia,Serie A,22,2002,21,19,1730.0,19.2,80.1,-0.78,1,1,0,1,1.6,1.0,0.9,1.6,2.5,44,2,26,5,19.2,1.35,0.04,19.4,75.1,7459,1821,17,28,21,3,23,4,2.29,0.1,43,68,101,865,37,29.7,11,3153,1627,36,21,586,425,297,36,33,11,44,32,0,22,8,5,22,75,52.6,3,0,18,33,3
Aurélio Buta,POR,DF,Reims,Ligue 1,28,1997,19,18,1471.0,16.3,74.3,-0.37,0,0,1,1,0.2,0.8,0.4,0.2,0.6,26,4,7,1,14.3,0.43,0.0,22.4,83.4,9991,3646,8,48,12,0,24,4,1.59,0.24,19,72,50,950,17,41.2,7,2006,951,20,5,542,447,245,9,32,17,49,42,0,11,10,3,21,59,50.0,5,0,27,21,1
Jean Butez,FRA,GK,Como,Serie A,29,1995,7,7,630.0,7.0,28.0,0.0,0,0,0,0,0.0,0.0,0.0,0.0,0.0,2,0,0,0,0.0,0.0,0.0,0.0,80.8,6452,4515,0,7,0,0,0,0,0.29,0.0,0,0,0,311,0,0.0,0,1031,569,1,0,184,5,0,0,0,0,0,4,0,0,0,0,0,14,100.0,0,0,1,0,0
Marcin Bułka,POL,GK,Nice,Ligue 1,25,1999,22,22,1980.0,22.0,100.0,0.77,0,0,0,0,0.0,0.1,0.2,0.0,0.2,2,1,0,0,0.0,0.0,0.0,0.0,78.8,14769,10160,1,5,0,0,0,0,0.09,0.05,0,0,0,825,1,0.0,0,2329,1469,2,0,433,3,1,1,0,0,0,11,5,0,0,0,0,36,100.0,0,0,0,3,0
Pau Cabanes,ESP,MF,Villarreal,La Liga,20,2005,10,0,163.0,1.8,7.5,2.21,1,1,0,1,0.5,0.2,0.4,0.5,0.9,12,2,4,2,50.0,2.21,0.25,14.2,71.4,897,192,4,1,3,1,6,0,6.63,1.1,10,11,33,122,12,41.7,5,467,245,8,3,89,35,71,11,4,3,7,2,1,5,3,1,4,6,33.3,0,0,4,7,0
Pau Cabanes,ESP,MF,Alaves,La Liga,20,2005,1,0,28.0,0.3,7.5,2.21,0,0,0,0,0.0,0.2,0.0,0.0,0.0,12,2,4,2,50.0,2.21,0.25,14.2,71.4,897,192,4,1,3,1,6,0,6.63,1.1,3,1,3,122,12,41.7,5,467,245,8,3,89,35,71,11,4,3,7,2,1,5,3,1,4,6,33.3,0,0,4,7,0
Rémy Cabella,FRA,FW,Lille,Ligue 1,34,1990,19,10,802.0,8.9,40.5,0.11,0,0,2,2,2.6,2.5,1.9,2.6,4.5,45,6,23,6,26.1,2.58,0.0,14.9,81.8,6497,1716,19,29,19,0,48,7,5.04,0.67,34,51,102,678,27,48.1,13,2162,1125,14,9,499,275,356,41,31,8,39,3,0,9,10,8,15,53,14.3,1,0,16,15,0
Leandro Cabrera,URU,DF,Espanyol,La Liga,33,1991,20,19,1710.0,19.0,79.2,-0.53,2,2,1,3,0.6,0.6,0.4,0.6,1.0,15,4,10,3,30.0,0.53,0.2,11.1,72.6,13195,6353,6,55,7,1,12,1,0.79,0.21,6,47,3,1089,1,100.0,1,2389,1515,7,0,609,441,42,20,29,21,50,108,1,22,7,1,15,54,62.0,3,0,15,5,0
Liberato Cacace,NZL,DF,Empoli,Serie A,24,2000,21,12,1204.0,13.4,53.5,-1.27,2,2,2,4,1.6,0.7,0.9,1.6,2.4,32,2,18,8,44.4,1.35,0.11,17.4,67.6,5255,2035,16,28,9,1,52,4,2.39,0.15,34,36,61,636,36,30.6,11,2033,1174,18,11,342,242,202,31,21,9,30,34,0,17,7,1,15,51,44.4,4,0,17,10,3
Anthony Caci,FRA,DF,Mainz 05,Bundesliga,27,1997,21,21,1705.0,18.9,86.1,0.69,1,1,5,6,2.1,4.9,4.2,2.1,6.2,63,8,20,9,45.0,1.06,0.05,17.8,71.6,12276,5103,32,52,29,3,87,10,3.33,0.42,26,82,96,1224,42,47.6,20,2376,996,27,18,707,548,426,35,45,13,58,32,2,20,19,10,30,84,53.2,6,0,28,10,10
Mathieu Cafaro,FRA,MF,Saint-Etienne,Ligue 1,27,1997,15,9,732.0,8.1,37.0,-1.84,1,1,0,1,1.5,1.3,1.3,1.5,2.8,25,2,23,10,43.5,2.83,0.04,20.3,72.0,2760,750,13,12,9,2,27,4,3.07,0.25,19,16,51,324,17,41.2,7,1138,529,16,10,225,112,153,27,10,7,17,3,0,7,4,2,7,30,42.9,3,1,11,14,3
Moisés Caicedo,ECU,MF,Chelsea,Premier League,23,2001,25,25,2189.0,24.3,97.3,0.49,1,1,2,3,0.6,1.7,2.3,0.6,2.8,68,6,12,2,16.7,0.49,0.08,24.6,89.3,22925,6089,21,159,22,7,8,2,2.8,0.25,27,129,27,1752,35,40.0,14,4511,2180,24,16,1244,1070,324,10,73,34,107,36,0,32,35,7,46,146,70.6,7,0,52,35,0
Tom Cairney,SCO,MF,Fulham,Premier League,34,1991,17,2,397.0,4.4,17.6,0.68,1,1,0,1,0.1,0.9,0.7,0.1,0.8,23,2,4,1,25.0,0.91,0.25,23.5,91.9,6433,1387,7,42,7,0,12,3,5.19,0.45,12,43,20,477,11,36.4,4,1591,766,3,3,397,258,164,7,7,4,11,1,1,3,2,3,2,34,33.3,2,1,6,14,0
Jens Cajuste,SWE,MF,Ipswich Town,Premier League,25,1999,18,15,1121.0,12.5,49.8,-0.96,0,0,0,0,0.1,0.3,0.3,0.1,0.4,15,0,4,0,0.0,0.32,0.0,22.5,83.5,6138,1128,7,25,3,1,6,0,1.2,0.0,16,30,8,576,23,56.5,13,1449,772,13,7,335,295,118,6,27,17,44,18,2,16,14,1,11,59,35.7,2,0,13,14,0
Davide Calabria,ITA,DF,Bologna,Serie A,28,1996,1,0,4.0,0.0,0.2,22.5,0,0,0,0,0.0,0.0,0.0,0.0,0.0,0,0,0,0,0.0,0.0,0.0,0.0,100.0,101,25,0,1,0,0,0,0,0.0,0.0,0,0,0,6,0,0.0,0,3,2,0,0,4,2,3,0,0,0,0,0,0,0,0,0,0,0,0.0,0,0,0,0,0
Davide Calabria,ITA,DF,Milan,Serie A,28,1996,7,4,316.0,3.5,0.2,22.5,0,0,0,0,0.3,0.0,0.2,0.3,0.5,0,0,0,0,0.0,0.0,0.0,0.0,100.0,101,25,0,1,0,0,0,0,0.0,0.0,8,24,31,6,0,0.0,0,3,2,0,0,4,2,3,0,0,0,0,0,0,0,0,0,0,0,0.0,0,0,0,0,0
Riccardo Calafiori,ITA,DF,Arsenal,Premier League,22,2002,14,8,768.0,8.5,34.1,1.87,2,2,1,3,0.7,0.6,0.2,0.7,0.9,9,2,7,5,71.4,0.82,0.29,13.0,84.8,5398,1421,4,30,5,0,9,1,1.05,0.23,14,39,22,522,11,72.7,8,1261,643,10,4,303,201,174,22,25,9,34,21,0,12,9,2,18,29,65.5,3,0,14,6,2
Luca Caldirola,ITA,DF,Monza,Serie A,34,1991,7,6,490.0,5.4,21.8,-0.92,0,0,0,0,0.2,0.2,0.0,0.2,0.2,1,0,2,1,50.0,0.37,0.0,9.9,87.6,5293,2003,0,11,1,0,1,0,0.18,0.0,3,13,4,371,1,100.0,1,1021,531,2,1,265,166,19,3,6,4,10,22,0,6,1,0,3,9,52.9,2,0,13,7,1
Fernando Calero,ESP,DF,Espanyol,La Liga,29,1995,9,3,345.0,3.8,16.0,-0.26,0,0,0,0,0.2,0.0,0.0,0.2,0.2,3,0,1,0,0.0,0.26,0.0,7.3,83.1,2684,1036,1,5,0,0,0,0,0.78,0.0,0,5,1,209,0,0.0,0,387,213,3,0,115,74,4,1,7,10,17,25,0,8,1,0,3,10,45.5,0,0,3,5,0
Duje Ćaleta-Car,CRO,DF,Lyon,Ligue 1,28,1996,15,14,1247.0,13.9,63.0,0.29,1,1,0,1,1.7,0.9,0.1,1.7,1.9,3,0,7,1,14.3,0.51,0.14,10.4,90.6,14207,4675,2,45,0,1,1,0,0.22,0.0,3,36,0,958,2,50.0,1,2345,1206,6,1,646,454,28,15,16,13,29,73,2,27,8,0,8,47,73.2,7,0,20,6,2
Hakan Çalhanoğlu,TUR,MF,Inter,Serie A,31,1994,17,16,1125.0,12.5,50.0,1.28,4,1,2,6,3.6,3.2,3.3,0.5,3.8,60,7,20,7,35.0,1.6,0.05,30.2,88.3,18057,5549,27,106,19,4,73,7,4.8,0.56,29,111,23,1157,3,33.3,1,3728,1946,11,4,845,647,298,12,30,10,40,9,0,6,17,8,14,64,47.6,3,0,11,10,0
Dominic Calvert-Lewin,ENG,FW,Everton,Premier League,27,1997,22,19,1574.0,17.5,70.0,0.0,3,3,1,4,6.1,0.7,0.6,6.1,6.7,25,4,46,17,37.0,2.63,0.07,12.3,62.6,2035,488,7,19,5,0,6,1,1.43,0.23,22,19,105,491,25,40.0,10,1397,444,71,32,402,204,254,82,9,6,15,18,0,6,4,4,7,32,51.2,2,0,27,22,27
Drissa Camara,CIV,MF,Parma,Serie A,22,2002,15,1,369.0,4.1,16.4,-1.71,0,0,0,0,1.2,0.2,0.3,1.2,1.6,9,2,15,5,33.3,3.66,0.0,19.8,74.7,1861,494,2,15,3,1,5,0,2.2,0.49,18,24,30,217,25,64.0,16,1144,639,10,2,153,102,103,21,9,2,11,1,0,6,6,1,7,21,22.2,3,0,14,14,1
Issiaga Camara,GUI,MF,Nice,Ligue 1,20,2005,4,0,20.0,0.2,1.0,-9.0,0,0,0,0,0.0,0.0,0.0,0.0,0.0,2,0,0,0,0.0,0.0,0.0,0.0,93.8,197,57,0,2,0,0,0,0,9.0,0.0,1,2,1,23,1,0.0,0,63,28,1,0,13,19,2,0,2,3,5,0,0,0,2,0,1,4,0.0,0,0,0,2,0
Lamine Camara,SEN,MF,Monaco,Ligue 1,21,2004,18,16,1291.0,14.3,65.2,0.84,2,2,6,8,1.5,3.4,3.2,1.5,4.7,59,10,20,7,35.0,1.39,0.1,22.7,82.8,13723,4043,30,76,19,2,72,3,4.11,0.7,19,97,29,1089,17,52.9,9,2818,1210,27,14,708,667,262,14,45,22,67,20,1,22,25,6,30,92,46.7,7,1,33,23,0
Mahdi Camara,FRA,MF,Brest,Ligue 1,26,1998,22,19,1623.0,18.0,82.0,-0.11,3,3,2,5,2.3,1.9,1.7,2.3,4.0,48,4,28,11,39.3,1.55,0.11,16.7,86.6,9450,2103,20,49,12,0,25,7,2.66,0.22,32,67,54,928,46,39.1,18,2779,1466,21,18,573,521,254,42,53,19,72,19,0,29,29,13,30,66,33.3,4,0,24,30,2
Francesco Camarda,ITA,FW,Milan,Serie A,16,2008,8,1,158.0,1.8,7.3,0.0,0,0,0,0,0.4,0.2,0.3,0.4,0.6,2,0,4,1,25.0,2.28,0.0,14.6,83.9,309,23,1,1,0,0,1,0,1.13,0.0,2,0,9,60,7,28.6,2,143,55,6,3,33,26,25,10,5,0,5,3,0,1,2,3,2,4,40.0,0,0,6,1,2
Eduardo Camavinga,FRA,MF,Real Madrid,La Liga,22,2002,10,7,621.0,6.9,28.8,1.45,0,0,2,2,0.1,0.3,0.2,0.1,0.3,14,1,4,0,0.0,0.58,0.0,19.7,88.3,6829,1712,6,38,3,1,1,0,2.03,0.15,13,40,12,554,11,45.5,5,1531,840,4,4,369,287,121,8,23,8,31,13,0,13,9,3,13,50,42.1,1,0,11,21,1
Nicolò Cambiaghi,ITA,FW,Bologna,Serie A,24,2000,4,0,73.0,0.8,3.4,1.23,0,0,0,0,0.1,0.5,0.2,0.1,0.3,5,0,2,1,50.0,2.47,0.0,19.1,72.1,423,93,2,3,2,0,8,1,6.25,0.0,7,6,5,56,2,50.0,1,263,146,1,0,40,22,31,2,3,2,5,0,0,3,2,0,2,7,50.0,0,0,0,2,0
Andrea Cambiaso,ITA,DF,Juventus,Serie A,24,2000,22,17,1536.0,17.1,68.3,0.82,2,2,0,2,0.5,1.3,2.0,0.5,2.4,62,5,11,4,36.4,0.64,0.18,23.5,89.1,17351,3461,24,52,22,1,36,7,3.64,0.29,60,77,77,1329,32,56.3,18,5276,2731,31,13,967,663,329,26,34,11,45,24,4,17,8,5,21,78,35.7,4,0,21,18,2
Axel Camblan,FRA,MF,Brest,Ligue 1,21,2003,2,0,26.0,0.3,1.3,0.0,0,0,0,0,0.0,0.0,0.0,0.0,0.0,0,0,1,0,0.0,3.46,0.0,16.0,42.9,44,23,0,1,0,0,1,0,0.0,0.0,2,2,1,10,0,0.0,0,68,50,0,0,8,3,7,3,1,0,1,0,0,1,0,1,1,0,0.0,0,0,0,0,0
Sergio Camello,ESP,FW,Rayo,La Liga,24,2001,23,14,1134.0,12.6,54.8,-0.08,3,3,2,5,4.1,1.1,2.0,4.1,6.1,38,5,32,9,28.1,2.54,0.09,16.3,78.7,2869,452,19,12,7,7,6,0,3.02,0.4,20,27,68,398,23,56.5,13,1128,554,38,23,308,173,196,46,9,4,13,16,0,8,5,2,3,32,29.7,2,0,11,10,2
José Campaña,ESP,MF,Las Palmas,La Liga,31,1993,14,10,738.0,8.2,34.2,-0.12,0,0,2,2,0.1,0.7,0.6,0.1,0.7,22,2,3,1,33.3,0.37,0.0,43.0,87.2,7895,2705,8,45,9,2,17,3,2.68,0.24,4,51,9,610,12,50.0,6,1367,578,9,5,405,375,86,3,13,15,28,13,1,3,6,2,11,54,78.6,3,0,4,17,0
Cole Campbell,USA,MF,Dortmund,Bundesliga,18,2006,4,0,22.0,0.2,1.1,0.0,0,0,0,0,0.0,0.0,0.0,0.0,0.0,0,0,0,0,0.0,0.0,0.0,0.0,86.7,176,46,0,0,1,0,1,1,0.0,0.0,1,0,1,21,1,0.0,0,57,34,3,0,13,9,8,0,0,0,0,1,0,0,0,0,0,3,0.0,0,0,1,1,0
Emre Can,GER,DF,Dortmund,Bundesliga,31,1994,19,15,1323.0,14.7,66.8,-0.07,2,0,0,2,1.9,0.6,0.2,0.3,0.5,17,2,6,0,0.0,0.41,0.0,26.4,90.5,20852,6665,3,75,2,2,10,0,1.16,0.14,14,82,8,1422,18,61.1,11,4533,2399,12,7,1070,826,128,9,32,10,42,48,3,14,10,2,18,65,64.4,3,1,14,15,0
Peio Canales,ESP,MF,Athletic Club,La Liga,20,2005,3,0,39.0,0.4,1.8,-2.31,0,0,0,0,0.0,0.1,0.0,0.0,0.0,0,0,1,0,0.0,2.31,0.0,27.8,69.6,308,41,0,1,0,0,5,0,0.0,0.0,0,0,3,30,2,50.0,1,54,9,0,0,16,12,14,0,1,1,2,1,0,0,0,1,1,5,0.0,0,0,0,1,0
Matteo Cancellieri,ITA,FW,Parma,Serie A,23,2002,23,16,1185.0,13.2,52.7,-0.76,3,3,0,3,2.4,0.5,0.6,2.4,3.0,24,2,20,7,35.0,1.52,0.15,17.7,65.0,2323,709,9,15,5,3,16,3,1.83,0.15,33,21,67,451,64,42.2,27,1701,831,28,22,291,182,194,34,24,13,37,21,0,14,8,1,15,48,48.0,1,1,19,33,2
Fali Candé,GNB,DF,Venezia,Serie A,27,1998,3,3,270.0,3.0,12.5,-0.67,0,0,1,1,0.3,0.0,0.5,0.3,0.8,4,2,1,0,0.0,0.33,0.0,2.8,80.4,2848,1252,2,12,0,0,2,0,1.33,0.67,1,13,0,246,2,50.0,1,601,253,1,2,144,99,9,1,3,2,5,15,0,5,1,0,3,14,73.3,1,0,5,4,0
Antonio Candela,ITA,DF,Venezia,Serie A,24,2000,14,12,1008.0,11.2,46.7,-1.25,0,0,1,1,0.3,0.5,0.8,0.3,1.2,17,1,5,0,0.0,0.45,0.0,19.1,74.2,4708,1990,9,26,6,0,22,6,1.52,0.09,12,27,25,505,12,50.0,6,1430,700,17,10,285,201,112,13,31,8,39,22,2,7,11,7,21,38,51.9,2,0,14,4,0
Antonio Candela,ITA,DF,Valladolid,La Liga,24,2000,2,2,167.0,1.9,46.7,-1.25,0,0,0,0,0.0,0.5,0.0,0.0,0.0,17,1,5,0,0.0,0.45,0.0,19.1,74.2,4708,1990,9,26,6,0,22,6,1.52,0.09,4,5,3,505,12,50.0,6,1430,700,17,10,285,201,112,13,31,8,39,22,2,7,11,7,21,38,51.9,2,0,14,4,0
Sergi Canós,ESP,MF,Valencia,La Liga,28,1997,14,2,342.0,3.8,15.8,-1.58,0,0,0,0,0.5,0.2,0.1,0.5,0.6,17,0,10,3,30.0,2.63,0.0,19.0,56.1,1335,341,3,8,2,0,17,2,4.45,0.0,7,8,43,216,13,7.7,1,503,272,12,5,154,69,116,20,10,5,15,4,0,5,4,3,6,20,40.0,3,0,11,6,1
Jaydee Canvot,FRA,DF,Toulouse,Ligue 1,18,2006,9,7,616.0,6.8,31.1,-0.73,0,0,0,0,0.1,0.3,0.3,0.1,0.5,9,1,3,1,33.3,0.44,0.0,16.6,86.4,4283,1203,3,26,5,2,3,2,1.31,0.15,4,25,0,363,7,57.1,4,977,446,4,7,233,173,46,4,14,5,19,22,0,8,4,2,6,26,50.0,1,0,9,1,0
Pierrick Capelle,FRA,MF,Angers,Ligue 1,37,1987,12,2,321.0,3.6,16.2,0.28,0,0,0,0,0.1,0.4,0.7,0.1,0.8,10,1,3,0,0.0,0.84,0.0,23.2,76.2,1899,538,3,12,2,1,9,1,2.8,0.28,7,13,13,192,9,66.7,6,489,213,11,4,107,117,53,4,14,7,21,3,1,3,5,3,10,21,50.0,2,0,5,1,1
Gianluca Caprari,ITA,MF,Monza,Serie A,31,1993,23,12,1040.0,11.6,46.2,-0.43,2,0,1,3,2.5,1.5,1.5,0.9,2.5,47,4,13,4,30.8,1.13,0.0,23.1,78.5,5528,1258,23,16,11,2,58,1,4.06,0.35,27,50,71,562,27,25.9,7,2072,932,29,24,401,258,259,24,15,3,18,2,1,11,7,2,9,43,25.0,3,0,13,28,3
Elia Caprile,ITA,GK,Cagliari,Serie A,23,2001,6,6,540.0,6.0,24.0,0.17,0,0,0,0,0.0,0.0,0.0,0.0,0.0,0,0,0,0,0.0,0.0,0.0,0.0,69.1,5161,4119,0,2,0,0,0,0,0.0,0.0,0,0,0,251,0,0.0,0,593,400,0,0,101,0,0,0,0,0,0,1,1,0,0,0,0,7,0.0,0,0,0,5,0
Elia Caprile,ITA,GK,Napoli,Serie A,23,2001,4,3,325.0,3.6,24.0,0.17,0,0,0,0,0.0,0.0,0.0,0.0,0.0,0,0,0,0,0.0,0.0,0.0,0.0,69.1,5161,4119,0,2,0,0,0,0,0.0,0.0,0,0,0,251,0,0.0,0,593,400,0,0,101,0,0,0,0,0,0,1,1,0,0,0,0,7,0.0,0,0,0,5,0
Gabin Capuano,FRA,FW,Lens,Ligue 1,18,2006,1,0,11.0,0.1,0.6,0.0,0,0,0,0,0.0,0.0,0.0,0.0,0.0,1,0,0,0,0.0,0.0,0.0,0.0,100.0,22,6,0,0,0,0,0,0,8.18,0.0,0,0,1,4,0,0.0,0,21,1,1,0,4,2,2,0,0,0,0,0,0,0,0,0,0,0,0.0,0,0,1,0,0
Francesco Caputo,ITA,FW,Empoli,Serie A,37,1987,1,0,6.0,0.1,0.3,0.0,0,0,0,0,0.0,0.0,0.0,0.0,0.0,0,0,0,0,0.0,0.0,0.0,0.0,100.0,26,0,0,0,0,0,0,0,0.0,0.0,0,0,1,2,0,0.0,0,1,0,0,0,1,1,1,0,0,0,0,0,0,0,0,0,0,1,0.0,0,0,0,0,0
Maxence Caqueret,FRA,MF,Como,Serie A,25,2000,5,3,250.0,2.8,11.1,0.0,0,0,2,2,0.0,0.1,0.5,0.0,0.5,9,3,1,1,100.0,0.36,0.0,20.1,81.7,1618,626,5,13,0,0,3,0,3.24,1.08,6,10,4,156,10,30.0,3,374,187,2,3,109,85,29,4,11,0,11,1,0,6,3,0,5,15,0.0,1,0,4,2,0
Maxence Caqueret,FRA,MF,Lyon,Ligue 1,25,2000,9,6,573.0,6.4,11.1,0.0,0,0,0,0,0.7,0.1,0.4,0.7,1.1,9,3,1,1,100.0,0.36,0.0,20.1,81.7,1618,626,5,13,0,0,3,0,3.24,1.08,14,50,15,156,10,30.0,3,374,187,2,3,109,85,29,4,11,0,11,1,0,6,3,0,5,15,0.0,1,0,4,2,0
Andrea Carboni,ITA,DF,Monza,Serie A,24,2001,19,18,1591.0,17.7,70.7,-0.45,0,0,1,1,0.2,0.2,0.3,0.2,0.5,10,2,5,0,0.0,0.28,0.0,20.1,83.4,11545,3565,4,33,3,0,11,3,0.57,0.11,7,38,20,990,5,60.0,3,2168,1080,11,4,648,436,95,14,41,20,61,72,2,22,13,3,22,46,45.0,4,0,23,14,0
Franco Carboni,ITA,DF,Venezia,Serie A,21,2003,6,2,166.0,1.8,7.7,0.0,0,0,0,0,0.0,0.1,0.1,0.0,0.1,3,0,1,0,0.0,0.54,0.0,28.0,68.2,697,268,2,3,2,0,7,2,1.64,0.0,2,2,6,90,3,66.7,2,236,152,1,2,49,25,18,1,5,0,5,11,0,1,0,0,3,8,100.0,1,0,2,1,0
Valentin Carboni,ARG,MF,Marseille,Ligue 1,19,2005,4,1,103.0,1.1,5.2,-0.87,0,0,0,0,0.0,0.1,0.1,0.0,0.2,5,0,2,1,50.0,1.75,0.0,21.4,89.1,816,162,3,4,4,1,2,2,4.37,0.0,4,4,8,81,3,0.0,0,304,100,2,0,69,35,40,2,2,1,3,1,0,1,1,1,2,2,66.7,1,0,5,1,0
Cárdenas,ESP,GK,Rayo,La Liga,27,1997,5,5,450.0,5.0,21.7,0.0,0,0,0,0,0.0,0.0,0.0,0.0,0.0,1,0,0,0,0.0,0.0,0.0,0.0,52.9,2459,1922,0,2,0,0,0,0,0.2,0.0,0,0,0,151,0,0.0,0,361,193,0,0,54,1,0,0,0,0,0,3,0,0,0,0,0,6,0.0,0,0,0,1,0
Irvin Cardona,FRA,FW,Espanyol,La Liga,27,1997,16,5,606.0,6.7,28.1,0.3,1,1,1,2,1.1,1.2,0.6,1.1,1.7,20,3,10,3,30.0,1.49,0.1,17.3,62.1,1428,432,9,9,11,1,14,4,2.97,0.45,14,15,43,246,13,23.1,3,874,460,22,4,167,98,123,23,8,4,12,10,0,5,4,2,5,19,42.1,1,0,8,8,5
Irvin Cardona,FRA,FW,Saint-Etienne,Ligue 1,27,1997,3,1,135.0,1.5,28.1,0.3,0,0,1,1,0.0,1.2,0.6,0.0,0.6,20,3,10,3,30.0,1.49,0.1,17.3,62.1,1428,432,9,9,11,1,14,4,2.97,0.45,8,3,14,246,13,23.1,3,874,460,22,4,167,98,123,23,8,4,12,10,0,5,4,2,5,19,42.1,1,0,8,8,5
Marc Cardona,ESP,FW,Las Palmas,La Liga,29,1995,7,0,90.0,1.0,4.2,-2.0,0,0,0,0,0.2,0.1,0.0,0.2,0.2,1,0,2,0,0.0,2.0,0.0,15.6,87.5,411,68,0,3,0,0,0,0,1.0,0.0,2,2,6,45,3,0.0,0,93,42,1,2,34,23,13,4,1,0,1,0,0,0,1,0,0,4,0.0,1,0,1,2,0
Sergi Cardona,ESP,DF,Villarreal,La Liga,25,1999,23,23,2042.0,22.7,94.5,0.48,1,1,6,7,2.1,3.5,4.9,2.1,7.0,56,9,16,4,25.0,0.71,0.06,13.9,77.9,13396,4850,34,45,27,0,79,15,2.47,0.4,38,51,131,1280,21,33.3,7,2732,1575,16,8,671,444,354,46,44,26,70,76,1,36,14,4,30,101,61.7,6,0,26,20,2
Johnny Cardoso,USA,MF,Betis,La Liga,23,2001,17,14,1275.0,14.2,59.0,0.07,0,0,1,1,0.9,0.6,0.8,0.9,1.7,21,1,9,2,22.2,0.64,0.0,18.3,84.9,8469,2159,6,35,2,2,2,0,1.48,0.07,10,45,20,838,25,60.0,15,1694,788,22,17,506,495,119,11,30,28,58,43,1,23,16,7,18,84,60.0,3,0,20,19,0
Patrik Carlgren,SWE,GK,Nantes,Ligue 1,33,1992,3,3,270.0,3.0,13.6,-0.67,0,0,0,0,0.0,0.0,0.0,0.0,0.0,0,0,0,0,0.0,0.0,0.0,0.0,69.9,1846,1453,0,1,0,0,0,0,0.0,0.0,0,0,0,98,0,0.0,0,333,232,0,0,39,0,0,0,0,0,0,0,0,0,0,0,0,3,0.0,0,0,0,0,0
Diego Carlos,BRA,DF,Aston Villa,Premier League,31,1993,10,8,830.0,9.2,36.9,-0.11,0,0,0,0,0.6,0.1,0.0,0.6,0.6,4,0,4,1,25.0,0.43,0.0,6.7,88.6,10941,4103,0,23,1,0,0,0,0.43,0.0,3,34,0,674,2,100.0,2,2133,1162,1,2,481,330,15,6,8,5,13,36,2,13,1,1,3,36,52.4,1,0,11,1,1
Carmona,ESP,DF,Sevilla,La Liga,23,2002,22,22,1930.0,21.4,89.4,-0.23,0,0,0,0,0.3,0.5,1.3,0.3,1.6,34,0,13,3,23.1,0.61,0.0,26.7,82.5,16771,6267,11,65,11,1,19,3,1.59,0.0,22,75,23,1509,28,39.3,11,3433,1841,26,13,797,832,212,12,54,47,101,58,2,22,18,5,39,116,56.8,5,0,25,29,1
Marco Carnesecchi,ITA,GK,Atalanta,Serie A,24,2000,22,22,1980.0,22.0,88.0,0.86,0,0,0,0,0.0,0.0,0.2,0.0,0.2,3,1,0,0,0.0,0.0,0.0,0.0,73.9,13503,8660,1,7,0,0,0,0,0.14,0.05,0,0,0,734,0,0.0,0,2314,1279,0,0,385,2,0,0,0,0,0,14,1,1,0,0,0,37,100.0,0,0,0,3,0
Sergio Carreira,ESP,MF,Celta Vigo,La Liga,24,2000,11,8,687.0,7.6,31.8,0.13,0,0,2,2,0.1,1.5,1.4,0.1,1.5,18,2,3,0,0.0,0.39,0.0,18.6,77.0,5384,1789,7,16,17,1,25,5,2.36,0.26,22,29,63,510,13,38.5,5,1419,762,8,8,312,200,192,21,20,7,27,17,0,10,3,5,13,28,0.0,0,0,6,4,0
Dani Carvajal,ESP,DF,Real Madrid,La Liga,33,1992,8,7,609.0,6.8,28.2,1.33,1,1,0,1,1.3,0.3,0.2,1.3,1.5,12,2,3,1,33.3,0.44,0.33,3.4,86.2,6523,1419,5,20,5,0,14,0,1.77,0.3,13,27,48,532,5,40.0,2,1288,513,8,6,376,232,176,12,12,10,22,19,1,8,3,2,8,21,58.3,1,0,3,6,0
Fabio Carvalho,POR,FW,Brentford,Premier League,22,2002,18,3,436.0,4.8,19.4,-1.24,1,1,1,2,2.4,0.5,0.5,2.4,3.0,9,1,11,4,36.4,2.27,0.09,15.1,70.4,1702,426,3,11,5,2,10,1,1.85,0.21,9,17,22,238,14,14.3,2,679,353,13,8,138,85,111,21,13,3,16,2,0,6,4,5,9,29,25.0,1,0,5,10,1
William Carvalho,POR,MF,Betis,La Liga,32,1992,4,4,247.0,2.7,11.4,0.0,0,0,0,0,0.1,0.1,0.0,0.1,0.2,7,0,3,1,33.3,1.09,0.0,19.0,82.5,2361,796,1,18,1,0,1,0,2.55,0.0,1,20,2,205,4,75.0,3,608,282,1,6,155,121,28,1,3,3,6,4,0,4,3,0,2,16,80.0,0,0,4,0,0
Cesare Casadei,ITA,MF,Torino,Serie A,22,2003,2,1,110.0,1.2,0.0,0.0,0,0,0,0,0.3,0.0,0.0,0.3,0.3,1,0,3,1,33.3,2.45,0.0,11.8,62.0,444,131,1,4,1,0,0,0,0.82,0.0,2,4,0,61,0,0.0,0,184,84,1,1,36,25,18,4,1,1,2,4,0,0,1,0,1,7,72.2,0,0,1,0,0
Marc Casado,ESP,MF,Barcelona,La Liga,21,2003,19,17,1362.0,15.1,65.8,1.98,0,0,3,3,0.9,1.6,1.3,0.9,2.3,38,6,13,0,0.0,0.86,0.0,23.1,89.0,16025,3617,8,115,5,4,6,0,2.51,0.4,10,94,21,1293,8,37.5,3,2914,1265,15,8,988,891,207,6,35,18,53,20,1,16,22,7,19,80,25.9,4,1,20,31,0
Nicolò Casale,ITA,DF,Bologna,Serie A,27,1998,9,5,485.0,5.4,22.5,-0.19,0,0,0,0,0.1,0.2,0.3,0.1,0.3,4,1,1,0,0.0,0.19,0.0,12.9,86.8,4974,1708,1,13,1,2,0,0,0.74,0.19,1,14,1,331,0,0.0,0,860,416,4,0,199,160,9,3,6,6,12,22,2,10,3,0,3,16,47.2,0,0,10,4,0
Nicolò Casale,ITA,DF,Lazio,Serie A,27,1998,2,2,135.0,1.5,22.5,-0.19,0,0,0,0,0.0,0.2,0.0,0.0,0.0,4,1,1,0,0.0,0.19,0.0,12.9,86.8,4974,1708,1,13,1,2,0,0,0.74,0.19,0,6,0,331,0,0.0,0,860,416,4,0,199,160,9,3,6,6,12,22,2,10,3,0,3,16,47.2,0,0,10,4,0
Casemiro,BRA,MF,Manchester Utd,Premier League,32,1992,15,11,926.0,10.3,41.2,-0.1,1,1,0,1,1.3,1.7,2.2,1.3,3.5,45,3,20,6,30.0,1.94,0.05,18.3,79.6,8416,2621,18,52,15,5,17,5,4.38,0.29,3,50,22,798,5,60.0,3,1330,616,8,9,530,419,166,30,46,10,56,34,3,26,15,7,29,64,62.1,2,0,11,17,3
Kaelan Casey,ENG,DF,West Ham,Premier League,20,2004,1,0,1.0,0.0,0.0,0.0,0,0,0,0,0.0,0.0,0.0,0.0,0.0,0,0,0,0,0.0,0.0,0.0,0.0,0.0,0,0,0,0,0,0,0,0,0.0,0.0,0,0,0,1,0,0.0,0,0,0,0,0,0,0,0,0,0,0,0,1,0,0,0,0,0,0,100.0,0,0,0,0,0
Matty Cash,POL,DF,Aston Villa,Premier League,27,1997,16,15,1258.0,14.0,55.9,0.21,1,1,1,2,0.2,1.0,1.0,0.2,1.2,14,1,6,3,50.0,0.43,0.17,16.2,79.0,7367,2190,8,25,4,0,20,3,1.0,0.07,32,28,46,712,26,50.0,13,2308,1143,10,4,407,295,168,28,38,17,55,34,1,14,15,2,21,45,52.0,5,0,20,10,1
Josué Casimir,FRA,FW,Le Havre,Ligue 1,23,2001,15,11,962.0,10.7,48.6,-0.65,1,1,2,3,1.6,0.6,1.1,1.6,2.7,26,3,13,3,23.1,1.22,0.08,14.7,68.6,3013,782,11,9,7,2,32,3,2.43,0.28,26,21,56,387,18,44.4,8,1279,645,27,19,226,147,153,27,22,2,24,23,1,9,11,3,13,41,26.3,4,0,17,23,4
Federico Cassa,ITA,MF,Atalanta,Serie A,19,2006,2,0,14.0,0.2,0.6,0.0,0,0,0,0,0.0,0.0,0.0,0.0,0.0,1,0,0,0,0.0,0.0,0.0,0.0,83.3,54,9,0,0,0,0,0,0,6.43,0.0,1,1,2,9,1,0.0,0,61,41,0,0,8,2,6,0,0,0,0,0,0,1,0,0,0,1,0.0,0,0,2,1,0
Cristian Cásseres Jr.,VEN,MF,Toulouse,Ligue 1,25,2000,21,20,1733.0,19.3,87.5,0.0,1,1,1,2,0.5,1.5,1.4,0.5,1.9,47,2,10,2,20.0,0.52,0.1,23.6,77.3,12084,3231,19,51,12,2,40,3,2.44,0.1,19,80,24,1104,21,47.6,10,2472,1158,25,6,636,622,192,11,71,26,97,29,1,25,30,5,47,110,55.6,7,0,42,28,0
Timothy Castagne,BEL,DF,Fulham,Premier League,29,1995,15,10,993.0,11.0,44.1,0.45,0,0,1,1,0.2,0.3,1.1,0.2,1.3,16,1,5,2,40.0,0.45,0.0,16.3,82.9,8272,2516,6,33,2,0,26,2,1.45,0.09,12,40,40,744,7,57.1,4,1523,763,7,5,453,307,153,21,27,12,39,44,0,9,11,1,15,36,44.4,1,0,9,3,1
Valentín Castellanos,ARG,FW,Lazio,Serie A,26,1998,22,21,1774.0,19.7,78.8,0.86,9,7,3,12,12.1,2.0,2.5,10.0,12.5,59,11,84,29,34.5,4.26,0.08,16.6,65.4,3704,925,19,37,12,7,22,2,2.99,0.56,23,49,119,635,29,44.8,13,1509,682,41,24,474,274,331,127,9,5,14,19,0,15,3,5,4,38,53.2,6,1,31,32,12
Jean-Charles Castelletto,CMR,DF,Nantes,Ligue 1,30,1995,20,20,1737.0,19.3,87.7,-0.47,0,0,0,0,1.1,0.3,0.1,1.1,1.2,14,1,8,4,50.0,0.41,0.0,13.4,88.3,14047,5179,2,57,5,0,6,1,0.73,0.05,12,70,8,1111,1,100.0,1,2595,1368,13,3,722,575,57,10,26,18,44,103,0,17,13,2,12,63,60.7,4,0,26,6,0
Santiago Castro,ARG,FW,Bologna,Serie A,20,2004,24,20,1699.0,18.9,78.7,0.37,6,6,4,10,4.9,1.4,2.2,4.1,6.4,56,10,45,16,35.6,2.38,0.13,15.7,77.9,4752,702,23,16,4,4,5,0,2.97,0.53,14,26,100,525,36,41.7,15,1378,481,47,50,377,224,261,74,14,2,16,16,0,11,8,2,7,55,39.7,4,0,39,41,7
Gaetano Castrovilli,ITA,MF,Monza,Serie A,28,1997,2,0,64.0,0.7,2.8,-2.81,0,0,0,0,0.1,0.0,0.1,0.1,0.1,1,0,2,0,0.0,2.81,0.0,21.7,73.0,354,83,1,2,0,0,1,0,1.41,0.0,4,4,3,41,1,0.0,0,189,121,0,2,25,19,20,1,1,2,3,0,0,0,0,0,1,5,0.0,0,0,1,1,0
Gaetano Castrovilli,ITA,MF,Lazio,Serie A,28,1997,9,1,148.0,1.6,2.8,-2.81,0,0,0,0,0.1,0.0,0.7,0.1,0.8,1,0,2,0,0.0,2.81,0.0,21.7,73.0,354,83,1,2,0,0,1,0,1.41,0.0,5,10,6,41,1,0.0,0,189,121,0,2,25,19,20,1,1,2,3,0,0,0,0,0,1,5,0.0,0,0,1,1,0
Danilo Cataldi,ITA,MF,Fiorentina,Serie A,30,1994,16,14,967.0,10.7,43.0,0.47,3,3,0,3,0.9,0.5,0.5,0.9,1.4,21,1,11,5,45.5,1.02,0.27,23.6,84.5,8277,2513,10,59,7,1,10,2,1.95,0.09,13,55,6,649,5,40.0,2,1892,729,8,2,431,407,97,5,18,13,31,19,0,8,9,2,13,61,0.0,0,0,9,10,0
Catena,ESP,DF,Osasuna,La Liga,30,1994,22,22,1980.0,22.0,91.7,-0.14,0,0,1,1,1.4,0.6,0.6,1.4,2.0,12,3,14,4,28.6,0.64,0.0,10.5,80.5,16812,6735,2,41,2,0,1,0,0.55,0.14,9,57,2,1192,6,83.3,5,2752,1537,7,1,653,543,37,26,33,18,51,145,0,26,7,2,21,67,67.2,7,0,24,6,0
Maximiliano Caufriez,BEL,DF,Valencia,La Liga,28,1997,1,1,90.0,1.0,4.2,0.0,0,0,0,0,0.0,0.0,0.0,0.0,0.0,0,0,0,0,0.0,0.0,0.0,0.0,78.6,219,77,0,0,0,0,0,0,0.0,0.0,0,1,0,23,0,0.0,0,68,3,0,0,10,6,0,0,1,1,2,4,0,2,0,0,1,1,28.6,0,0,3,0,0
Dani Ceballos,ESP,MF,Real Madrid,La Liga,28,1996,14,10,814.0,9.0,37.7,1.55,0,0,0,0,0.3,1.7,1.4,0.3,1.6,35,4,5,2,40.0,0.55,0.0,21.7,94.5,14650,4247,13,118,9,3,11,0,3.87,0.44,27,109,10,1014,11,63.6,7,3527,1996,9,4,827,664,172,6,33,13,46,5,1,12,13,5,17,59,66.7,4,0,12,23,0
Abdoulie Ceesay,GAM,FW,St. Pauli,Bundesliga,21,2004,4,0,27.0,0.3,1.4,3.33,0,0,0,0,0.0,0.0,0.0,0.0,0.0,0,0,0,0,0.0,0.0,0.0,0.0,57.1,34,2,0,0,0,1,0,0,0.0,0.0,0,0,2,12,0,0.0,0,28,2,3,1,11,5,6,1,0,0,0,1,0,0,0,0,0,2,0.0,0,0,1,1,0
Zeki Çelik,TUR,DF,Roma,Serie A,28,1997,22,18,1497.0,16.6,66.5,-0.3,0,0,1,1,0.5,0.8,1.2,0.5,1.6,22,0,10,1,10.0,0.6,0.0,15.5,82.3,11691,3704,13,57,11,0,29,6,1.32,0.0,18,62,65,1051,9,77.8,7,2353,1135,13,5,659,523,255,30,33,8,41,53,1,19,14,7,21,52,55.8,3,0,23,7,0
Fabien Centonze,FRA,DF,Nantes,Ligue 1,29,1996,2,1,78.0,0.9,3.9,-1.15,0,0,0,0,0.0,0.2,0.2,0.0,0.2,4,0,0,0,0.0,0.0,0.0,0.0,76.9,606,273,3,1,4,0,5,3,4.62,0.0,3,8,13,69,1,0.0,0,178,94,1,0,34,19,33,1,3,1,4,7,0,1,1,1,1,2,33.3,0,0,1,0,0
Alberto Cerri,ITA,FW,Como,Serie A,28,1996,5,0,87.0,1.0,3.9,-4.14,0,0,0,0,1.0,0.1,0.0,1.0,1.0,1,0,4,1,25.0,4.14,0.0,11.2,65.2,184,7,0,0,0,0,0,0,1.03,0.0,0,0,11,36,0,0.0,0,54,10,2,3,29,12,21,9,0,0,0,1,0,2,0,0,0,3,50.0,0,0,3,1,2
Franco Cervi,ARG,FW,Celta Vigo,La Liga,30,1994,6,4,258.0,2.9,11.9,-1.05,0,0,0,0,0.0,0.3,0.3,0.0,0.3,5,0,0,0,0.0,0.0,0.0,0.0,68.7,1658,584,5,12,2,2,6,0,1.74,0.0,3,14,21,157,1,100.0,1,404,173,3,2,94,77,44,1,8,8,16,6,0,4,6,0,3,12,50.0,1,0,4,1,0
Julian Chabot,GER,DF,Stuttgart,Bundesliga,27,1998,20,17,1470.0,16.3,74.2,0.31,1,1,1,2,1.2,0.5,0.1,1.2,1.3,13,1,13,1,7.7,0.8,0.08,13.9,88.6,18292,7275,4,80,2,0,1,0,0.8,0.06,6,57,2,1359,3,66.7,2,3446,1717,3,1,898,627,52,20,25,26,51,94,0,16,11,2,16,67,65.9,8,1,24,14,3
El Chadaille Bitshiabu,FRA,DF,RB Leipzig,Bundesliga,19,2005,11,4,396.0,4.4,20.0,0.23,0,0,0,0,0.0,0.1,0.1,0.0,0.2,2,0,1,1,100.0,0.23,0.0,14.4,83.1,4566,2211,2,30,0,0,3,0,0.45,0.0,2,28,2,367,1,100.0,1,741,379,3,1,237,202,23,5,11,5,16,30,1,6,6,0,7,22,50.0,1,0,4,1,0
Fares Chaïbi,ALG,MF,Eint Frankfurt,Bundesliga,22,2002,16,6,642.0,7.1,32.4,-0.7,1,1,0,1,2.2,1.5,1.2,2.2,3.4,34,3,16,4,25.0,2.24,0.06,15.8,64.9,3047,1129,18,15,12,2,49,4,4.74,0.42,11,32,40,352,8,62.5,5,829,346,11,4,210,126,158,21,11,7,18,23,1,9,4,3,7,18,38.1,2,0,2,3,1
Trevoh Chalobah,ENG,DF,Crystal Palace,Premier League,25,1999,12,12,1060.0,11.8,47.1,0.0,3,3,0,3,1.2,0.3,0.4,1.2,1.6,11,0,11,4,36.4,0.93,0.27,15.1,79.0,6831,2195,4,27,2,1,7,1,0.93,0.0,11,34,6,594,10,60.0,6,1213,661,4,7,317,276,51,14,20,19,39,57,3,19,12,1,16,56,53.7,1,0,10,15,1
Trevoh Chalobah,ENG,DF,Chelsea,Premier League,25,1999,4,3,271.0,3.0,47.1,0.0,0,0,1,1,0.2,0.3,1.1,0.2,1.3,11,0,11,4,36.4,0.93,0.27,15.1,79.0,6831,2195,4,27,2,1,7,1,0.93,0.0,2,12,0,594,10,60.0,6,1213,661,4,7,317,276,51,14,20,19,39,57,3,19,12,1,16,56,53.7,1,0,10,15,1
Timothy Chandler,USA,DF,Eint Frankfurt,Bundesliga,34,1990,2,0,19.0,0.2,1.0,-4.74,0,0,0,0,0.0,0.0,0.0,0.0,0.0,1,0,0,0,0.0,0.0,0.0,0.0,68.4,238,93,0,0,0,0,1,0,4.74,0.0,1,1,2,25,1,0.0,0,59,37,0,0,16,11,8,1,0,3,3,2,0,0,0,0,0,0,80.0,0,0,0,1,0
Conor Chaplin,ENG,MF,Ipswich Town,Premier League,28,1997,15,7,614.0,6.8,27.3,-0.88,1,1,1,2,1.2,0.6,0.6,1.2,1.8,18,1,12,3,25.0,1.76,0.08,18.3,74.2,2652,699,6,17,7,9,9,2,2.65,0.15,10,25,20,281,6,50.0,3,697,380,9,3,192,141,99,12,11,3,14,2,0,8,6,2,5,23,11.1,1,0,10,5,0
Brendan Chardonnet,FRA,DF,Brest,Ligue 1,30,1994,19,19,1710.0,19.0,86.4,-0.21,1,1,0,1,0.6,0.4,0.3,0.6,0.9,17,4,11,1,9.1,0.58,0.09,13.6,82.1,15357,5786,4,52,2,1,3,1,0.89,0.21,7,40,3,1113,0,0.0,0,2730,1399,4,0,692,460,30,14,31,19,50,116,2,32,10,3,22,67,63.5,3,0,26,12,0
Gabriel Charpentier,CGO,FW,Parma,Serie A,25,1999,10,0,271.0,3.0,12.0,-0.33,1,1,2,3,1.3,0.3,0.9,1.3,2.3,11,3,9,4,44.4,2.99,0.11,17.6,60.0,508,188,7,3,2,1,2,0,3.64,0.99,6,7,16,111,6,33.3,2,337,138,16,4,64,35,58,12,4,0,4,9,0,3,1,1,3,12,39.1,1,0,13,10,0
Raúl Chasco,ESP,DF,Valladolid,La Liga,21,2003,2,1,130.0,1.4,6.0,0.0,0,0,0,0,0.0,0.1,0.0,0.0,0.0,2,1,0,0,0.0,0.0,0.0,0.0,60.3,730,329,1,5,1,1,3,0,1.38,0.69,1,3,2,74,2,0.0,0,103,54,3,1,28,32,7,0,4,2,6,2,0,1,1,0,1,2,0.0,0,0,3,0,0
Anrie Chase,JPN,DF,Stuttgart,Bundesliga,20,2004,12,7,734.0,8.2,37.1,0.49,0,0,0,0,0.1,0.5,0.0,0.1,0.1,8,0,5,0,0.0,0.61,0.0,17.6,91.9,8794,2536,0,28,2,0,3,1,0.98,0.0,6,28,2,622,5,40.0,2,1209,546,4,1,453,334,40,4,10,9,19,35,0,10,4,0,4,21,58.6,1,0,12,2,0
Pep Chavarría,ESP,DF,Rayo,La Liga,26,1998,19,15,1380.0,15.3,66.7,0.07,0,0,1,1,1.0,1.1,1.0,1.0,1.9,27,1,5,1,20.0,0.33,0.0,14.0,80.7,11239,3889,10,47,12,0,46,7,1.76,0.07,27,65,69,1054,12,41.7,5,2152,1079,19,3,555,447,260,15,27,19,46,68,0,28,8,1,19,69,50.0,1,0,12,14,1
Arthur Chaves,BRA,DF,Hoffenheim,Bundesliga,24,2001,15,13,1236.0,13.7,62.4,-0.51,0,0,0,0,0.5,0.2,0.0,0.5,0.5,7,1,7,0,0.0,0.51,0.0,13.9,82.0,9708,3308,2,43,1,0,6,0,0.51,0.07,6,39,10,870,8,25.0,2,1687,787,7,5,546,426,59,10,22,19,41,66,2,26,9,3,14,54,46.5,4,0,18,13,1
Jhoanner Chávez,ECU,DF,Lens,Ligue 1,22,2002,10,7,596.0,6.6,30.1,0.45,1,1,0,1,0.3,1.3,0.7,0.3,1.0,15,0,5,3,60.0,0.76,0.2,16.4,74.7,3617,1446,9,10,8,0,30,5,2.27,0.0,14,9,36,373,6,50.0,3,853,403,11,8,208,145,125,15,9,6,15,13,0,10,4,1,5,25,58.3,1,0,10,8,2
Walid Cheddira,MAR,FW,Napoli,Serie A,27,1998,1,0,12.0,0.1,0.5,-7.5,0,0,0,0,0.0,0.0,0.0,0.0,0.0,1,0,0,0,0.0,0.0,0.0,0.0,66.7,28,14,1,1,0,0,0,0,7.5,0.0,0,1,1,3,0,0.0,0,3,0,0,0,2,1,2,0,0,0,0,0,0,0,0,0,0,0,0.0,0,0,0,0,0
Walid Cheddira,MAR,FW,Espanyol,La Liga,27,1998,17,5,592.0,6.6,0.5,-7.5,1,1,1,2,0.9,0.0,1.2,0.9,2.1,1,0,0,0,0.0,0.0,0.0,0.0,66.7,28,14,1,1,0,0,0,0,7.5,0.0,7,11,31,3,0,0.0,0,3,0,0,0,2,1,2,0,0,0,0,0,0,0,0,0,0,0,0.0,0,0,0,0,0
Chema,ESP,MF,Real Madrid,La Liga,19,2005,1,0,8.0,0.1,0.4,0.0,0,0,0,0,0.0,0.0,0.0,0.0,0.0,0,0,0,0,0.0,0.0,0.0,0.0,100.0,16,0,0,0,0,0,0,0,0.0,0.0,0,0,0,2,0,0.0,0,0,0,0,0,0,1,0,0,0,0,0,1,0,0,0,0,0,0,50.0,0,0,1,0,0
Théo Chennahi,FRA,MF,Montpellier,Ligue 1,20,2005,2,0,8.0,0.1,0.4,0.0,0,0,0,0,0.0,0.0,0.0,0.0,0.0,0,0,0,0,0.0,0.0,0.0,0.0,66.7,33,26,0,1,0,0,1,0,0.0,0.0,0,0,0,5,0,0.0,0,7,5,0,0,2,2,1,0,0,0,0,0,0,1,0,0,0,0,0.0,1,0,2,1,0
Sidiki Cherif,FRA,FW,Angers,Ligue 1,18,2006,6,3,295.0,3.3,14.9,-1.53,0,0,0,0,0.7,0.2,0.2,0.7,0.9,4,0,5,2,40.0,1.53,0.0,23.4,53.7,418,73,2,3,1,3,3,1,1.22,0.0,8,3,15,98,11,18.2,2,364,173,11,8,71,45,49,12,5,0,5,0,1,3,3,1,5,9,15.8,0,0,4,8,5
Rayan Cherki,FRA,FW,Lyon,Ligue 1,21,2003,18,13,1135.0,12.6,57.3,1.19,4,4,7,11,3.1,6.8,6.4,3.1,9.6,87,12,26,8,30.8,2.06,0.15,16.6,77.4,9179,2925,45,50,52,10,78,2,6.9,0.95,45,128,100,852,67,53.7,36,3290,1741,25,31,642,323,490,68,9,4,13,6,0,6,5,1,8,48,37.5,2,0,10,24,1
Lucas Chevalier,FRA,GK,Lille,Ligue 1,23,2001,22,22,1980.0,22.0,100.0,0.64,0,0,0,0,0.0,0.2,0.5,0.0,0.5,2,1,0,0,0.0,0.0,0.0,0.0,78.8,13257,9358,1,6,0,1,0,0,0.09,0.05,0,0,0,722,0,0.0,0,2292,1356,0,0,408,3,0,0,2,0,2,6,1,0,0,0,2,48,100.0,0,0,0,3,0
Fabio Chiarodia,ITA,DF,Gladbach,Bundesliga,19,2005,10,0,61.0,0.7,3.1,0.0,0,0,0,0,0.0,0.0,0.0,0.0,0.0,0,0,0,0,0.0,0.0,0.0,0.0,85.7,623,146,0,2,0,0,0,0,0.0,0.0,0,2,0,61,0,0.0,0,103,23,0,0,31,30,3,1,2,3,5,12,0,1,1,0,1,5,100.0,0,0,2,0,0
Julián Chicco,ARG,MF,Leganés,La Liga,27,1998,9,1,196.0,2.2,9.1,-1.84,0,0,0,0,0.4,0.1,0.1,0.4,0.5,3,0,2,1,50.0,0.92,0.0,18.9,79.5,1167,366,1,7,2,0,2,0,1.37,0.0,7,14,4,121,3,66.7,2,337,170,11,4,77,74,26,2,8,2,10,3,0,2,6,1,5,6,0.0,0,0,1,3,0
Leandro Chichizola,ARG,GK,Parma,Serie A,34,1990,1,1,90.0,1.0,4.0,-1.0,0,0,0,0,0.0,0.0,0.0,0.0,0.0,2,0,0,0,0.0,0.0,0.0,0.0,72.0,854,507,0,1,0,0,0,0,2.0,0.0,0,1,0,54,0,0.0,0,156,107,0,0,31,1,0,0,0,0,0,2,0,0,0,0,0,0,100.0,0,0,0,0,0
Federico Chiesa,ITA,FW,Liverpool,Premier League,27,1997,3,0,28.0,0.3,1.2,3.21,0,0,0,0,0.2,0.1,0.0,0.2,0.2,3,1,2,1,50.0,6.43,0.0,21.8,83.3,168,40,0,2,0,0,1,0,9.64,3.21,2,1,4,23,1,0.0,0,67,34,1,3,18,11,10,3,0,0,0,0,0,1,0,0,0,3,0.0,0,0,1,1,0
Ben Chilwell,ENG,DF,Crystal Palace,Premier League,28,1996,1,0,31.0,0.3,1.4,-2.9,0,0,0,0,0.0,0.3,0.0,0.0,0.0,1,0,1,1,100.0,2.9,0.0,25.9,65.2,221,31,0,1,1,0,1,0,2.9,0.0,0,1,4,32,1,0.0,0,82,63,0,0,17,10,11,1,1,0,1,6,0,0,0,0,1,1,100.0,0,0,0,1,0
Chiquinho,POR,MF,Wolves,Premier League,25,2000,1,0,7.0,0.1,0.3,0.0,0,0,0,0,0.0,0.0,0.0,0.0,0.0,2,0,0,0,0.0,0.0,0.0,0.0,100.0,71,22,1,0,1,0,1,1,25.71,0.0,0,0,0,3,0,0.0,0,13,5,0,0,2,1,2,1,0,0,0,0,0,0,0,0,0,1,0.0,0,0,1,0,0
Chiquinho,POR,MF,Mallorca,La Liga,25,2000,8,1,146.0,1.6,0.3,0.0,0,0,0,0,0.3,0.0,0.0,0.3,0.3,2,0,0,0,0.0,0.0,0.0,0.0,100.0,71,22,1,0,1,0,1,1,25.71,0.0,4,1,12,3,0,0.0,0,13,5,0,0,2,1,2,1,0,0,0,0,0,0,0,0,0,1,0.0,0,0,1,0,0
Pedro Chirivella,ESP,MF,Nantes,Ligue 1,27,1997,21,20,1688.0,18.8,85.3,-0.59,0,0,2,2,0.3,1.0,1.2,0.3,1.5,38,5,5,1,20.0,0.27,0.0,19.8,83.5,17348,5761,13,120,16,4,15,3,2.03,0.27,6,125,18,1238,5,40.0,2,2777,1211,10,7,888,827,165,3,30,11,41,37,0,16,14,2,22,73,38.9,4,0,18,13,0
Joris Chotard,FRA,MF,Montpellier,Ligue 1,23,2001,15,15,1195.0,13.3,60.4,-1.36,1,1,0,1,0.7,0.8,0.3,0.7,1.0,16,0,9,1,11.1,0.68,0.11,20.4,81.7,7764,2510,4,50,8,4,17,2,1.21,0.0,12,53,23,635,11,54.5,6,1412,602,6,6,348,358,87,4,26,11,37,38,0,17,15,0,16,65,63.2,5,0,10,7,1
Hamza Choudhury,ENG,MF,Leicester City,Premier League,27,1997,4,1,131.0,1.5,5.8,-3.44,0,0,0,0,0.0,0.2,0.4,0.0,0.4,3,0,0,0,0.0,0.0,0.0,0.0,85.7,991,249,2,10,1,0,5,1,2.05,0.0,4,3,6,100,4,75.0,3,246,130,1,0,71,61,20,3,1,5,6,2,0,4,0,0,1,2,0.0,0,0,1,0,0
Andreas Christensen,DEN,DF,Barcelona,La Liga,28,1996,1,0,27.0,0.3,1.3,0.0,0,0,0,0,0.0,0.0,0.0,0.0,0.0,0,0,0,0,0.0,0.0,0.0,0.0,87.5,254,77,0,0,0,0,0,0,0.0,0.0,0,0,0,18,0,0.0,0,24,7,0,0,10,8,0,0,0,0,0,2,0,0,0,0,0,1,100.0,1,0,1,0,0
Ryan Christie,SCO,MF,Bournemouth,Premier League,29,1995,24,22,1840.0,20.4,81.8,0.68,2,2,3,5,1.5,2.6,3.1,1.5,4.6,73,8,26,10,38.5,1.27,0.08,19.5,79.7,12825,3700,33,100,25,5,38,3,3.57,0.39,28,121,40,1182,41,43.9,18,3214,1499,39,21,675,663,315,39,46,25,71,47,3,38,22,7,29,154,42.5,9,0,40,27,1
Samuel Chukwueze,NGA,FW,Milan,Serie A,25,1999,19,9,775.0,8.6,35.9,0.0,2,2,0,2,2.3,2.0,2.2,2.3,4.5,39,0,28,7,25.0,3.25,0.07,19.7,75.7,4634,923,19,18,13,2,44,4,4.53,0.0,41,26,102,459,35,54.3,19,2257,1243,20,6,343,165,246,49,11,0,11,6,0,3,3,4,6,32,38.5,0,0,2,9,3
Aaron Ciammaglichella,ITA,MF,Torino,Serie A,20,2005,1,0,1.0,0.0,0.0,0.0,0,0,0,0,0.0,0.0,0.0,0.0,0.0,0,0,0,0,0.0,0.0,0.0,0.0,0.0,0,0,0,0,0,0,0,0,0.0,0.0,0,0,0,0,0,0.0,0,0,0,0,0,0,0,0,0,0,0,0,0,0,0,0,0,0,0,0.0,0,0,0,0,0
Jasper Cillessen,NED,GK,Las Palmas,La Liga,35,1989,22,22,1949.0,21.7,90.2,-0.37,0,0,0,0,0.0,0.0,0.0,0.0,0.0,1,0,0,0,0.0,0.0,0.0,0.0,69.9,14579,10679,0,10,0,0,0,0,0.05,0.0,0,0,0,901,0,0.0,0,2585,1647,4,0,451,6,0,0,1,0,1,10,2,0,0,0,0,17,50.0,1,0,0,3,0
Alessandro Circati,AUS,DF,Parma,Serie A,21,2003,4,4,360.0,4.0,16.0,-0.25,0,0,0,0,0.0,0.0,0.0,0.0,0.0,1,0,0,0,0.0,0.0,0.0,0.0,87.6,2853,696,0,3,0,0,0,0,0.25,0.0,1,5,0,219,0,0.0,0,406,210,3,2,125,83,1,0,4,2,6,29,1,5,1,0,2,5,62.5,1,0,3,2,0
Pathé Ciss,SEN,MF,Rayo,La Liga,30,1994,19,11,1007.0,11.2,48.6,-0.27,2,2,1,3,1.4,0.4,0.8,1.4,2.2,29,2,14,3,21.4,1.25,0.14,16.4,83.5,8032,2591,12,56,5,4,2,0,2.59,0.18,9,64,9,707,15,53.3,8,1358,657,9,12,437,432,98,9,30,15,45,31,1,18,14,1,16,65,66.7,6,0,30,16,0
Alphadjo Cissè,ITA,FW,Hellas Verona,Serie A,18,2006,2,0,9.0,0.1,0.4,0.0,0,0,0,0,0.0,0.0,0.0,0.0,0.0,1,0,2,2,100.0,20.0,0.0,26.5,85.7,90,18,0,1,0,0,0,0,10.0,0.0,0,1,0,10,0,0.0,0,13,1,0,0,9,6,3,0,0,0,0,0,0,0,0,0,0,0,100.0,0,0,1,0,0
Djaoui Cissé,FRA,MF,Rennes,Ligue 1,21,2004,3,3,216.0,2.4,10.9,0.42,0,0,0,0,0.1,0.1,0.1,0.1,0.2,7,0,4,1,25.0,1.67,0.0,27.9,87.7,1903,551,2,11,2,1,1,0,2.92,0.0,5,16,2,143,7,71.4,5,580,309,5,2,83,79,38,1,10,5,15,3,0,5,4,1,7,17,40.0,2,0,7,5,0
Seydouba Cissé,GUI,MF,Leganés,La Liga,24,2001,21,19,1497.0,16.6,69.3,-0.42,2,2,0,2,1.1,0.4,0.3,1.1,1.3,25,2,11,2,18.2,0.66,0.18,23.9,83.8,9576,1991,8,48,9,1,6,0,1.5,0.12,16,65,27,834,37,64.9,24,2355,1148,23,14,534,525,146,12,32,7,39,28,1,16,13,6,20,102,41.2,3,0,27,20,1
Yoann Cissé,FRA,MF,Auxerre,Ligue 1,20,2004,1,0,1.0,0.0,0.1,0.0,0,0,0,0,0.0,0.0,0.0,0.0,0.0,0,0,0,0,0.0,0.0,0.0,0.0,50.0,6,0,0,0,0,0,0,0,0.0,0.0,0,0,0,3,0,0.0,0,3,0,1,0,2,2,1,0,0,0,0,0,0,0,0,0,0,1,0.0,0,0,0,0,0
Patrick Ciurria,ITA,MF,Monza,Serie A,30,1995,9,8,676.0,7.5,30.0,-1.07,1,1,1,2,0.7,0.9,1.7,0.7,2.4,14,2,6,1,16.7,0.8,0.17,17.3,67.5,2900,739,7,12,1,1,39,1,1.86,0.27,12,14,33,317,7,57.1,4,813,354,12,9,192,137,129,13,13,5,18,15,0,7,4,3,6,22,23.5,1,0,9,4,0
Harry Clarke,ENG,DF,Ipswich Town,Premier League,23,2001,7,4,379.0,4.2,16.8,-1.19,0,0,0,0,0.1,0.1,0.0,0.1,0.1,1,0,1,1,100.0,0.24,0.0,4.5,80.5,3442,1226,1,21,1,1,5,0,0.24,0.0,5,14,2,268,2,50.0,1,555,222,4,2,163,122,47,2,5,4,9,14,3,5,2,0,3,17,71.4,3,1,5,1,0
Jack Clarke,ENG,FW,Ipswich Town,Premier League,24,2000,20,5,637.0,7.1,28.3,-1.84,0,0,2,2,0.8,0.7,1.2,0.8,2.1,20,2,11,1,9.1,1.55,0.0,19.2,76.2,2636,649,10,12,3,0,9,0,2.83,0.28,16,18,29,298,27,66.7,18,1242,602,15,11,186,130,108,18,21,5,26,10,1,4,8,3,12,42,26.7,1,0,12,15,2
Alexis Claude-Maurice,FRA,MF,Augsburg,Bundesliga,26,1998,16,13,1155.0,12.8,58.3,0.16,6,6,1,7,2.7,1.1,0.5,2.7,3.2,34,3,29,13,44.8,2.26,0.21,20.6,82.4,4167,792,9,17,11,2,12,2,2.65,0.23,33,34,50,510,53,50.9,27,2175,1041,48,22,359,252,214,32,23,8,31,4,0,9,9,8,15,39,31.6,3,0,17,23,1
Jonathan Clauss,FRA,DF,Nice,Ligue 1,32,1992,17,16,1331.0,14.8,67.2,0.88,2,2,4,6,1.4,2.9,4.1,1.4,5.5,41,7,15,5,33.3,1.01,0.13,18.1,73.1,8848,3537,24,35,19,1,90,7,2.77,0.47,27,53,80,920,12,58.3,7,1726,967,19,4,470,374,319,37,40,29,69,53,1,14,15,3,29,67,55.6,4,0,18,3,1
Silvi Clúa,ESP,MF,Girona,La Liga,20,2005,4,2,163.0,1.8,7.5,0.0,0,0,0,0,0.0,0.0,0.0,0.0,0.1,2,0,2,1,50.0,1.1,0.0,33.3,78.9,1302,271,1,3,0,0,0,0,1.1,0.0,4,3,3,116,4,50.0,2,495,217,1,0,77,72,16,3,8,2,10,6,0,1,3,1,7,4,66.7,0,0,5,0,0
Nathaniel Clyne,ENG,DF,Crystal Palace,Premier League,33,1991,11,4,397.0,4.4,17.6,-1.13,0,0,0,0,0.0,0.1,0.1,0.0,0.1,2,0,1,0,0.0,0.23,0.0,32.3,73.6,2184,878,2,10,1,1,5,1,0.45,0.0,5,6,7,201,1,0.0,0,463,249,4,2,122,91,33,2,11,3,14,12,1,4,3,1,7,5,12.5,1,0,2,2,0
Conor Coady,ENG,DF,Leicester City,Premier League,31,1993,10,8,716.0,8.0,31.8,-1.76,0,0,0,0,0.0,0.5,0.1,0.0,0.1,4,0,0,0,0.0,0.0,0.0,0.0,89.5,6765,2464,1,20,2,1,0,0,0.5,0.0,0,19,0,503,1,100.0,1,1318,677,4,0,375,227,9,3,7,7,14,31,1,15,4,0,4,20,50.0,1,0,3,2,0
Marcus Coco,FRA,DF,Nantes,Ligue 1,28,1996,13,7,672.0,7.5,33.9,-1.07,0,0,1,1,0.0,0.5,0.6,0.0,0.7,15,1,1,0,0.0,0.13,0.0,27.5,80.0,5447,2044,7,25,8,0,24,4,2.01,0.13,8,31,30,491,8,25.0,2,1033,403,8,3,284,246,98,1,20,6,26,31,0,10,7,2,17,30,63.2,3,1,23,13,0
Saúl Coco,EQG,DF,Torino,Serie A,26,1999,23,23,2070.0,23.0,92.0,-0.13,2,2,0,2,1.0,0.2,0.0,1.0,1.0,10,0,15,4,26.7,0.65,0.13,19.3,87.7,18507,5436,0,66,1,0,1,0,0.43,0.0,15,59,3,1416,7,85.7,6,4639,2487,10,2,944,752,51,12,30,32,62,102,4,35,10,1,15,65,51.1,8,0,42,13,0
Séamus Coleman,IRL,DF,Everton,Premier League,36,1988,3,2,197.0,2.2,8.8,-0.46,0,0,0,0,0.6,0.0,0.0,0.6,0.6,2,1,1,1,100.0,0.46,0.0,10.5,72.2,1046,504,0,6,0,0,3,0,0.91,0.46,1,8,2,100,5,80.0,4,225,109,1,1,51,43,19,2,2,1,3,7,0,5,1,0,1,7,50.0,1,0,0,1,0
Nathan Collins,IRL,DF,Brentford,Premier League,23,2001,25,25,2250.0,25.0,100.0,0.04,2,2,1,3,2.2,1.2,1.4,2.2,3.5,23,6,12,5,41.7,0.48,0.17,8.6,85.9,22269,7679,7,76,7,2,6,2,0.92,0.24,20,88,16,1664,9,55.6,5,4760,2776,10,7,1030,661,128,50,29,21,50,141,2,50,8,3,17,112,65.3,2,0,17,19,5
Nnamdi Collins,GER,DF,Eint Frankfurt,Bundesliga,21,2004,13,10,873.0,9.7,44.1,1.65,1,1,1,2,0.2,0.8,1.0,0.2,1.2,7,3,1,1,100.0,0.1,1.0,7.5,88.3,7619,2261,2,36,2,0,9,0,0.72,0.31,17,37,19,663,20,35.0,7,2018,900,7,4,422,336,89,12,13,10,23,45,3,16,2,1,11,47,46.7,1,0,15,12,0
Toby Collyer,ENG,MF,Manchester Utd,Premier League,21,2004,4,0,124.0,1.4,5.5,1.45,0,0,0,0,0.0,0.0,0.1,0.0,0.1,2,0,0,0,0.0,0.0,0.0,0.0,88.9,858,95,1,2,1,0,0,0,1.44,0.0,0,5,2,84,1,100.0,1,183,48,6,1,53,40,18,1,7,0,7,2,0,1,3,0,6,9,50.0,0,0,2,3,0
Lorenzo Colombo,ITA,FW,Empoli,Serie A,22,2002,25,22,1786.0,19.8,79.4,-0.45,5,4,2,7,5.4,0.6,2.0,4.7,6.7,45,3,48,16,33.3,2.42,0.08,18.0,67.8,4160,778,16,17,9,2,9,2,2.27,0.15,23,32,93,683,43,48.8,21,1802,714,65,41,442,331,299,73,19,1,20,14,0,28,9,6,10,57,30.7,2,0,35,32,6
Andrea Colpani,ITA,FW,Fiorentina,Serie A,25,1999,22,18,1396.0,15.5,62.0,0.39,2,2,1,3,2.7,1.3,1.3,2.7,3.9,41,5,36,12,33.3,2.32,0.06,18.5,80.5,5676,1174,17,18,15,2,32,1,2.64,0.32,37,56,126,587,25,40.0,10,2331,1059,25,22,431,243,289,46,15,9,24,10,0,6,7,3,9,45,41.7,1,0,21,22,1
Levi Colwill,ENG,DF,Chelsea,Premier League,21,2003,23,23,2069.0,23.0,92.0,0.3,0,0,1,1,0.5,1.1,0.9,0.5,1.4,26,3,7,1,14.3,0.3,0.0,8.1,89.5,29253,10534,8,105,6,3,9,2,1.13,0.13,9,100,6,1991,6,50.0,3,5412,3120,9,5,1465,1003,80,19,29,24,53,72,3,26,11,2,19,67,60.9,6,0,23,16,3
Florinel Coman,ROU,FW,Cagliari,Serie A,26,1998,2,0,46.0,0.5,2.0,0.0,1,1,0,1,0.0,0.0,0.0,0.0,0.0,0,0,1,1,100.0,1.96,1.0,25.5,92.9,128,42,0,3,0,0,0,0,0.0,0.0,1,1,4,20,1,100.0,1,74,36,1,2,16,9,5,0,2,1,3,0,0,1,0,0,2,3,0.0,1,0,2,2,0
Kingsley Coman,FRA,FW,Bayern,Bundesliga,28,1996,20,11,1004.0,11.2,50.7,2.87,3,3,3,6,3.4,3.9,3.0,3.4,6.4,68,7,36,13,36.1,3.23,0.08,16.7,85.0,7875,1304,28,24,24,0,36,5,6.08,0.63,53,40,175,742,63,50.8,32,3054,1502,22,13,588,250,433,71,14,7,21,14,0,7,4,5,9,45,44.4,0,0,7,7,5
Eray Cömert,SUI,DF,Valladolid,La Liga,27,1998,16,13,1073.0,11.9,49.7,-1.93,0,0,0,0,0.5,0.1,0.0,0.5,0.5,8,0,8,0,0.0,0.67,0.0,23.7,84.9,8911,3005,0,30,1,0,0,0,0.67,0.0,6,27,4,627,3,100.0,3,1602,741,9,2,397,273,28,6,15,12,27,35,1,19,7,0,9,26,51.7,5,0,13,9,0
Santi Comesaña,ESP,MF,Villarreal,La Liga,28,1996,22,19,1576.0,17.5,73.0,0.06,3,3,2,5,2.2,1.7,1.3,2.2,3.5,49,5,18,4,22.2,1.03,0.17,13.0,86.5,12904,4036,18,100,17,3,5,0,2.8,0.29,26,103,36,1084,21,47.6,10,2923,1718,25,31,740,640,195,36,47,13,60,27,1,34,19,4,31,95,39.1,5,0,25,17,1
Pietro Comuzzo,ITA,DF,Fiorentina,Serie A,19,2005,21,19,1730.0,19.2,76.9,0.62,0,0,0,0,0.4,0.1,0.5,0.4,0.8,13,1,3,1,33.3,0.16,0.0,10.4,85.7,17105,4870,4,46,1,0,1,0,0.68,0.05,5,49,4,1156,1,0.0,0,2631,1142,13,3,726,554,38,7,36,18,54,81,4,24,11,3,17,66,58.1,5,0,21,11,0
Francisco Conceição,POR,FW,Juventus,Serie A,22,2002,17,9,949.0,10.5,42.2,0.76,3,3,3,6,1.4,3.8,3.8,1.4,5.1,41,7,25,10,40.0,2.37,0.12,18.1,77.1,4871,734,19,11,16,0,46,8,3.89,0.66,70,24,107,503,59,47.5,28,3094,1636,21,14,401,166,293,63,15,4,19,2,0,5,6,5,8,33,0.0,5,1,18,21,2
Diego Conde,ESP,GK,Villarreal,La Liga,26,1998,18,18,1602.0,17.8,74.2,0.39,0,0,1,1,0.0,0.0,0.2,0.0,0.2,3,1,0,0,0.0,0.0,0.0,0.0,78.9,10334,6851,2,7,1,0,0,0,0.17,0.06,0,0,0,571,0,0.0,0,1680,963,1,0,287,2,0,0,2,1,3,9,2,0,0,0,2,23,100.0,1,0,0,1,0
Tomás Conechny,ARG,FW,Alaves,La Liga,26,1998,14,9,701.0,7.8,32.5,-0.64,1,1,0,1,2.3,0.7,0.2,2.3,2.5,10,0,19,8,42.1,2.44,0.05,17.5,62.5,2657,781,6,10,9,2,29,7,1.28,0.0,12,14,53,371,9,33.3,3,863,357,24,8,261,157,171,29,10,5,15,7,0,13,5,2,7,34,54.5,4,0,23,10,4
Alois Confais,FRA,MF,Le Havre,Ligue 1,28,1996,1,0,3.0,0.0,0.2,0.0,0,0,0,0,0.0,0.0,0.0,0.0,0.0,0,0,0,0,0.0,0.0,0.0,0.0,50.0,10,0,0,0,0,0,0,0,0.0,0.0,0,0,0,2,0,0.0,0,1,0,0,0,1,1,0,0,0,0,0,0,0,0,0,0,0,1,0.0,0,0,1,0,1
Sirlord Conteh,GER,FW,Heidenheim,Bundesliga,28,1996,20,1,564.0,6.3,28.5,-1.12,0,0,1,1,0.6,1.1,1.5,0.6,2.1,21,3,6,3,50.0,0.96,0.0,13.1,68.4,1661,407,10,13,5,0,17,2,3.34,0.48,20,15,54,202,9,44.4,4,871,520,14,7,143,80,106,21,8,1,9,3,0,1,5,0,4,14,50.0,1,0,4,7,0
Lewis Cook,ENG,MF,Bournemouth,Premier League,28,1997,24,22,2032.0,22.6,90.3,0.44,1,1,3,4,0.6,2.9,3.4,0.6,4.0,69,4,11,3,27.3,0.49,0.09,24.8,76.7,14844,5174,39,115,20,3,98,5,3.06,0.18,27,124,33,1325,12,58.3,7,3071,1687,22,13,672,708,336,14,56,29,85,44,0,21,27,2,31,127,52.2,6,0,43,4,2
Copete,ESP,DF,Mallorca,La Liga,25,1999,16,7,749.0,8.3,34.7,-0.48,0,0,0,0,0.4,0.1,0.0,0.4,0.4,5,0,4,2,50.0,0.48,0.0,9.1,84.3,6040,2282,0,19,3,1,4,0,0.6,0.0,6,23,1,464,2,100.0,2,1168,731,2,0,282,217,15,6,10,5,15,58,1,10,1,0,7,11,52.0,4,0,13,7,0
Diego Coppola,ITA,DF,Hellas Verona,Serie A,21,2003,22,21,1847.0,20.5,82.1,-0.83,1,1,0,1,0.5,0.2,0.1,0.5,0.6,7,1,7,2,28.6,0.34,0.14,8.7,81.2,11571,4301,3,23,0,1,0,0,0.34,0.05,4,35,2,1001,3,33.3,1,2542,984,4,2,514,449,26,14,44,51,95,103,1,34,9,4,24,50,62.5,9,0,29,0,0
Iker Córdoba,ESP,DF,Valencia,La Liga,19,2005,2,0,15.0,0.2,0.7,0.0,0,0,0,0,0.0,0.0,0.1,0.0,0.1,1,0,0,0,0.0,0.0,0.0,0.0,81.8,169,91,1,1,1,0,1,1,6.43,0.0,0,1,1,12,0,0.0,0,36,27,0,0,10,6,1,0,0,0,0,1,0,0,0,0,0,1,100.0,0,0,0,0,0
Derek Cornelius,CAN,DF,Marseille,Ligue 1,27,1997,15,12,1019.0,11.3,51.5,2.03,0,0,0,0,0.8,0.3,0.1,0.8,0.9,7,0,7,1,14.3,0.62,0.0,9.2,93.4,14310,4507,3,60,0,1,4,0,0.62,0.0,8,47,10,1073,2,0.0,0,3153,1701,7,2,856,649,63,11,18,10,28,34,0,10,5,1,12,39,71.0,7,1,20,12,0
Maxwel Cornet,CIV,FW,Southampton,Premier League,28,1996,2,1,72.0,0.8,3.2,-5.0,0,0,0,0,0.2,0.0,0.0,0.2,0.2,0,0,1,0,0.0,1.25,0.0,18.8,77.3,262,37,0,0,0,0,3,0,0.0,0.0,1,0,5,34,1,0.0,0,73,26,3,0,23,14,13,2,5,0,5,2,0,0,4,0,5,2,100.0,1,0,0,1,1
Maxwel Cornet,CIV,FW,Genoa,Serie A,28,1996,2,1,81.0,0.9,3.2,-5.0,0,0,1,1,0.4,0.0,0.2,0.4,0.6,0,0,1,0,0.0,1.25,0.0,18.8,77.3,262,37,0,0,0,0,3,0,0.0,0.0,2,1,8,34,1,0.0,0,73,26,3,0,23,14,13,2,5,0,5,2,0,0,4,0,5,2,100.0,1,0,0,1,1
Pierre Cornud,FRA,DF,Saint-Etienne,Ligue 1,28,1996,11,7,576.0,6.4,29.1,-2.66,0,0,0,0,0.0,0.3,0.3,0.0,0.3,5,0,0,0,0.0,0.0,0.0,0.0,81.9,4488,1579,3,14,5,1,14,2,0.78,0.0,11,19,17,397,7,28.6,2,835,459,4,2,212,154,78,0,12,9,21,28,1,9,4,2,10,33,42.9,2,0,10,3,1
Ángel Correa,ARG,FW,Atleti,La Liga,29,1995,22,3,601.0,6.7,27.8,1.65,2,2,1,3,4.0,1.4,1.2,4.0,5.2,24,3,27,10,37.0,4.04,0.07,13.7,73.3,1980,551,8,13,8,0,17,1,3.6,0.45,18,18,61,304,26,42.3,11,990,475,21,12,223,88,183,60,5,3,8,5,0,8,0,3,1,28,12.5,3,0,12,9,3
Joaquín Correa,ARG,FW,Inter,Serie A,30,1994,6,1,163.0,1.8,7.2,2.21,1,1,2,3,0.8,0.2,1.4,0.8,2.2,4,2,5,2,40.0,2.76,0.2,12.1,77.5,868,256,3,7,2,3,1,0,2.2,1.1,5,10,11,88,0,0.0,0,243,132,2,1,80,48,40,8,2,0,2,0,0,0,2,0,0,8,25.0,1,0,2,4,0
Thierry Correia,POR,DF,Valencia,La Liga,25,1999,11,9,768.0,8.5,35.6,-0.7,0,0,0,0,0.3,0.8,0.3,0.3,0.6,16,0,7,3,42.9,0.82,0.0,19.0,74.8,5750,2179,5,23,12,0,18,3,1.87,0.0,16,44,48,555,23,34.8,8,1328,785,17,0,293,215,170,12,27,4,31,18,0,10,5,3,18,38,33.3,1,0,15,14,0
Coba da Costa,ESP,MF,Getafe,La Liga,22,2002,8,7,570.0,6.3,26.4,0.47,1,1,1,2,0.7,0.5,0.6,0.7,1.3,13,2,11,5,45.5,1.74,0.09,17.4,59.7,1234,298,4,4,6,1,16,4,2.05,0.32,21,7,38,244,25,24.0,6,1043,520,13,13,130,84,124,23,16,4,20,4,0,15,11,1,8,18,50.0,3,0,5,6,0
Danny da Costa,GER,DF,Mainz 05,Bundesliga,31,1993,13,13,1018.0,11.3,51.4,0.8,0,0,1,1,0.1,0.6,0.3,0.1,0.4,12,3,2,0,0.0,0.18,0.0,29.9,76.6,8785,3383,2,58,6,0,12,2,1.06,0.27,7,48,11,729,6,16.7,1,1654,705,14,4,446,377,58,1,26,11,37,46,1,12,8,3,15,56,48.5,0,0,10,3,0
David Costa,POR,MF,Lens,Ligue 1,24,2001,11,3,352.0,3.9,17.8,-0.77,0,0,0,0,1.2,1.0,0.4,1.2,1.6,8,1,9,2,22.2,2.3,0.0,18.0,82.6,1902,615,6,12,8,0,15,4,2.05,0.26,14,24,20,200,9,22.2,2,810,500,11,5,158,86,100,15,2,1,3,0,0,5,1,0,0,10,0.0,0,1,3,4,0
Logan Costa,CPV,DF,Villarreal,La Liga,23,2001,18,16,1423.0,15.8,65.9,0.32,2,2,0,2,0.6,0.3,0.3,0.6,0.9,13,1,9,4,44.4,0.57,0.22,12.4,87.4,14397,5325,1,62,5,1,1,0,0.81,0.06,15,62,9,997,1,0.0,0,3168,1675,3,0,681,428,36,9,24,11,35,56,1,15,8,1,12,58,59.1,2,0,8,3,2
Logan Costa,CPV,DF,Toulouse,Ligue 1,23,2001,1,1,90.0,1.0,65.9,0.32,0,0,0,0,0.0,0.3,0.5,0.0,0.5,13,1,9,4,44.4,0.57,0.22,12.4,87.4,14397,5325,1,62,5,1,1,0,0.81,0.06,1,4,1,997,1,0.0,0,3168,1675,3,0,681,428,36,9,24,11,35,56,1,15,8,1,12,58,59.1,2,0,8,3,2
Samu Costa,POR,MF,Mallorca,La Liga,24,2000,20,20,1681.0,18.7,77.8,-0.48,0,0,2,2,1.4,1.2,1.1,1.4,2.5,35,4,23,8,34.8,1.23,0.0,19.0,81.2,13840,3934,11,78,10,2,12,4,1.87,0.21,15,76,49,1190,17,29.4,5,2685,1020,25,25,823,709,203,24,55,20,75,56,0,30,25,1,28,81,69.1,6,1,32,39,2
Grégoire Coudert,FRA,GK,Brest,Ligue 1,25,1999,1,1,90.0,1.0,4.5,3.0,0,0,0,0,0.0,0.0,0.0,0.0,0.0,0,0,0,0,0.0,0.0,0.0,0.0,76.3,781,504,0,0,0,0,0,0,0.0,0.0,0,0,0,44,0,0.0,0,188,121,0,0,25,0,0,0,0,0,0,1,0,0,0,0,0,1,0.0,0,0,0,0,0
Vladimír Coufal,CZE,DF,West Ham,Premier League,32,1992,15,8,736.0,8.2,32.7,-1.1,0,0,0,0,0.2,0.9,0.6,0.2,0.8,13,1,4,1,25.0,0.49,0.0,16.7,76.2,4984,1993,6,28,12,0,19,7,1.59,0.12,11,28,21,484,7,28.6,2,932,425,8,5,252,191,106,8,14,6,20,29,1,11,4,1,9,24,63.0,2,0,17,10,0
Lassana Coulibaly,MLI,MF,Lecce,Serie A,28,1996,25,17,1641.0,18.2,72.9,-0.44,0,0,0,0,0.1,0.3,0.5,0.1,0.6,26,2,2,1,50.0,0.11,0.0,14.9,84.3,9085,2217,8,44,5,3,6,0,1.43,0.11,7,58,17,788,23,34.8,8,2052,685,19,11,463,500,89,8,28,12,40,29,0,32,17,1,17,93,41.9,2,0,26,28,0
Lasso Coulibaly,GHA,FW,Auxerre,Ligue 1,22,2002,2,0,38.0,0.4,1.9,0.0,1,1,0,1,0.2,0.0,0.0,0.2,0.2,0,0,2,1,50.0,4.74,0.5,11.8,90.0,111,0,0,0,0,0,1,0,0.0,0.0,0,0,3,15,2,50.0,1,47,22,1,0,12,5,8,2,0,0,0,0,0,0,0,0,0,1,0.0,0,0,0,1,0
Mamadou Coulibaly,FRA,MF,Monaco,Ligue 1,20,2004,1,0,8.0,0.1,0.4,11.25,0,0,0,0,0.1,0.0,0.0,0.1,0.1,0,0,1,0,0.0,11.25,0.0,22.2,60.0,19,7,0,1,0,0,1,0,0.0,0.0,0,0,1,7,1,100.0,1,23,10,0,0,6,5,2,0,1,0,1,0,0,0,1,0,0,0,0.0,0,0,1,1,0
Soumaïla Coulibaly,FRA,DF,Brest,Ligue 1,21,2003,6,4,393.0,4.4,19.8,0.23,0,0,0,0,0.1,0.2,0.1,0.1,0.2,8,3,3,0,0.0,0.69,0.0,12.0,89.3,5167,1440,1,11,1,0,0,0,1.83,0.69,1,14,0,325,2,0.0,0,821,414,3,0,213,137,9,4,3,5,8,20,0,7,2,0,2,16,61.5,0,0,11,1,0
Tanguy Coulibaly,FRA,FW,Montpellier,Ligue 1,23,2001,14,6,578.0,6.4,29.2,-1.25,2,2,0,2,2.1,0.3,0.6,2.1,2.7,22,1,15,6,40.0,2.34,0.13,15.6,76.1,1855,303,10,5,0,2,11,0,3.43,0.16,27,10,49,266,24,66.7,16,1352,644,24,13,182,99,142,37,11,5,16,0,0,6,6,3,7,28,55.6,3,2,20,6,2
Woyo Coulibaly,FRA,DF,Leicester City,Premier League,25,1999,3,0,64.0,0.7,2.8,-4.22,0,0,0,0,0.0,0.0,0.0,0.0,0.0,0,0,0,0,0.0,0.0,0.0,0.0,86.7,476,159,0,2,0,0,0,0,0.0,0.0,4,0,1,43,1,0.0,0,203,145,3,0,16,21,4,1,5,4,9,1,0,1,1,0,3,10,0.0,0,0,0,1,0
Woyo Coulibaly,FRA,DF,Parma,Serie A,25,1999,14,12,1084.0,12.0,2.8,-4.22,0,0,1,1,0.1,0.0,0.9,0.1,1.1,0,0,0,0,0.0,0.0,0.0,0.0,86.7,476,159,0,2,0,0,0,0,0.0,0.0,36,41,23,43,1,0.0,0,203,145,3,0,16,21,4,1,5,4,9,1,0,1,1,0,3,10,0.0,0,0,0,1,0
Thibaut Courtois,BEL,GK,Real Madrid,La Liga,32,1992,21,21,1890.0,21.0,87.5,1.29,0,0,0,0,0.0,0.0,0.0,0.0,0.0,3,0,0,0,0.0,0.0,0.0,0.0,85.5,14418,9018,0,4,0,0,0,0,0.14,0.0,0,0,0,785,1,0.0,0,2258,1454,0,0,498,3,0,0,0,1,1,11,1,0,0,0,0,34,100.0,0,0,0,0,0
Yan Couto,BRA,DF,Dortmund,Bundesliga,22,2002,14,4,598.0,6.6,30.2,-0.3,0,0,0,0,0.2,2.1,0.8,0.2,0.9,16,1,4,2,50.0,0.6,0.0,21.7,81.2,6436,1884,9,44,16,0,42,7,2.42,0.15,34,42,57,579,21,47.6,10,1958,998,12,3,380,277,168,14,16,5,21,18,2,9,1,3,11,36,33.3,4,0,6,6,0
Nicolas Cozza,FRA,DF,Nantes,Ligue 1,26,1999,19,17,1464.0,16.3,73.9,-0.68,1,1,0,1,1.2,1.0,1.4,1.2,2.6,16,2,12,4,33.3,0.74,0.08,15.6,76.4,7215,2951,6,33,10,1,22,4,0.98,0.12,19,49,37,771,16,31.3,5,1435,661,23,5,341,324,189,27,38,17,55,47,0,18,13,4,27,48,54.2,2,1,13,7,2
Aaron Cresswell,ENG,DF,West Ham,Premier League,35,1989,10,3,296.0,3.3,13.2,-0.61,0,0,0,0,0.1,0.5,0.2,0.1,0.4,9,0,3,0,0.0,0.91,0.0,29.8,77.1,2967,1208,5,14,2,1,17,0,2.74,0.0,3,13,2,209,0,0.0,0,330,140,1,0,121,97,39,1,3,2,5,11,0,4,2,0,0,7,50.0,2,0,1,0,0
Charlie Cresswell,ENG,DF,Toulouse,Ligue 1,22,2002,20,18,1603.0,17.8,81.0,-0.06,1,1,0,1,2.0,0.6,1.0,2.0,3.0,15,0,20,7,35.0,1.12,0.05,9.8,81.0,14192,4679,3,30,3,0,2,0,0.84,0.0,7,34,5,1177,8,37.5,3,2712,1199,12,0,720,479,48,27,21,20,41,110,2,27,9,1,11,61,73.6,1,0,19,10,1
Bryan Cristante,ITA,MF,Roma,Serie A,29,1995,17,14,1162.0,12.9,51.6,-0.39,1,1,0,1,0.9,0.6,0.3,0.9,1.2,25,1,15,2,13.3,1.16,0.07,15.5,83.9,11325,2951,6,71,9,2,4,0,1.94,0.08,17,81,18,874,5,40.0,2,2791,1447,14,6,622,596,132,22,25,12,37,23,0,12,14,4,17,67,50.8,5,0,21,7,0
Domen Črnigoj,SVN,MF,Venezia,Serie A,29,1995,8,1,136.0,1.5,6.3,-1.99,0,0,0,0,0.1,0.0,0.0,0.1,0.1,2,0,1,0,0.0,0.66,0.0,10.3,51.0,348,107,0,1,1,0,2,0,1.32,0.0,4,4,6,76,1,0.0,0,199,116,7,1,47,40,23,3,4,4,8,4,0,5,1,3,2,8,28.6,0,0,2,4,0
Juan Cruz Armada,ESP,DF,Osasuna,La Liga,32,1992,16,13,976.0,10.8,45.2,0.18,0,0,0,0,0.1,0.1,0.0,0.1,0.1,9,1,3,0,0.0,0.28,0.0,13.9,75.5,5125,2424,2,35,0,0,8,0,0.83,0.09,7,34,10,517,4,25.0,1,665,401,7,2,236,255,80,4,14,6,20,36,0,10,7,1,9,31,66.7,2,0,11,2,1
Juan Cruz,ESP,FW,Leganés,La Liga,24,2000,23,17,1488.0,16.5,68.9,-0.48,4,4,1,5,1.5,2.1,1.6,1.5,3.1,31,2,24,10,41.7,1.45,0.17,21.0,66.5,5230,2152,12,20,18,5,67,9,1.87,0.12,38,40,86,650,56,50.0,28,2394,1099,25,17,382,245,285,28,18,10,28,24,0,11,9,1,13,73,46.7,2,0,8,15,3
Juan Cuadrado,COL,DF,Atalanta,Serie A,36,1988,13,3,494.0,5.5,22.0,2.37,0,0,2,2,0.7,1.3,1.2,0.7,1.8,21,2,13,4,30.8,2.37,0.0,16.6,80.5,5303,1410,13,19,16,1,30,2,3.82,0.36,28,36,53,431,26,53.8,14,1448,910,4,7,311,174,183,24,7,3,10,7,0,9,0,3,5,17,80.0,1,0,2,14,0
Pau Cubarsí,ESP,DF,Barcelona,La Liga,18,2007,23,20,1827.0,20.3,88.3,1.67,0,0,3,3,0.7,0.7,1.6,0.7,2.3,28,6,7,0,0.0,0.34,0.0,8.4,93.3,33367,11377,9,136,2,3,2,1,1.38,0.3,18,134,4,1984,4,100.0,4,6254,3578,4,1,1561,1187,48,16,20,10,30,58,0,8,3,3,15,64,62.7,3,0,13,8,0
Cucho,COL,FW,Betis,La Liga,25,1999,1,1,72.0,0.8,3.3,3.75,0,0,0,0,0.1,0.0,0.0,0.1,0.1,3,1,2,1,50.0,2.5,0.0,23.1,63.2,197,68,0,2,0,0,0,0,3.75,1.25,1,2,4,29,4,75.0,3,74,18,5,0,16,17,10,2,1,1,2,0,0,0,0,1,1,4,58.3,0,0,2,1,0
Marc Cucurella,ESP,DF,Chelsea,Premier League,26,1998,23,21,1894.0,21.0,84.2,0.67,2,2,1,3,1.6,1.8,1.7,1.6,3.3,34,2,12,3,25.0,0.57,0.17,16.3,88.7,17074,4681,14,80,6,2,22,2,1.62,0.1,23,74,77,1432,9,33.3,3,2596,1533,19,4,910,703,314,45,38,17,55,48,3,31,13,2,24,85,32.3,8,1,26,25,2
Jorge Cuenca,ESP,DF,Fulham,Premier League,25,1999,4,1,93.0,1.0,4.1,-0.97,0,0,0,0,0.0,0.0,0.0,0.0,0.0,0,0,0,0,0.0,0.0,0.0,0.0,81.1,575,178,0,0,0,0,0,0,0.0,0.0,0,3,0,52,0,0.0,0,47,29,0,0,22,17,1,0,1,1,2,13,0,0,0,0,1,3,75.0,0,0,0,1,0
Matheus Cunha,BRA,MF,Wolves,Premier League,25,1999,24,22,1965.0,21.8,87.3,-0.64,12,12,4,16,5.6,4.1,6.3,5.6,11.8,84,8,77,30,39.0,3.53,0.16,20.5,71.2,9445,3194,38,72,45,9,97,9,3.85,0.37,88,105,125,1150,105,42.9,45,5089,2532,62,35,756,523,515,100,30,16,46,22,0,17,12,2,17,105,32.1,3,0,34,50,8
Patrick Cutrone,ITA,FW,Como,Serie A,27,1998,24,19,1644.0,18.3,73.1,-0.22,6,6,3,9,5.4,1.8,1.8,4.7,6.5,42,4,52,20,38.5,2.85,0.12,15.9,69.6,3599,565,17,12,8,0,27,2,2.3,0.22,41,23,114,566,21,42.9,9,1738,819,48,23,414,236,310,92,11,3,14,7,0,10,6,5,9,46,27.8,1,0,18,20,16
Tomáš Čvančara,CZE,FW,Gladbach,Bundesliga,24,2000,19,4,474.0,5.3,23.9,-1.14,1,1,0,1,1.7,0.3,0.4,1.7,2.1,9,1,12,5,41.7,2.28,0.08,13.8,73.0,1520,360,3,8,5,0,8,1,1.71,0.19,8,16,28,200,12,41.7,5,518,222,13,5,136,86,82,19,2,1,3,13,0,6,1,0,1,15,46.2,3,1,8,3,0
Wylan Cyprien,FRA,MF,Parma,Serie A,30,1995,2,0,28.0,0.3,1.2,3.21,0,0,0,0,0.2,0.2,0.0,0.2,0.2,0,0,1,0,0.0,3.21,0.0,15.2,66.7,248,161,0,2,0,1,0,0,0.0,0.0,1,2,0,28,0,0.0,0,46,33,0,0,15,11,9,1,0,1,1,0,0,1,0,0,0,6,0.0,0,0,0,0,0
Danilo D'Ambrosio,ITA,DF,Monza,Serie A,36,1988,15,7,677.0,7.5,30.1,-0.8,0,0,0,0,0.3,0.3,0.2,0.3,0.5,3,0,6,3,50.0,0.8,0.0,22.7,84.3,4977,1640,2,13,4,1,5,2,0.4,0.0,4,18,10,437,3,0.0,0,794,365,9,1,251,165,60,11,17,12,29,22,1,7,7,1,9,30,37.9,2,1,15,7,3
Lucas Da Cunha,FRA,MF,Como,Serie A,23,2001,23,17,1522.0,16.9,67.6,-0.47,1,1,1,2,0.6,2.5,2.0,0.6,2.5,63,5,16,5,31.3,0.95,0.06,22.9,82.8,12810,3587,30,69,15,2,67,5,3.73,0.3,37,73,53,1080,17,47.1,8,3666,1782,10,12,755,561,291,22,28,10,38,19,1,6,10,6,15,100,42.9,2,0,13,13,0
Samuel Dahl,SWE,DF,Roma,Serie A,24,2000,2,0,43.0,0.5,1.9,0.0,0,0,0,0,0.0,0.0,0.0,0.0,0.0,1,0,0,0,0.0,0.0,0.0,0.0,85.7,268,95,0,2,1,0,1,0,2.09,0.0,1,2,4,37,1,0.0,0,117,35,1,0,25,16,18,0,2,0,2,0,0,2,2,0,2,1,0.0,0,0,2,0,0
Finn Dahmen,GER,GK,Augsburg,Bundesliga,26,1998,7,7,630.0,7.0,31.8,0.57,0,0,0,0,0.0,0.0,0.0,0.0,0.0,0,0,0,0,0.0,0.0,0.0,0.0,65.0,4775,3580,0,7,0,0,0,0,0.0,0.0,0,1,0,272,0,0.0,0,828,454,0,0,147,12,0,0,0,0,0,2,0,0,0,0,0,13,100.0,0,0,0,0,0
Thomas Dähne,GER,GK,Holstein Kiel,Bundesliga,31,1994,1,1,90.0,1.0,4.5,-2.0,0,0,0,0,0.0,0.0,0.0,0.0,0.0,0,0,0,0,0.0,0.0,0.0,0.0,88.1,971,556,0,0,0,0,0,0,0.0,0.0,0,0,0,46,0,0.0,0,60,38,0,0,30,2,0,0,0,0,0,0,0,0,0,0,0,0,0.0,0,0,0,0,0
Mahmoud Dahoud,GER,MF,Eint Frankfurt,Bundesliga,29,1996,9,3,364.0,4.0,18.4,1.24,1,1,1,2,0.5,0.6,0.7,0.5,1.2,13,2,7,2,28.6,1.73,0.14,22.6,84.9,2868,939,8,10,5,2,4,0,3.21,0.49,1,17,6,263,3,33.3,1,514,211,4,2,192,150,49,3,9,2,11,5,0,5,5,0,4,20,33.3,2,0,10,2,0
Patson Daka,ZAM,FW,Leicester City,Premier League,26,1998,13,1,313.0,3.5,13.9,-0.58,1,1,0,1,0.5,0.0,0.0,0.5,0.5,5,1,8,2,25.0,2.3,0.13,15.8,68.8,699,121,0,2,1,2,0,0,1.44,0.29,3,4,18,106,5,20.0,1,254,108,4,7,67,46,49,15,8,0,8,6,0,4,4,3,4,6,27.8,0,0,4,9,2
Ameen Al-Dakhil,BEL,DF,Stuttgart,Bundesliga,22,2002,5,4,300.0,3.3,15.2,0.9,0,0,0,0,0.1,0.1,0.2,0.1,0.2,4,0,1,0,0.0,0.3,0.0,19.7,92.4,4329,1473,2,19,1,0,0,0,1.2,0.0,1,10,0,326,0,0.0,0,960,507,3,0,216,147,6,0,6,7,13,24,1,6,2,0,6,11,30.8,0,0,3,4,0
Thijs Dallinga,NED,FW,Bologna,Serie A,24,2000,20,4,522.0,5.8,24.2,0.34,2,2,0,2,2.9,0.2,0.4,2.9,3.3,15,2,19,7,36.8,3.28,0.11,10.8,71.1,1468,254,6,7,3,0,2,0,2.59,0.34,5,9,44,228,9,22.2,2,526,116,26,12,171,101,112,38,8,1,9,5,1,5,2,6,4,29,58.8,1,0,18,11,4
Diogo Dalot,POR,DF,Manchester Utd,Premier League,25,1999,24,24,2126.0,23.6,94.5,-0.42,0,0,1,1,1.8,1.8,1.4,1.8,3.2,47,1,19,4,21.1,0.8,0.0,16.6,80.9,16979,5296,16,50,17,3,42,5,1.99,0.04,43,80,120,1527,31,45.2,14,3704,2003,27,11,918,617,411,46,53,30,83,53,0,19,17,5,32,135,63.6,4,0,33,7,4
Mikkel Damsgaard,DEN,MF,Brentford,Premier League,24,2000,25,22,1882.0,20.9,83.6,0.38,2,2,7,9,2.1,4.3,6.1,2.1,8.3,84,16,24,7,29.2,1.15,0.08,16.4,74.7,12249,4693,43,102,40,15,81,10,4.02,0.77,52,156,84,1221,67,50.7,34,4011,2068,38,35,808,561,452,47,57,20,77,26,1,26,18,18,33,108,34.6,2,0,10,20,4
Maat Daniel Caprini,ITA,FW,Fiorentina,Serie A,19,2006,1,0,1.0,0.0,0.0,0.0,0,0,0,0,0.0,0.0,0.0,0.0,0.0,0,0,0,0,0.0,0.0,0.0,0.0,75.0,41,19,0,0,0,0,0,0,0.0,0.0,0,1,1,5,0,0.0,0,22,0,1,0,3,4,1,0,0,0,0,0,0,0,0,0,0,1,0.0,0,0,0,0,1
Flavius Daniliuc,AUT,DF,Hellas Verona,Serie A,23,2001,16,8,904.0,10.0,40.2,-1.39,0,0,0,0,0.1,0.1,0.1,0.1,0.2,9,0,3,1,33.3,0.3,0.0,18.0,84.8,5280,2428,2,24,3,1,5,1,0.89,0.0,8,34,8,479,7,57.1,4,1172,594,7,4,273,237,54,10,23,7,30,25,0,8,7,3,18,38,53.1,0,0,11,2,0
Danilo,BRA,MF,Forest,Premier League,23,2001,3,3,140.0,1.6,6.2,1.93,0,0,0,0,0.0,0.0,0.0,0.0,0.0,5,2,0,0,0.0,0.0,0.0,0.0,80.3,856,362,0,4,0,0,1,0,3.21,1.29,1,6,0,74,4,25.0,1,124,36,4,0,42,46,2,0,1,1,2,3,0,1,1,0,0,12,50.0,0,0,1,0,0
Danilo,BRA,DF,Juventus,Serie A,33,1991,12,6,581.0,6.5,6.2,1.93,0,0,1,1,0.1,0.0,0.4,0.1,0.5,5,2,0,0,0.0,0.0,0.0,0.0,80.3,856,362,0,4,0,0,1,0,3.21,1.29,16,45,7,74,4,25.0,1,124,36,4,0,42,46,2,0,1,1,2,3,0,1,1,0,0,12,50.0,0,0,1,0,0
Arnaut Danjuma,NED,FW,Villarreal,La Liga,28,1997,3,3,200.0,2.2,9.3,-0.45,2,2,0,2,0.8,0.0,0.0,0.8,0.8,2,0,6,3,50.0,2.7,0.33,13.9,76.7,359,40,1,1,0,0,0,0,0.9,0.0,4,1,17,48,4,0.0,0,207,98,3,0,36,13,34,8,2,0,2,0,0,1,1,1,1,2,100.0,1,0,1,1,3
Arnaut Danjuma,NED,FW,Girona,La Liga,28,1997,15,9,800.0,8.9,9.3,-0.45,1,1,0,1,1.7,0.0,0.7,1.7,2.4,2,0,6,3,50.0,2.7,0.33,13.9,76.7,359,40,1,1,0,0,0,0,0.9,0.0,54,25,110,48,4,0.0,0,207,98,3,0,36,13,34,8,2,0,2,0,0,1,1,1,1,2,100.0,1,0,1,1,3
Jayden Danns,ENG,MF,Liverpool,Premier League,19,2006,1,0,11.0,0.1,0.5,-8.18,0,0,0,0,0.0,0.0,0.0,0.0,0.0,0,0,0,0,0.0,0.0,0.0,0.0,100.0,6,0,0,0,0,0,0,0,0.0,0.0,0,0,0,2,0,0.0,0,2,1,0,1,1,0,2,0,0,0,0,0,0,0,0,0,0,0,0.0,0,0,0,0,0
Kévin Danois,FRA,MF,Auxerre,Ligue 1,20,2004,16,10,932.0,10.4,47.1,0.19,0,0,0,0,0.7,1.0,0.8,0.7,1.5,39,4,11,0,0.0,1.06,0.0,18.1,80.0,6231,1774,16,41,6,1,11,1,3.77,0.39,13,69,33,607,26,50.0,13,1749,834,15,17,387,322,167,24,37,15,52,15,0,7,17,5,24,64,36.0,0,0,14,10,2
Kevin Danso,AUT,DF,Tottenham,Premier League,26,1998,1,1,77.0,0.9,3.4,1.17,0,0,0,0,0.0,0.0,0.0,0.0,0.1,1,0,1,0,0.0,1.17,0.0,11.7,88.3,898,350,1,5,1,0,1,1,1.17,0.0,1,1,0,70,0,0.0,0,268,106,0,0,53,41,4,2,1,1,2,6,0,0,0,0,0,2,0.0,0,0,0,1,0
Kevin Danso,AUT,DF,Lens,Ligue 1,26,1998,12,12,1080.0,12.0,3.4,1.17,0,0,0,0,0.5,0.0,1.0,0.5,1.5,1,0,1,0,0.0,1.17,0.0,11.7,88.3,898,350,1,5,1,0,1,1,1.17,0.0,9,52,1,70,0,0.0,0,268,106,0,0,53,41,4,2,1,1,2,6,0,0,0,0,0,2,0.0,0,0,0,1,0
Dante,BRA,DF,Nice,Ligue 1,41,1983,16,14,1283.0,14.3,64.8,1.19,0,0,0,0,0.2,0.2,0.1,0.2,0.3,11,0,5,0,0.0,0.35,0.0,13.1,87.9,14726,5906,1,59,4,1,1,0,0.77,0.0,13,63,7,1127,9,33.3,3,2983,1739,12,3,797,539,52,12,25,24,49,46,1,16,9,2,10,66,67.6,5,0,13,9,0
Pape Daouda Diongue,SEN,MF,Strasbourg,Ligue 1,18,2006,7,1,73.0,0.8,3.7,1.23,1,1,0,1,1.0,0.0,0.2,1.0,1.2,1,0,5,2,40.0,6.16,0.2,11.5,83.3,660,106,1,3,0,0,1,0,1.23,0.0,2,2,3,72,4,0.0,0,155,70,3,1,51,44,16,5,1,3,4,2,0,0,1,0,0,8,100.0,0,0,0,0,0
Mohammed Daramy,DEN,FW,Reims,Ligue 1,23,2002,2,0,16.0,0.2,0.8,-5.63,0,0,0,0,0.0,0.2,0.1,0.0,0.1,2,1,1,0,0.0,5.63,0.0,16.7,100.0,40,16,1,0,0,0,0,0,11.25,5.63,3,0,2,8,0,0.0,0,59,45,2,1,7,4,3,3,0,0,0,1,0,0,0,0,0,0,33.3,0,0,0,0,0
Bence Dárdai,GER,MF,Wolfsburg,Bundesliga,19,2006,11,9,702.0,7.8,35.5,0.26,1,1,1,2,0.4,0.7,0.9,0.4,1.3,15,2,4,1,25.0,0.51,0.25,16.7,75.8,2529,631,8,11,6,1,7,1,1.92,0.26,1,17,13,311,3,0.0,0,406,139,11,3,165,165,75,9,13,7,20,14,1,10,10,0,8,21,44.4,0,0,6,5,0
Sergi Darder,ESP,MF,Mallorca,La Liga,31,1993,24,20,1556.0,17.3,72.0,-0.23,0,0,1,1,1.6,2.8,1.7,1.6,3.3,58,2,21,4,19.0,1.21,0.0,23.2,76.0,10656,3444,31,73,22,4,94,8,3.35,0.12,28,91,58,879,40,40.0,16,2943,1265,23,14,570,491,308,22,28,9,37,14,1,11,11,6,17,69,75.0,1,0,13,20,2
Matteo Darmian,ITA,DF,Inter,Serie A,35,1989,20,13,1160.0,12.9,51.6,2.02,2,2,2,4,1.2,0.8,1.1,1.2,2.4,18,3,7,2,28.6,0.54,0.29,16.7,82.8,9472,2347,10,27,8,2,23,4,1.4,0.23,8,25,72,753,7,57.1,4,1234,596,11,6,523,338,202,20,22,3,25,26,0,12,9,3,12,24,52.2,2,0,20,15,2
Lukas Daschner,GER,MF,Bochum,Bundesliga,26,1998,14,3,412.0,4.6,20.8,-1.31,1,1,1,2,2.7,0.3,0.7,1.9,2.6,10,1,8,4,50.0,1.75,0.13,15.8,64.6,1531,522,6,9,1,3,19,0,2.18,0.22,8,11,19,213,15,33.3,5,606,260,21,2,131,100,90,14,4,0,4,5,0,5,2,1,2,17,33.3,0,0,4,2,0
Juan David Cabal,COL,DF,Juventus,Serie A,24,2001,7,6,460.0,5.1,20.4,1.37,0,0,0,0,0.1,0.3,0.0,0.1,0.2,3,3,5,0,0.0,0.98,0.0,21.8,87.7,5087,1427,1,20,3,1,7,2,0.59,0.59,14,17,19,401,7,57.1,4,1342,774,6,4,285,220,52,3,10,2,12,14,1,2,3,0,4,20,72.7,0,0,7,10,1
Jonathan David,CAN,FW,Lille,Ligue 1,25,2000,20,17,1629.0,18.1,82.3,0.83,12,6,3,15,12.2,2.0,2.9,6.7,9.5,39,5,39,19,48.7,2.15,0.15,16.1,81.2,4484,707,20,15,12,1,3,0,2.15,0.28,21,34,110,591,25,52.0,13,1494,713,46,24,440,235,324,97,16,3,19,6,0,8,9,4,3,42,26.8,3,0,20,23,5
Alphonso Davies,CAN,DF,Bayern,Bundesliga,24,2000,16,15,1356.0,15.1,68.5,2.32,1,1,2,3,1.2,2.0,1.5,1.2,2.7,56,8,17,3,17.6,1.13,0.06,18.3,90.4,14525,3505,24,83,15,4,20,2,3.72,0.53,70,106,128,1302,65,44.6,29,4482,2350,31,15,955,652,438,44,25,12,37,19,1,13,13,6,15,97,57.1,0,0,6,23,3
Ben Davies,WAL,DF,Tottenham,Premier League,31,1993,8,7,631.0,7.0,28.0,1.0,0,0,0,0,0.2,0.2,0.1,0.2,0.2,3,0,2,0,0.0,0.29,0.0,13.6,88.8,8448,3578,1,27,1,1,1,0,0.43,0.0,5,28,4,591,0,0.0,0,1662,973,1,0,396,259,27,6,5,7,12,41,0,14,4,0,4,23,52.9,2,0,7,3,0
Keinan Davis,ENG,FW,Udinese,Serie A,27,1998,14,6,688.0,7.6,30.6,-0.78,2,2,1,3,1.5,0.6,2.0,1.5,3.5,24,2,14,5,35.7,1.83,0.14,9.5,76.8,2191,338,15,11,8,0,2,0,3.13,0.26,16,20,45,269,22,50.0,11,1097,414,24,16,222,132,126,40,6,1,7,4,0,2,3,2,3,27,53.8,2,0,16,10,3
Leif Davis,ENG,DF,Ipswich Town,Premier League,25,2000,24,24,2112.0,23.5,93.9,-1.15,1,1,2,3,0.8,3.7,3.5,0.8,4.3,71,4,12,2,16.7,0.51,0.08,19.6,71.9,11792,4655,43,25,20,3,111,9,3.03,0.17,39,44,99,1190,34,32.4,11,2919,1563,31,10,617,381,395,35,38,18,56,61,1,21,4,3,22,97,56.5,5,0,23,25,3
Zuriko Davitashvili,GEO,FW,Saint-Etienne,Ligue 1,24,2001,21,21,1802.0,20.0,91.0,-1.45,7,5,2,9,5.6,2.8,2.3,4.0,6.3,68,8,43,18,41.9,2.15,0.12,20.7,78.8,6568,1647,26,26,13,5,47,3,3.4,0.4,59,44,112,816,74,37.8,28,3434,1467,44,44,548,345,401,70,14,11,25,4,0,14,6,4,7,82,23.8,1,0,10,25,3
Paweł Dawidowicz,POL,DF,Hellas Verona,Serie A,29,1995,16,14,1060.0,11.8,47.1,-0.93,0,0,0,0,0.2,0.1,0.0,0.2,0.2,4,1,3,0,0.0,0.25,0.0,15.7,84.2,7639,2634,0,35,0,0,1,0,0.34,0.08,8,29,3,614,2,100.0,2,1628,880,4,1,367,322,31,7,28,11,39,46,2,10,13,2,12,34,62.5,5,1,22,8,0
Craig Dawson,ENG,DF,Wolves,Premier League,34,1990,15,10,971.0,10.8,43.2,-0.83,0,0,0,0,0.5,0.1,0.0,0.5,0.5,7,2,5,1,20.0,0.46,0.0,8.5,86.6,9745,3180,2,22,1,1,0,0,0.65,0.19,6,20,5,671,5,20.0,1,1819,938,2,0,443,249,28,14,15,9,24,52,1,16,6,1,3,35,65.6,2,0,6,5,2
Kevin De Bruyne,BEL,MF,City,Premier League,33,1991,17,11,1011.0,11.2,44.9,1.6,2,2,6,8,2.5,4.5,6.0,2.5,8.5,77,10,33,8,24.2,2.94,0.06,22.5,77.1,9990,2909,39,55,42,7,81,8,6.85,0.89,35,106,99,874,21,42.9,9,2481,1340,16,20,662,295,534,50,9,5,14,9,1,6,2,3,4,40,21.4,2,0,10,11,4
Charles De Ketelaere,BEL,MF,Atalanta,Serie A,23,2001,24,19,1515.0,16.8,67.3,1.13,5,5,5,10,4.0,3.9,5.2,4.0,9.2,64,9,34,15,44.1,2.02,0.15,12.1,76.3,8328,2104,32,58,41,12,40,9,3.8,0.54,75,97,153,898,64,48.4,31,4115,2177,37,40,735,379,478,86,10,2,12,7,0,8,6,2,7,61,50.0,1,0,16,30,2
Rodrigo De Paul,ARG,MF,Atleti,La Liga,30,1994,22,13,1271.0,14.1,58.8,1.06,3,3,3,6,1.1,3.9,3.8,1.1,4.9,60,7,12,4,33.3,0.85,0.25,23.1,80.6,14411,4541,28,110,39,20,42,9,4.25,0.5,48,141,51,1144,21,42.9,9,4376,2394,15,18,910,664,319,13,14,4,18,9,2,16,4,3,10,71,37.5,6,0,10,25,0
Théo De Percin,MTQ,GK,Auxerre,Ligue 1,24,2001,2,2,180.0,2.0,9.1,-1.0,0,0,0,0,0.0,0.0,0.0,0.0,0.0,0,0,0,0,0.0,0.0,0.0,0.0,53.4,1059,852,0,1,0,0,0,0,0.0,0.0,0,0,0,68,0,0.0,0,180,118,0,0,22,2,0,0,0,0,0,3,0,0,0,0,0,2,0.0,0,0,0,0,0
Mattia De Sciglio,ITA,DF,Empoli,Serie A,32,1992,12,5,607.0,6.7,27.0,-1.78,1,1,0,1,0.6,0.2,0.2,0.6,0.7,7,0,4,2,50.0,0.59,0.25,14.7,77.9,3575,1401,3,11,4,0,6,2,1.04,0.0,3,17,6,303,4,25.0,1,541,215,3,2,154,142,39,9,14,5,19,20,1,10,6,0,10,19,71.4,0,0,7,3,0
Lorenzo De Silvestri,ITA,DF,Bologna,Serie A,36,1988,13,9,685.0,7.6,31.7,0.53,1,1,0,1,0.5,0.3,0.3,0.5,0.8,12,0,5,2,40.0,0.66,0.2,11.4,80.8,5176,2115,5,25,5,0,12,4,1.58,0.0,2,29,18,427,4,25.0,1,732,267,5,2,244,208,89,7,9,7,16,21,0,7,1,3,5,15,47.1,1,0,15,5,0
Thibault De Smet,BEL,DF,Reims,Ligue 1,26,1998,5,2,192.0,2.1,9.7,-1.41,0,0,0,0,0.1,0.0,0.0,0.1,0.1,0,0,1,0,0.0,0.47,0.0,12.3,90.5,1934,575,0,11,0,0,0,0,0.0,0.0,1,9,2,146,1,0.0,0,379,212,2,0,94,62,6,1,6,4,10,12,0,5,1,0,4,6,50.0,0,0,1,2,0
Koni De Winter,BEL,DF,Genoa,Serie A,22,2002,13,12,1089.0,12.1,50.4,-0.83,3,3,0,3,1.6,0.1,0.1,1.6,1.7,8,0,9,7,77.8,0.74,0.33,8.1,84.8,9533,3254,2,23,1,0,2,1,0.66,0.0,6,38,7,751,3,33.3,1,1961,995,8,4,472,346,57,23,19,11,30,51,2,2,5,2,12,43,69.8,5,0,24,4,1
Amar Dedić,BIH,DF,Marseille,Ligue 1,22,2002,2,0,41.0,0.5,2.1,0.0,0,0,1,1,0.6,0.4,0.7,0.6,1.3,6,1,1,1,100.0,2.2,0.0,10.2,84.6,445,106,1,1,1,0,0,0,13.17,2.2,3,1,9,49,6,66.7,4,194,99,0,1,33,21,19,3,1,0,1,2,0,0,0,1,0,5,100.0,0,0,1,0,0
Alessandro Deiola,ITA,MF,Cagliari,Serie A,29,1995,19,10,915.0,10.2,40.7,-0.3,0,0,1,1,0.7,0.6,0.6,0.7,1.2,20,3,12,2,16.7,1.18,0.0,19.7,72.7,4398,1166,3,32,5,1,11,0,1.97,0.3,7,29,22,454,3,100.0,3,792,338,11,7,269,236,106,15,22,9,31,28,0,13,14,2,15,40,51.1,3,0,19,7,0
Romain Del Castillo,FRA,FW,Brest,Ligue 1,28,1996,18,12,1024.0,11.4,51.7,-0.79,5,2,3,8,4.6,3.4,2.6,1.4,4.0,56,6,14,7,50.0,1.23,0.14,20.1,69.2,6396,2288,29,35,24,3,84,9,4.92,0.53,24,48,93,685,37,43.2,16,1803,780,32,15,463,316,326,36,25,6,31,3,0,15,8,8,17,61,47.1,0,0,9,14,0
Enrico Del Prato,ITA,DF,Parma,Serie A,25,1999,22,20,1867.0,20.7,83.0,-0.58,4,4,0,4,1.9,0.7,0.8,1.9,2.7,20,1,10,5,50.0,0.48,0.4,12.0,85.5,15336,5528,10,40,4,0,7,1,0.96,0.05,6,56,15,1192,2,100.0,2,2704,1339,8,1,711,491,123,25,21,16,37,88,1,48,4,1,12,93,52.5,5,0,9,9,0
Liam Delap,ENG,FW,Ipswich Town,Premier League,22,2003,24,23,1843.0,20.5,81.9,-0.98,10,8,2,12,7.5,1.3,1.8,5.9,7.7,48,6,41,20,48.8,2.0,0.2,15.8,62.1,1985,493,19,12,5,7,1,0,2.34,0.29,43,20,75,452,59,45.8,27,2293,1099,76,47,358,192,219,64,9,2,11,18,0,6,2,4,6,41,42.7,7,0,52,36,13
Fisayo Dele-Bashiru,NGA,MF,Lazio,Serie A,24,2001,15,8,670.0,7.4,29.8,-0.54,3,3,0,3,0.9,0.3,0.3,0.9,1.2,19,0,12,3,25.0,1.61,0.25,19.3,89.5,3465,525,6,22,3,0,5,1,2.55,0.0,19,21,45,331,16,68.8,11,1140,582,14,11,258,184,104,21,8,2,10,3,0,9,2,3,5,37,16.7,0,0,6,3,0
Andy Delort,ALG,FW,Montpellier,Ligue 1,33,1991,3,3,193.0,2.1,9.7,-2.33,0,0,0,0,0.3,0.3,0.7,0.3,1.0,7,1,5,1,20.0,2.33,0.0,14.5,48.1,346,112,2,3,0,0,4,0,3.26,0.47,0,4,7,74,4,75.0,3,92,24,5,2,54,30,40,11,2,0,2,2,0,0,1,1,2,2,45.5,1,0,5,4,2
Olivier Deman,BEL,DF,Werder Bremen,Bundesliga,24,2000,9,0,67.0,0.7,3.4,1.34,0,0,0,0,0.0,0.1,0.1,0.0,0.1,1,0,0,0,0.0,0.0,0.0,0.0,65.5,706,297,1,3,1,0,6,0,1.34,0.0,2,4,1,75,1,0.0,0,225,72,0,0,31,26,19,2,6,3,9,4,0,3,4,0,3,5,100.0,1,0,1,2,0
Ali Dembélé,FRA,DF,Torino,Serie A,21,2004,9,1,115.0,1.3,5.1,-1.57,0,0,0,0,0.0,0.0,0.0,0.0,0.0,3,0,0,0,0.0,0.0,0.0,0.0,78.7,760,250,1,1,1,0,2,1,2.35,0.0,3,5,1,77,2,50.0,1,155,92,2,3,41,36,15,1,4,0,4,4,1,1,1,0,2,4,25.0,4,1,3,0,0
Ousmane Dembélé,FRA,FW,PSG,Ligue 1,27,1997,20,14,1232.0,13.7,62.2,1.97,16,15,4,20,10.3,5.2,6.1,9.5,15.6,77,10,62,35,56.5,4.53,0.24,16.0,79.2,9646,2509,45,63,37,8,64,2,5.63,0.73,93,97,181,974,76,46.1,35,4500,2518,34,19,825,355,590,115,10,7,17,2,1,3,6,4,4,31,57.1,1,0,6,11,6
Ermedin Demirović,BIH,FW,Stuttgart,Bundesliga,26,1998,22,14,1229.0,13.7,62.1,0.0,8,8,0,8,7.6,1.2,1.1,5.8,7.0,32,3,39,13,33.3,2.86,0.21,12.5,68.9,2196,435,13,11,5,3,3,0,2.34,0.22,14,21,78,406,18,16.7,3,917,377,22,20,311,176,205,79,8,2,10,8,0,10,3,4,5,18,47.1,1,0,13,23,13
Sepp van den Berg,NED,DF,Brentford,Premier League,23,2001,21,20,1757.0,19.5,78.1,0.05,0,0,0,0,0.8,0.4,0.2,0.8,1.0,18,2,12,4,33.3,0.61,0.0,11.8,84.7,12303,3979,5,43,3,0,6,1,0.92,0.1,6,52,23,1085,7,57.1,4,2169,1097,11,5,602,409,128,29,28,15,43,91,2,39,7,4,17,63,52.5,1,0,15,5,1
Arthur Desmas,FRA,GK,Le Havre,Ligue 1,30,1994,17,17,1530.0,17.0,77.3,-1.35,0,0,0,0,0.0,0.0,0.0,0.0,0.0,3,0,0,0,0.0,0.0,0.0,0.0,77.6,9708,6171,1,7,0,0,0,0,0.18,0.0,0,0,0,535,0,0.0,0,1669,1037,2,0,239,5,0,0,0,0,0,9,1,0,0,0,0,12,100.0,2,0,1,6,0
Justin Devenny,NIR,MF,Crystal Palace,Premier League,21,2003,12,3,313.0,3.5,13.9,0.0,1,1,0,1,0.5,0.3,0.3,0.5,0.8,9,0,6,3,50.0,1.73,0.17,22.2,70.4,1506,386,5,12,2,0,16,1,2.58,0.0,3,9,9,177,4,50.0,2,421,195,9,2,109,87,62,5,10,0,10,7,0,3,3,1,7,14,12.5,0,0,4,0,1
Kiernan Dewsbury-Hall,ENG,MF,Chelsea,Premier League,26,1998,7,1,161.0,1.8,7.2,1.12,0,0,1,1,0.2,0.2,1.0,0.2,1.2,3,1,1,0,0.0,0.56,0.0,7.8,85.9,1189,197,2,7,1,0,1,0,1.67,0.56,4,10,8,109,3,33.3,1,319,155,1,3,87,59,33,5,2,1,3,4,1,1,0,1,2,3,0.0,0,0,3,2,0
Michele Di Gregorio,ITA,GK,Juventus,Serie A,27,1997,20,20,1800.0,20.0,80.0,0.8,0,0,0,0,0.0,0.0,0.0,0.0,0.0,1,0,0,0,0.0,0.0,0.0,0.0,75.7,11597,7986,0,11,0,0,0,0,0.05,0.0,0,0,0,620,0,0.0,0,2085,1253,0,0,369,4,0,0,0,0,0,6,0,0,0,0,0,18,83.3,0,0,0,3,0
Giovanni Di Lorenzo,ITA,DF,Napoli,Serie A,31,1993,25,25,2250.0,25.0,100.0,0.88,3,3,1,4,2.4,3.0,3.0,2.4,5.4,59,4,13,4,30.8,0.52,0.23,11.1,83.5,20073,6911,30,124,39,1,46,6,2.36,0.16,37,162,115,1721,25,16.0,4,3548,1975,18,9,1168,830,443,45,46,21,67,55,1,10,16,6,31,64,56.7,3,0,34,31,4
Boulaye Dia,SEN,MF,Lazio,Serie A,28,1996,22,16,1317.0,14.6,58.5,1.03,7,7,3,10,3.6,1.2,3.0,3.6,6.6,39,8,21,13,61.9,1.44,0.33,13.5,85.1,4976,710,17,22,6,4,2,0,2.66,0.55,15,33,67,493,31,41.9,13,1505,531,22,19,384,263,185,53,19,4,23,8,1,4,9,5,8,34,25.0,2,0,16,17,1
Mouctar Diakhaby,GUI,DF,Valencia,La Liga,28,1996,3,1,75.0,0.8,3.5,2.4,1,1,0,1,0.5,0.0,0.0,0.5,0.5,1,0,4,2,50.0,4.8,0.25,11.6,72.4,392,115,1,1,0,0,0,0,1.2,0.0,0,1,0,38,0,0.0,0,94,62,1,1,23,5,9,7,1,2,3,2,0,0,0,0,1,4,100.0,0,0,1,0,0
Mamadou Diakhon,FRA,FW,Reims,Ligue 1,19,2005,18,3,474.0,5.3,23.9,-0.76,1,1,0,1,0.4,0.2,0.2,0.4,0.6,19,1,10,5,50.0,1.9,0.1,19.9,76.0,2295,247,6,4,2,0,20,0,3.6,0.19,36,12,56,249,40,40.0,16,1882,855,17,6,198,91,138,31,10,1,11,2,0,2,2,4,6,23,0.0,2,0,3,13,0
Bafodé Diakité,FRA,DF,Lille,Ligue 1,24,2001,21,21,1890.0,21.0,95.5,0.71,3,3,1,4,1.9,0.5,0.1,1.9,2.0,12,1,12,6,50.0,0.57,0.25,8.2,92.8,26314,8639,2,94,0,1,3,0,0.57,0.05,10,60,3,1646,3,100.0,3,4944,2972,5,2,1258,926,58,14,18,19,37,57,4,20,5,2,12,93,72.7,3,0,28,11,1
Oumar Diakité,CIV,FW,Reims,Ligue 1,21,2003,20,18,1423.0,15.8,71.9,-0.13,4,4,1,5,5.3,1.1,1.0,4.5,5.5,37,4,24,7,29.2,1.52,0.17,11.8,82.4,3672,646,10,18,12,1,7,2,2.34,0.25,20,40,83,506,52,34.6,18,1630,651,53,31,351,240,215,55,18,2,20,9,0,11,6,5,12,54,31.0,6,0,27,21,10
Amad Diallo,CIV,FW,Manchester Utd,Premier League,22,2002,22,17,1594.0,17.7,70.8,-0.06,6,6,6,12,4.1,3.6,3.9,4.1,8.0,80,16,40,13,32.5,2.26,0.15,17.7,82.9,9051,1880,39,25,29,2,38,5,4.52,0.9,92,53,159,1012,72,50.0,36,4482,2294,35,32,714,374,504,109,33,11,44,16,0,10,19,8,26,93,37.5,3,0,19,23,9
Assane Diao,ESP,FW,Como,Serie A,19,2005,7,6,585.0,6.5,26.0,0.15,4,4,0,4,1.6,0.2,0.2,1.6,1.8,9,0,13,7,53.8,2.0,0.31,14.9,75.0,1313,310,3,7,5,0,8,0,1.38,0.0,20,13,54,237,29,24.1,7,1192,592,25,18,168,99,105,24,15,3,18,9,0,5,4,5,11,23,26.1,2,0,9,19,3
Assane Diao,ESP,FW,Betis,La Liga,19,2005,10,2,277.0,3.1,26.0,0.15,1,1,2,3,0.8,0.2,1.5,0.8,2.3,9,0,13,7,53.8,2.0,0.31,14.9,75.0,1313,310,3,7,5,0,8,0,1.38,0.0,9,1,27,237,29,24.1,7,1192,592,25,18,168,99,105,24,15,3,18,9,0,5,4,5,11,23,26.1,2,0,9,19,3
Habib Diarra,SEN,MF,Strasbourg,Ligue 1,21,2004,21,21,1820.0,20.2,91.9,0.3,4,2,3,7,2.9,3.6,4.0,1.3,5.3,46,6,21,10,47.6,1.04,0.1,20.4,84.3,10537,2283,22,51,18,5,38,9,2.27,0.3,46,90,86,935,40,25.0,10,2761,1409,23,20,693,505,236,31,16,11,27,33,2,16,10,2,9,64,42.9,5,0,22,40,1
Moussa Diarra,MLI,DF,Alaves,La Liga,24,2000,19,16,1479.0,16.4,68.5,-0.55,0,0,0,0,0.0,0.3,0.1,0.0,0.1,13,4,1,0,0.0,0.06,0.0,25.8,81.4,10018,4294,2,37,6,0,15,2,0.79,0.24,9,56,20,795,8,50.0,4,1643,843,15,8,468,400,83,8,27,19,46,30,1,9,12,2,17,60,54.0,4,0,20,19,1
Rúben Dias,POR,DF,City,Premier League,27,1997,14,13,1177.0,13.1,52.3,1.22,0,0,0,0,1.1,0.7,0.3,1.1,1.3,17,0,13,3,23.1,0.99,0.0,20.1,93.9,19406,6309,5,106,5,0,2,0,1.3,0.0,19,78,5,1313,1,0.0,0,5230,3094,3,1,1068,686,204,15,9,14,23,33,1,11,5,1,5,40,56.3,3,0,6,4,0
Krépin Diatta,SEN,DF,Monaco,Ligue 1,25,1999,10,1,287.0,3.2,14.5,0.63,0,0,0,0,0.2,0.7,0.7,0.2,0.9,7,0,2,1,50.0,0.63,0.0,13.1,72.4,2242,851,2,8,4,0,7,1,2.2,0.0,9,15,28,222,6,83.3,5,704,376,7,0,120,102,73,6,13,7,20,8,1,5,1,3,8,24,68.8,0,0,8,4,2
Kandet Diawara,GUI,FW,Le Havre,Ligue 1,25,2000,1,0,4.0,0.0,0.2,-22.5,0,0,0,0,0.0,0.0,0.0,0.0,0.0,0,0,0,0,0.0,0.0,0.0,0.0,50.0,6,0,0,0,0,0,0,0,0.0,0.0,0,0,0,4,0,0.0,0,2,0,0,2,2,3,0,0,0,0,0,1,0,1,0,0,0,0,0.0,0,0,0,0,0
Mahamadou Diawara,FRA,MF,Le Havre,Ligue 1,20,2005,4,3,234.0,2.6,11.8,0.38,0,0,1,1,0.2,0.1,0.2,0.2,0.4,6,0,1,0,0.0,0.38,0.0,16.7,85.4,1417,253,3,4,1,0,1,0,2.31,0.0,3,6,1,122,4,50.0,2,363,122,3,3,74,68,21,4,8,6,14,6,1,4,3,0,4,14,33.3,0,0,9,2,0
Mahamadou Diawara,FRA,MF,Lyon,Ligue 1,20,2005,2,0,16.0,0.2,11.8,0.38,0,0,0,0,0.0,0.1,0.0,0.0,0.0,6,0,1,0,0.0,0.38,0.0,16.7,85.4,1417,253,3,4,1,0,1,0,2.31,0.0,1,1,0,122,4,50.0,2,363,122,3,3,74,68,21,4,8,6,14,6,1,4,3,0,4,14,33.3,0,0,9,2,0
Brahim Díaz,MAR,FW,Real Madrid,La Liga,25,1999,19,9,849.0,9.4,39.3,2.33,3,3,2,5,2.9,1.5,2.3,2.9,5.2,39,9,14,7,50.0,1.48,0.21,12.4,85.3,4605,1259,15,35,13,5,6,0,4.14,0.96,19,46,62,507,28,57.1,16,1492,711,24,17,408,263,201,31,19,2,21,1,0,11,9,2,14,32,8.3,0,0,8,20,0
Luis Díaz,COL,FW,Liverpool,Premier League,28,1997,24,19,1586.0,17.6,70.5,1.99,9,9,2,11,7.2,2.3,2.1,7.2,9.3,76,13,48,21,43.8,2.72,0.19,13.9,84.1,7358,1577,28,32,26,1,16,3,4.31,0.74,65,74,171,768,78,42.3,33,3642,1860,37,33,600,276,448,107,18,3,21,7,1,14,10,2,10,67,27.3,2,0,38,24,7
Pedro Díaz,ESP,MF,Rayo,La Liga,26,1998,11,2,283.0,3.1,13.7,1.27,0,0,0,0,0.5,0.6,0.8,0.5,1.2,16,0,6,1,16.7,1.91,0.0,23.8,83.6,1646,484,9,10,5,1,7,1,5.09,0.0,6,14,8,174,7,57.1,4,501,239,4,3,102,81,66,4,6,1,7,3,1,6,4,0,3,26,40.0,1,0,2,1,0
Tyler Dibling,ENG,FW,Southampton,Premier League,18,2006,21,14,1265.0,14.1,56.2,-1.35,2,2,0,2,2.1,1.2,1.3,2.1,3.4,45,3,23,9,39.1,1.64,0.09,20.5,78.2,4982,1054,14,20,17,8,22,1,3.2,0.21,53,43,70,586,78,38.5,30,3236,1696,32,35,445,267,268,32,22,5,27,8,0,14,13,3,14,51,19.0,6,0,21,37,0
Diego,ESP,FW,Leganés,La Liga,24,2000,15,5,531.0,5.9,24.6,-0.85,1,1,0,1,1.4,0.2,0.2,1.4,1.6,8,1,14,4,28.6,2.37,0.07,13.7,64.0,1057,228,5,5,2,0,4,1,1.36,0.17,6,10,27,168,6,33.3,2,435,156,26,5,128,66,92,19,0,0,0,7,0,2,0,0,0,11,47.5,0,0,13,14,5
Justin Diehl,GER,FW,Stuttgart,Bundesliga,20,2004,6,0,104.0,1.2,5.3,1.73,1,1,0,1,1.0,0.3,0.1,1.0,1.1,4,0,7,1,14.3,6.06,0.14,15.8,70.7,530,123,1,3,1,0,10,0,3.46,0.0,6,5,20,81,14,28.6,4,399,206,1,3,60,24,53,9,0,0,0,0,0,2,0,0,0,7,0.0,0,0,2,0,0
Bamba Dieng,SEN,FW,Angers,Ligue 1,24,2000,13,4,426.0,4.7,21.5,-0.21,2,2,0,2,2.3,0.1,0.0,2.3,2.3,5,1,12,5,41.7,2.54,0.17,17.7,76.9,694,84,0,1,1,2,2,0,1.06,0.21,5,4,27,125,13,15.4,2,353,170,11,5,107,44,70,20,3,0,3,3,0,2,1,1,0,3,29.6,1,0,6,11,2
Eric Dier,ENG,DF,Bayern,Bundesliga,31,1994,9,4,388.0,4.3,19.6,1.16,0,0,1,1,0.2,0.3,0.1,0.2,0.3,3,1,3,1,33.3,0.7,0.0,7.5,94.7,7278,2250,1,44,2,1,1,0,0.7,0.23,3,22,0,452,2,50.0,1,1237,627,2,0,335,290,20,5,5,4,9,10,0,6,2,0,3,23,56.0,0,0,3,1,0
Lucas Digne,FRA,DF,Aston Villa,Premier League,31,1993,25,22,1817.0,20.2,80.8,-0.2,0,0,3,3,0.8,3.0,3.5,0.8,4.3,52,4,13,3,23.1,0.64,0.0,22.5,74.5,12678,3936,29,33,24,1,126,15,2.58,0.2,19,44,119,1254,17,52.9,9,2640,1178,13,14,695,378,458,24,48,25,73,68,1,18,14,8,28,82,56.0,3,0,18,12,6
Kembo Diliwidi,FRA,DF,Lens,Ligue 1,19,2006,1,0,4.0,0.0,0.2,0.0,0,0,0,0,0.0,0.0,0.0,0.0,0.0,0,0,0,0,0.0,0.0,0.0,0.0,66.7,36,22,0,1,1,0,1,0,0.0,0.0,0,1,0,4,1,0.0,0,3,0,0,0,1,1,3,1,0,0,0,0,0,0,0,0,0,0,0.0,0,0,1,0,0
Federico Dimarco,ITA,DF,Inter,Serie A,27,1997,22,21,1545.0,17.2,68.7,1.28,3,3,4,7,2.4,3.5,4.4,2.4,6.8,71,8,42,16,38.1,2.45,0.07,21.1,76.4,11712,3258,35,33,32,1,142,16,4.08,0.46,27,63,171,1037,7,42.9,3,2201,1261,14,6,712,385,496,55,15,11,26,20,2,15,7,3,7,54,40.0,2,0,13,10,8
Stole Dimitrievski,MKD,GK,Valencia,La Liga,31,1993,4,4,360.0,4.0,16.7,-0.5,0,0,0,0,0.0,0.0,0.0,0.0,0.0,0,0,0,0,0.0,0.0,0.0,0.0,51.1,2105,1516,0,3,0,0,0,0,0.0,0.0,0,0,0,143,0,0.0,0,362,240,1,0,52,9,0,0,0,0,0,3,1,0,0,0,0,7,0.0,1,0,0,0,0
Junior Dina Ebimbe,FRA,MF,Eint Frankfurt,Bundesliga,24,2000,6,3,281.0,3.1,14.2,0.96,0,0,1,1,0.9,0.6,0.9,0.9,1.8,6,1,8,0,0.0,2.56,0.0,16.5,63.6,1086,255,3,1,2,0,8,0,1.93,0.32,5,3,27,155,11,45.5,5,400,193,7,4,102,70,61,16,2,7,9,6,0,4,1,0,1,11,66.7,0,0,10,4,1
Eren Dinkçi,GER,MF,Freiburg,Bundesliga,23,2001,18,12,1060.0,11.8,53.5,-0.08,0,0,2,2,0.9,1.2,1.7,0.9,2.6,41,4,13,3,23.1,1.1,0.0,20.0,75.6,3739,950,21,20,11,1,13,3,3.48,0.34,31,29,65,484,33,45.5,15,1560,855,25,12,302,228,204,31,21,6,27,6,0,20,8,5,13,51,29.4,0,0,7,5,1
Sinaly Diomande,CIV,DF,Auxerre,Ligue 1,23,2001,15,14,1240.0,13.8,62.6,-0.51,3,3,2,5,1.0,0.1,0.5,1.0,1.5,16,5,7,3,42.9,0.51,0.43,14.3,81.9,8700,3822,2,33,0,0,1,0,1.16,0.36,2,48,4,737,8,50.0,4,1557,798,10,2,432,318,36,9,22,18,40,63,2,26,10,1,9,49,60.0,3,0,15,14,0
Lois Diony,FRA,FW,Angers,Ligue 1,32,1992,1,0,21.0,0.2,1.1,0.0,0,0,0,0,0.0,0.0,0.0,0.0,0.0,0,0,0,0,0.0,0.0,0.0,0.0,25.0,9,0,0,0,0,0,0,0,0.0,0.0,0,0,2,6,0,0.0,0,19,0,2,0,6,1,5,2,0,0,0,0,0,0,0,0,0,0,100.0,0,0,0,0,0
Issa Diop,FRA,DF,Fulham,Premier League,28,1997,17,12,1072.0,11.9,47.6,0.17,0,0,0,0,0.5,0.1,0.1,0.5,0.6,5,0,5,2,40.0,0.42,0.0,10.7,87.2,10140,3519,2,33,1,0,1,0,0.42,0.0,4,23,1,735,1,100.0,1,2002,1020,7,1,509,318,18,11,21,7,28,51,2,9,8,0,10,35,65.4,2,0,7,3,0
Sofiane Diop,FRA,MF,Nice,Ligue 1,24,2000,18,7,801.0,8.9,40.5,0.56,6,6,3,9,5.8,1.8,1.4,5.8,7.3,33,7,20,11,55.0,2.25,0.3,16.2,76.9,4942,1576,17,31,12,9,29,0,3.72,0.79,14,41,44,533,18,33.3,6,1293,582,11,10,358,259,206,26,21,14,35,7,0,16,3,4,14,62,37.5,3,0,12,14,2
Andy Diouf,FRA,MF,Lens,Ligue 1,21,2003,22,18,1527.0,17.0,77.1,0.12,1,1,1,2,1.5,2.1,1.8,1.5,3.3,57,1,25,2,8.0,1.47,0.04,20.2,77.7,7813,2106,20,39,21,7,28,1,3.36,0.06,54,87,50,923,51,54.9,28,3244,1770,42,21,630,483,344,35,28,9,37,11,0,21,17,4,19,102,40.7,2,0,29,13,0
Yehvann Diouf,FRA,GK,Reims,Ligue 1,25,1999,22,22,1980.0,22.0,100.0,-0.36,0,0,0,0,0.1,0.0,0.0,0.1,0.1,5,0,1,1,100.0,0.05,0.0,11.8,70.9,14799,10829,0,8,0,0,0,0,0.23,0.0,0,0,0,838,0,0.0,0,2157,1327,1,0,398,9,1,1,2,0,2,7,1,0,0,0,1,28,100.0,1,0,0,2,0
Assane Dioussé,SEN,MF,Auxerre,Ligue 1,27,1997,10,2,215.0,2.4,10.9,-0.84,0,0,0,0,0.0,0.0,0.0,0.0,0.1,6,0,2,1,50.0,0.84,0.0,26.6,91.2,2298,596,1,7,0,0,0,0,2.51,0.0,0,16,1,166,1,0.0,0,438,131,3,1,103,108,19,1,8,6,14,5,0,1,3,0,2,14,0.0,1,0,9,5,0
Axel Disasi,FRA,DF,Aston Villa,Premier League,26,1998,1,1,90.0,1.0,4.0,0.0,0,0,0,0,0.0,0.0,0.1,0.0,0.1,2,0,0,0,0.0,0.0,0.0,0.0,91.8,1392,496,1,10,1,0,0,0,2.0,0.0,2,7,2,89,2,50.0,1,376,199,0,0,72,60,3,0,0,1,1,3,0,0,0,0,0,2,100.0,0,0,0,0,0
Axel Disasi,FRA,DF,Chelsea,Premier League,26,1998,6,4,364.0,4.0,4.0,0.0,1,1,0,1,0.3,0.0,0.1,0.3,0.4,2,0,0,0,0.0,0.0,0.0,0.0,91.8,1392,496,1,10,1,0,0,0,2.0,0.0,6,16,2,89,2,50.0,1,376,199,0,0,72,60,3,0,0,1,1,3,0,0,0,0,0,2,100.0,0,0,0,0,0
Roman Dixon,ENG,DF,Everton,Premier League,20,2004,1,1,90.0,1.0,4.0,-4.0,0,0,0,0,0.0,0.0,0.0,0.0,0.0,0,0,0,0,0.0,0.0,0.0,0.0,57.9,205,111,0,3,0,0,0,0,0.0,0.0,0,0,1,36,3,0.0,0,107,48,2,0,13,14,4,0,5,1,6,3,0,1,2,0,5,6,0.0,0,0,0,0,0
Álvaro djaló,ESP,FW,Athletic Club,La Liga,25,1999,13,4,457.0,5.1,21.2,0.2,1,1,0,1,0.8,0.5,0.7,0.8,1.5,8,1,14,3,21.4,2.76,0.07,19.1,67.5,857,183,3,5,3,0,6,2,1.57,0.2,16,7,42,157,24,41.7,10,654,350,21,8,116,52,93,19,6,1,7,4,0,2,2,1,4,16,33.3,0,0,13,9,4
Djené,TOG,DF,Getafe,La Liga,33,1991,22,22,1802.0,20.0,83.4,0.35,0,0,0,0,0.3,0.7,0.6,0.3,0.9,15,0,5,0,0.0,0.25,0.0,18.0,74.6,8781,3664,8,52,11,0,22,5,0.75,0.0,12,52,11,798,15,40.0,6,1828,949,12,8,367,415,100,15,11,18,29,65,2,15,5,1,5,69,58.1,8,0,28,16,1
Berat Djimsiti,ALB,DF,Atalanta,Serie A,31,1993,22,20,1652.0,18.4,73.4,0.98,1,1,1,2,2.1,0.5,0.8,2.1,2.9,21,3,13,3,23.1,0.71,0.08,9.6,88.6,16939,4615,7,49,7,0,6,2,1.14,0.16,19,72,27,1279,3,33.3,1,3846,1997,5,0,857,622,135,30,40,30,70,57,1,23,18,1,25,69,65.8,4,0,12,14,0
Marko Dmitrović,SRB,GK,Leganés,La Liga,33,1992,18,18,1620.0,18.0,75.0,-0.5,0,0,0,0,0.0,0.1,0.0,0.0,0.0,3,0,0,0,0.0,0.0,0.0,0.0,44.6,10263,8626,0,18,0,0,0,0,0.17,0.0,0,0,0,671,1,100.0,1,1841,1021,0,0,196,4,0,0,1,0,1,16,2,0,0,0,1,19,100.0,0,0,0,5,0
Ritsu Doan,JPN,FW,Freiburg,Bundesliga,26,1998,22,21,1801.0,20.0,91.0,-0.2,6,6,4,10,4.3,2.5,1.4,4.3,5.7,58,6,35,15,42.9,1.75,0.17,16.1,71.2,7431,2402,15,43,20,6,40,6,2.9,0.3,36,66,113,913,80,47.5,38,2764,1249,34,37,627,425,372,65,42,12,54,23,1,28,14,5,24,80,32.3,1,0,16,31,5
Dodô,BRA,DF,Fiorentina,Serie A,26,1998,24,24,2136.0,23.7,94.9,0.67,0,0,2,2,0.8,2.8,2.6,0.8,3.4,55,7,19,4,21.1,0.8,0.0,18.1,77.5,16460,5104,24,67,28,2,92,15,2.32,0.29,92,96,124,1445,84,45.2,38,5714,3293,52,19,863,620,428,46,34,28,62,47,2,18,9,6,24,132,45.8,6,0,18,40,2
Danilho Doekhi,NED,DF,Union Berlin,Bundesliga,26,1998,22,22,1980.0,22.0,100.0,-0.36,1,1,0,1,2.0,0.5,1.0,2.0,3.0,19,1,24,3,12.5,1.09,0.04,10.8,79.2,12644,4204,7,53,2,1,6,2,0.86,0.05,10,66,10,1166,4,75.0,3,2917,1486,10,4,724,533,108,49,27,29,56,96,1,27,14,2,17,64,55.9,4,0,25,10,1
Matt Doherty,IRL,DF,Wolves,Premier League,33,1992,18,14,1250.0,13.9,55.6,-1.01,2,2,1,3,0.9,0.7,1.4,0.9,2.3,17,2,8,3,37.5,0.58,0.25,10.9,81.4,11308,3562,10,63,10,0,15,1,1.22,0.14,17,51,32,900,13,53.8,7,2104,1185,9,3,564,423,137,21,25,17,42,54,1,15,7,0,14,67,74.4,4,0,12,6,2
Jeremy Doku,BEL,FW,City,Premier League,22,2002,16,9,804.0,8.9,35.7,1.68,3,3,4,7,0.8,1.8,2.3,0.8,3.1,42,8,17,6,35.3,1.9,0.18,18.1,79.8,4502,774,17,4,28,6,30,3,4.71,0.9,106,37,147,548,91,50.5,46,3813,2416,31,33,452,121,411,78,20,2,22,2,0,6,7,5,12,37,0.0,0,0,3,19,4
Marc Domenech,ESP,FW,Mallorca,La Liga,19,2006,3,2,115.0,1.3,5.3,0.0,0,0,0,0,0.1,0.1,0.0,0.1,0.2,1,0,3,1,33.3,2.35,0.0,21.6,68.2,210,66,1,0,1,0,2,1,0.79,0.0,0,2,8,36,1,100.0,1,70,31,5,2,21,15,19,4,0,0,0,0,0,2,0,0,0,3,55.6,0,0,3,0,0
Álex Domínguez,ESP,GK,Toulouse,Ligue 1,26,1998,1,0,19.0,0.2,1.0,0.0,0,0,0,0,0.0,0.0,0.0,0.0,0.0,0,0,0,0,0.0,0.0,0.0,0.0,72.7,255,195,0,0,0,0,0,0,0.0,0.0,0,0,0,11,0,0.0,0,22,5,0,0,5,0,0,0,0,0,0,0,0,0,0,0,0,0,0.0,0,0,0,0,0
Benjamín Domínguez,ARG,FW,Bologna,Serie A,21,2003,12,11,806.0,9.0,37.3,0.89,3,3,1,4,1.6,0.7,0.3,1.6,2.0,24,4,20,11,55.0,2.23,0.15,19.2,80.3,2557,463,5,8,9,2,8,1,2.68,0.45,34,22,76,365,51,41.2,21,1681,897,28,16,269,143,209,32,9,4,13,5,0,10,7,1,3,43,0.0,0,0,6,21,3
Carlos Dominguez,ESP,DF,Celta Vigo,La Liga,24,2001,12,9,737.0,8.2,34.1,-0.12,0,0,0,0,0.2,0.1,0.0,0.2,0.3,3,0,3,1,33.3,0.37,0.0,8.5,86.6,10009,3343,1,36,0,0,0,0,0.37,0.0,6,43,1,710,3,66.7,2,2114,1232,4,0,507,390,17,4,16,7,23,42,0,8,5,0,10,30,80.8,1,0,7,6,0
Israel Domínguez,ESP,FW,Sevilla,La Liga,21,2003,1,0,18.0,0.2,0.8,0.0,0,0,0,0,0.0,0.0,0.0,0.0,0.0,0,0,0,0,0.0,0.0,0.0,0.0,100.0,24,0,0,0,0,0,0,0,0.0,0.0,0,0,0,2,0,0.0,0,3,0,0,0,2,2,0,0,0,0,0,0,0,0,0,0,0,0,0.0,0,0,0,1,1
Nicolás Domínguez,ARG,MF,Forest,Premier League,26,1998,21,12,1124.0,12.5,50.0,0.16,0,0,0,0,1.2,0.9,0.7,1.2,1.9,16,0,13,4,30.8,1.04,0.0,18.0,86.7,7167,2059,6,47,6,2,1,0,1.28,0.0,9,46,16,733,5,20.0,1,1076,490,11,8,413,379,182,16,42,21,63,28,1,25,14,7,21,63,45.8,6,0,19,11,1
Sergi Dominguez,ESP,DF,Barcelona,La Liga,19,2005,3,2,172.0,1.9,8.3,2.09,0,0,0,0,0.0,0.0,0.0,0.0,0.0,0,0,0,0,0.0,0.0,0.0,0.0,95.0,3171,1062,0,13,0,0,0,0,0.0,0.0,0,13,1,191,0,0.0,0,569,284,0,0,157,121,3,0,1,3,4,7,0,0,0,0,1,8,25.0,1,0,2,0,0
Gianluigi Donnarumma,ITA,GK,PSG,Ligue 1,25,1999,17,17,1461.0,16.2,73.8,1.85,0,0,0,0,0.0,0.0,0.0,0.0,0.0,1,0,0,0,0.0,0.0,0.0,0.0,87.7,9364,5501,0,1,0,0,0,0,0.06,0.0,0,0,0,510,0,0.0,0,1266,794,0,0,277,10,0,0,1,0,1,9,0,0,0,0,1,22,100.0,2,0,0,2,0
Patrick Dorgu,DEN,DF,Manchester Utd,Premier League,20,2004,1,1,90.0,1.0,4.0,-1.0,0,0,0,0,0.0,0.1,0.0,0.0,0.1,3,0,1,0,0.0,1.0,0.0,20.0,74.4,510,155,2,2,2,0,5,1,3.0,0.0,4,4,8,52,0,0.0,0,186,140,1,0,33,16,20,2,4,0,4,1,0,2,3,0,4,2,100.0,1,0,1,3,1
Patrick Dorgu,DEN,DF,Lecce,Serie A,20,2004,21,21,1840.0,20.4,4.0,-1.0,3,3,1,4,3.3,0.1,1.5,3.3,4.8,3,0,1,0,0.0,1.0,0.0,20.0,74.4,510,155,2,2,2,0,5,1,3.0,0.0,68,54,117,52,0,0.0,0,186,140,1,0,33,16,20,2,4,0,4,1,0,2,3,0,4,2,100.0,1,0,1,3,1
Alfie Dorrington,ENG,DF,Tottenham,Premier League,19,2005,1,0,14.0,0.2,0.6,0.0,0,0,0,0,0.0,0.0,0.0,0.0,0.0,0,0,0,0,0.0,0.0,0.0,0.0,93.8,304,39,0,0,0,0,0,0,0.0,0.0,0,0,0,16,0,0.0,0,61,26,0,0,13,5,0,0,0,0,0,0,0,0,0,0,0,3,0.0,0,0,0,0,0
Niklas Dorsch,GER,MF,Augsburg,Bundesliga,27,1998,1,0,32.0,0.4,1.6,0.0,0,0,0,0,0.0,0.0,0.0,0.0,0.0,1,0,0,0,0.0,0.0,0.0,0.0,84.6,342,77,0,1,0,1,1,0,2.81,0.0,1,1,0,29,1,0.0,0,57,32,0,0,21,18,8,0,0,0,0,0,0,1,0,0,0,2,0.0,0,0,0,2,0
Niklas Dorsch,GER,MF,Heidenheim,Bundesliga,27,1998,13,10,740.0,8.2,1.6,0.0,2,2,1,3,0.8,0.0,0.8,0.8,1.7,1,0,0,0,0.0,0.0,0.0,0.0,84.6,342,77,0,1,0,1,1,0,2.81,0.0,9,34,11,29,1,0.0,0,57,32,0,0,21,18,8,0,0,0,0,0,0,1,0,0,0,2,0.0,0,0,0,2,0
Alberto Dossena,ITA,DF,Como,Serie A,26,1998,21,20,1763.0,19.6,78.4,-0.41,0,0,2,2,0.8,0.4,0.6,0.8,1.4,11,2,12,3,25.0,0.61,0.0,11.3,88.0,16398,5366,4,33,1,0,1,0,0.56,0.1,4,36,1,1186,6,66.7,4,2687,1450,6,3,764,503,29,18,28,21,49,86,1,20,7,2,17,64,70.4,1,1,22,15,0
Abdoulaye Doucouré,MLI,MF,Everton,Premier League,32,1993,22,21,1771.0,19.7,78.7,-0.15,1,1,0,1,1.8,0.7,1.2,1.8,3.0,38,1,16,3,18.8,0.81,0.06,14.3,80.4,8150,1614,21,34,10,0,17,0,1.93,0.05,29,59,64,820,25,56.0,14,2157,1007,24,25,537,379,276,33,33,7,40,15,1,22,13,5,19,101,42.6,4,1,36,4,8
Cheick Doucouré,MLI,MF,Crystal Palace,Premier League,25,2000,13,4,452.0,5.0,20.1,-0.2,0,0,0,0,0.4,0.1,0.0,0.4,0.4,9,3,7,0,0.0,1.39,0.0,20.6,85.3,2909,823,1,17,3,0,1,0,1.79,0.6,2,19,7,263,5,40.0,2,581,280,4,7,160,165,45,4,16,11,27,10,1,4,8,2,8,31,50.0,1,0,7,7,0
Désiré Doué,FRA,FW,PSG,Ligue 1,19,2005,19,9,978.0,10.9,49.4,0.83,1,1,4,5,2.5,3.1,4.6,2.5,7.1,56,14,35,12,34.3,3.22,0.03,17.9,81.8,7060,1627,28,34,30,6,37,8,5.14,1.29,60,71,133,781,73,43.8,32,3465,1869,30,23,635,340,383,74,19,7,26,6,0,10,9,5,13,54,44.4,1,0,15,24,1
Guela Doué,CIV,DF,Strasbourg,Ligue 1,22,2002,21,20,1816.0,20.2,91.7,0.25,1,1,0,1,0.8,0.9,0.3,0.8,1.1,32,3,17,6,35.3,0.84,0.06,13.8,82.9,20054,8395,7,100,10,1,31,5,1.59,0.15,31,103,36,1593,19,68.4,13,3484,1978,25,6,976,733,191,26,42,26,68,101,1,17,6,8,29,119,58.9,5,0,25,13,0
Douglas,BRA,MF,Nantes,Ligue 1,28,1997,18,18,1486.0,16.5,75.1,-0.73,2,2,2,4,2.2,0.7,1.3,2.2,3.4,23,2,20,9,45.0,1.21,0.1,15.8,85.5,11101,3505,12,77,9,2,8,1,1.39,0.12,6,86,26,954,12,66.7,8,2183,1009,12,11,624,551,170,32,43,14,57,26,0,34,19,5,25,72,37.5,5,0,29,21,0
Ismaël Doukouré,FRA,MF,Strasbourg,Ligue 1,21,2003,19,19,1599.0,17.8,80.8,0.51,0,0,1,1,0.1,0.3,0.7,0.1,0.8,15,3,1,0,0.0,0.06,0.0,22.5,86.5,14435,4191,8,59,0,2,1,0,0.84,0.17,12,71,6,1120,12,83.3,10,2762,1500,17,14,789,599,45,2,27,19,46,69,3,22,12,2,14,61,68.0,6,0,15,10,0
Issa Doumbia,CIV,MF,Venezia,Serie A,21,2003,11,6,505.0,5.6,23.4,-0.89,0,0,0,0,0.5,0.1,0.1,0.5,0.6,12,2,7,3,42.9,1.25,0.0,15.6,75.7,1424,367,3,10,1,0,5,0,2.14,0.36,8,14,15,215,8,37.5,3,586,340,15,10,129,96,69,7,7,4,11,8,0,11,5,0,4,24,52.4,0,0,8,7,0
Kamory Doumbia,MLI,MF,Brest,Ligue 1,21,2003,19,8,870.0,9.7,43.9,0.0,1,1,1,2,1.6,1.2,0.8,1.6,2.4,39,3,15,6,40.0,1.55,0.07,18.2,77.9,6077,1435,18,32,5,4,44,1,4.04,0.31,8,44,37,591,21,47.6,10,1387,537,29,18,372,319,178,22,29,19,48,11,0,9,14,3,20,56,30.8,0,0,13,13,1
Amidou Doumbouya,FRA,DF,Nice,Ligue 1,17,2007,2,0,46.0,0.5,2.3,0.0,0,0,0,0,0.0,0.0,0.0,0.0,0.0,0,0,0,0,0.0,0.0,0.0,0.0,76.0,252,66,0,0,0,0,2,0,0.0,0.0,1,1,0,31,1,100.0,1,87,36,0,1,19,13,5,0,1,1,2,1,0,3,0,1,1,6,0.0,0,0,0,0,0
Anastasios Douvikas,GRE,FW,Como,Serie A,25,1999,2,0,39.0,0.4,1.7,-2.31,0,0,0,0,0.0,0.0,0.0,0.0,0.0,1,0,0,0,0.0,0.0,0.0,0.0,77.8,86,17,0,1,0,0,0,0,2.31,0.0,0,0,5,14,0,0.0,0,137,0,4,0,9,8,6,2,0,0,0,0,0,0,0,0,0,2,60.0,0,0,0,1,0
Anastasios Douvikas,GRE,FW,Celta Vigo,La Liga,25,1999,20,6,700.0,7.8,1.7,-2.31,3,3,1,4,4.4,0.0,0.2,4.4,4.7,1,0,0,0,0.0,0.0,0.0,0.0,77.8,86,17,0,1,0,0,0,0,2.31,0.0,6,6,43,14,0,0.0,0,137,0,4,0,9,8,6,2,0,0,0,0,0,0,0,0,0,2,60.0,0,0,0,1,0
Artem Dovbyk,UKR,FW,Roma,Serie A,27,1997,22,20,1767.0,19.6,78.5,0.36,8,6,2,10,8.7,1.2,2.0,7.1,9.1,35,5,41,16,39.0,2.09,0.15,13.3,72.7,2587,295,15,12,4,1,0,0,1.78,0.25,15,13,129,475,15,40.0,6,964,288,54,19,361,192,264,108,4,1,5,7,0,7,1,3,2,18,45.2,0,0,24,10,21
Flynn Downes,ENG,MF,Southampton,Premier League,26,1999,18,17,1432.0,15.9,63.6,-1.63,1,1,0,1,0.6,1.1,0.9,0.6,1.5,24,1,9,3,33.3,0.57,0.11,17.6,90.6,10555,2112,12,42,9,6,2,0,1.51,0.06,18,50,23,948,11,27.3,3,2379,1251,12,14,680,494,166,18,34,22,56,32,3,19,14,3,19,53,55.0,9,0,37,29,0
Tommy Doyle,ENG,MF,Wolves,Premier League,23,2001,20,3,470.0,5.2,20.9,-0.57,0,0,1,1,0.6,0.3,0.5,0.6,1.1,16,3,9,2,22.2,1.72,0.0,24.5,81.4,6211,1908,7,40,3,0,14,0,3.06,0.57,6,39,2,431,8,50.0,4,1313,543,7,4,283,239,73,3,11,5,16,9,1,10,3,2,6,41,14.3,1,0,5,5,0
Radu Drăgușin,ROU,DF,Tottenham,Premier League,23,2002,16,14,1252.0,13.9,55.6,-0.29,0,0,0,0,0.1,0.2,0.4,0.1,0.5,8,1,5,1,20.0,0.36,0.0,12.7,85.2,13638,5250,4,52,2,1,1,1,0.58,0.07,7,37,2,961,2,0.0,0,3349,1666,8,2,669,430,30,12,10,15,25,49,4,22,2,0,6,48,60.0,1,0,6,10,0
Patrick Drewes,GER,GK,Bochum,Bundesliga,32,1993,21,21,1890.0,21.0,95.5,-1.29,0,0,0,0,0.0,0.0,0.0,0.0,0.0,2,0,0,0,0.0,0.0,0.0,0.0,65.7,19116,15776,0,7,0,0,0,0,0.1,0.0,0,0,0,913,0,0.0,0,2471,1284,0,0,425,11,0,0,0,0,0,11,1,1,0,0,0,36,100.0,2,0,1,3,0
Tim Drexler,GER,DF,Hoffenheim,Bundesliga,19,2005,8,5,357.0,4.0,18.0,-1.76,0,0,0,0,0.1,0.2,0.0,0.1,0.1,6,1,2,2,100.0,0.5,0.0,27.5,85.0,2669,1021,1,13,2,1,1,0,1.51,0.25,2,16,2,223,0,0.0,0,483,208,3,5,143,125,11,0,17,1,18,9,1,6,6,0,7,10,14.3,2,0,8,2,0
Domingos Duarte,POR,DF,Getafe,La Liga,29,1995,10,9,812.0,9.0,37.6,0.22,0,0,0,0,0.0,0.0,0.1,0.0,0.1,3,0,1,0,0.0,0.11,0.0,14.4,78.2,4763,1536,2,22,0,0,0,0,0.33,0.0,3,21,1,380,0,0.0,0,874,421,2,1,178,176,5,2,10,6,16,69,0,14,2,0,4,28,64.7,0,0,10,3,0
Martin Dúbravka,SVK,GK,Newcastle,Premier League,36,1989,10,10,900.0,10.0,40.0,1.1,0,0,0,0,0.0,0.0,0.0,0.0,0.0,0,0,0,0,0.0,0.0,0.0,0.0,79.6,5932,3082,0,0,0,0,0,0,0.0,0.0,0,0,0,350,0,0.0,0,1043,643,0,0,175,14,0,0,0,0,0,3,0,0,0,0,0,18,100.0,0,0,0,1,0
Marvin Ducksch,GER,FW,Werder Bremen,Bundesliga,30,1994,22,22,1758.0,19.5,88.8,-0.2,6,5,7,13,7.8,6.5,5.8,6.3,12.1,65,9,51,20,39.2,2.61,0.1,17.7,61.5,7069,2134,39,29,22,5,124,7,3.33,0.46,15,64,118,788,14,28.6,4,1195,531,23,9,467,309,421,85,8,5,13,20,1,6,4,1,6,44,39.0,3,0,4,14,10
Ondrej Duda,SVK,MF,Hellas Verona,Serie A,30,1994,16,15,1341.0,14.9,59.6,-0.4,0,0,2,2,0.6,2.0,2.5,0.6,3.1,46,5,15,3,20.0,1.01,0.0,26.8,79.4,9469,3066,23,65,16,3,48,4,3.08,0.34,10,62,14,846,25,52.0,13,2072,778,31,15,456,499,176,2,23,19,42,14,4,15,13,1,14,108,60.0,9,1,25,36,0
Duk,CPV,MF,Leganés,La Liga,25,2000,2,0,37.0,0.4,1.7,2.43,0,0,0,0,0.0,0.0,0.1,0.0,0.1,0,0,1,1,100.0,2.43,0.0,30.3,57.1,170,44,1,0,1,0,3,0,0.0,0.0,3,1,9,31,5,60.0,3,122,71,2,1,20,5,21,4,4,0,4,0,0,1,2,1,3,5,0.0,1,0,0,4,0
Denzel Dumfries,NED,DF,Inter,Serie A,28,1996,21,15,1426.0,15.8,63.4,1.14,6,6,1,7,4.9,1.4,2.0,4.9,6.9,45,3,29,15,51.7,1.83,0.21,9.7,74.4,7075,2099,17,17,17,1,43,8,2.84,0.19,35,38,132,732,32,25.0,8,1926,890,17,5,480,314,320,66,18,4,22,15,0,22,7,3,14,41,77.1,4,0,39,12,5
Alfred Duncan,GHA,MF,Venezia,Serie A,31,1993,11,10,795.0,8.8,36.8,-1.13,0,0,0,0,0.7,0.9,0.8,0.7,1.5,22,2,11,3,27.3,1.25,0.0,23.8,81.3,6092,1685,7,34,16,4,16,3,2.49,0.23,7,44,11,521,19,52.6,10,1201,526,10,10,332,329,122,5,14,8,22,6,0,4,9,2,5,45,58.8,1,0,19,11,0
Lewis Dunk,ENG,DF,Brighton,Premier League,33,1991,19,17,1562.0,17.4,69.4,-0.35,0,0,0,0,0.7,0.7,0.5,0.7,1.2,16,3,10,2,20.0,0.58,0.0,13.4,91.2,24984,8260,6,123,4,1,2,0,0.92,0.17,17,111,2,1600,1,0.0,0,4693,2575,4,3,1163,748,84,15,15,10,25,57,0,20,6,2,8,84,61.9,4,0,5,8,2
Jáder Durán,COL,FW,Aston Villa,Premier League,21,2003,20,4,638.0,7.1,28.4,0.0,7,7,0,7,4.9,0.3,0.2,4.9,5.1,18,1,31,15,48.4,4.37,0.23,15.6,70.6,1558,307,4,10,1,2,3,0,2.54,0.14,7,13,44,263,14,21.4,3,535,267,16,15,192,110,122,47,8,0,8,13,0,5,2,5,7,19,50.0,3,1,14,15,5
Pablo Durán,ESP,FW,Celta Vigo,La Liga,23,2001,14,9,799.0,8.9,37.0,-0.23,4,4,2,6,2.6,0.6,2.0,2.6,4.6,14,2,16,6,37.5,1.8,0.25,14.0,70.7,2442,380,9,7,6,0,14,2,1.58,0.23,16,17,80,346,18,16.7,3,986,413,24,16,243,138,176,42,10,7,17,5,0,6,6,2,6,30,22.7,3,0,18,13,3
Julien Duranville,BEL,FW,Dortmund,Bundesliga,18,2006,9,2,246.0,2.7,12.4,-0.73,0,0,0,0,0.1,0.6,0.3,0.1,0.4,6,1,2,0,0.0,0.73,0.0,19.0,68.5,750,172,1,3,1,1,11,1,2.19,0.36,14,7,28,116,26,42.3,11,676,350,6,12,92,35,76,12,2,0,2,3,0,1,2,0,0,4,0.0,3,0,9,6,2
Hugo Duro,ESP,FW,Valencia,La Liga,25,1999,21,20,1651.0,18.3,76.4,-0.71,7,7,2,9,6.1,0.4,1.2,6.1,7.3,25,3,33,11,33.3,1.8,0.21,11.1,70.5,3072,383,12,12,3,0,5,0,1.36,0.16,11,20,52,484,19,36.8,7,815,293,49,25,348,251,196,63,12,10,22,8,0,10,7,1,7,39,39.5,3,0,28,39,6
Jean-Kevin Duverne,HAI,DF,Nantes,Ligue 1,27,1997,9,7,537.0,6.0,27.1,0.0,0,0,0,0,0.3,0.1,0.1,0.3,0.4,5,0,4,0,0.0,0.67,0.0,17.0,78.3,3826,1571,1,22,2,0,9,2,0.84,0.0,6,22,8,378,5,40.0,2,670,327,6,3,198,185,61,3,21,8,29,23,0,10,4,4,12,20,75.0,2,0,14,6,0
Paulo Dybala,ARG,FW,Roma,Serie A,31,1993,21,15,1287.0,14.3,57.2,0.77,6,3,2,8,6.2,4.9,4.7,3.9,8.6,79,7,45,14,31.1,3.15,0.07,21.1,81.2,9200,2180,36,38,26,2,58,5,5.53,0.49,37,75,111,832,40,27.5,11,2915,1343,36,26,650,371,406,68,16,1,17,2,0,10,8,5,6,57,30.4,2,0,6,52,5
Stefan Džodić,SRB,DF,Montpellier,Ligue 1,19,2005,5,2,190.0,2.1,9.6,-3.32,0,0,0,0,0.1,0.0,0.0,0.1,0.1,2,0,2,0,0.0,0.95,0.0,21.8,91.1,2026,757,0,9,0,0,0,0,0.95,0.0,2,7,0,151,0,0.0,0,519,308,0,0,106,70,4,2,6,4,10,8,0,5,3,0,3,9,28.6,2,1,4,2,0
Adam Dźwigała,POL,DF,St. Pauli,Bundesliga,29,1995,11,0,163.0,1.8,8.2,-0.55,0,0,0,0,0.4,0.1,0.0,0.4,0.4,2,0,4,0,0.0,2.21,0.0,10.6,73.6,1299,597,0,9,1,0,3,0,1.1,0.0,1,7,3,142,2,50.0,1,196,107,2,1,73,63,26,4,12,0,12,15,0,2,2,1,5,5,62.5,2,1,4,2,0
Aron Dønnum,NOR,DF,Toulouse,Ligue 1,26,1998,21,20,1706.0,19.0,86.2,-0.16,0,0,0,0,1.1,2.6,2.2,1.1,3.4,48,5,19,2,10.5,1.0,0.0,20.7,71.1,9265,3235,23,41,22,4,68,5,2.53,0.26,73,80,87,973,77,46.8,36,3650,2204,25,25,548,444,349,45,32,21,53,28,1,22,17,4,19,115,38.1,4,0,26,35,0
Enzo Ebosse,CMR,DF,Udinese,Serie A,25,1999,2,0,90.0,1.0,4.0,-1.0,0,0,0,0,0.0,0.0,0.0,0.0,0.0,3,0,0,0,0.0,0.0,0.0,0.0,87.3,897,201,1,7,0,0,0,0,3.0,0.0,0,5,0,61,1,100.0,1,136,48,1,0,37,38,5,0,0,1,1,1,0,3,0,0,0,5,100.0,1,0,1,0,0
Ederson,BRA,GK,City,Premier League,31,1993,16,16,1440.0,16.0,64.0,1.0,0,0,3,3,0.0,0.0,0.8,0.0,0.8,5,3,0,0,0.0,0.0,0.0,0.0,86.1,13033,8661,3,19,1,0,0,0,0.31,0.19,0,1,0,641,0,0.0,0,1894,1183,1,0,421,9,0,0,0,1,1,5,1,0,0,0,0,28,75.0,3,0,1,0,0
Éderson,BRA,MF,Atalanta,Serie A,25,1999,25,23,2042.0,22.7,90.8,1.15,3,3,1,4,2.7,3.7,3.0,2.7,5.7,67,9,26,10,38.5,1.15,0.12,17.8,87.0,22756,6128,22,131,31,3,20,5,2.95,0.4,27,148,55,1647,33,42.4,14,5066,2384,35,30,1234,906,402,42,34,28,62,23,1,22,19,3,21,134,63.0,3,0,24,41,0
Noah Edjouma,FRA,MF,Toulouse,Ligue 1,19,2005,2,0,34.0,0.4,1.7,0.0,1,1,0,1,0.4,0.0,0.0,0.4,0.4,1,0,1,1,100.0,2.65,1.0,7.6,75.0,64,32,0,0,0,0,1,0,2.65,0.0,1,0,3,17,3,33.3,1,67,14,0,2,14,3,10,1,0,2,2,2,0,1,0,0,0,0,0.0,0,0,1,0,0
George Edmundson,ENG,DF,Ipswich Town,Premier League,27,1997,1,0,2.0,0.0,0.1,0.0,0,0,0,0,0.0,0.0,0.0,0.0,0.0,0,0,0,0,0.0,0.0,0.0,0.0,50.0,9,0,0,0,0,0,0,0,0.0,0.0,0,0,0,3,0,0.0,0,2,0,0,0,1,0,0,0,0,0,0,0,0,0,0,0,0,0,0.0,0,0,0,0,0
Odsonne Édouard,FRA,MF,Crystal Palace,Premier League,27,1998,2,1,115.0,1.3,5.1,-0.78,0,0,0,0,0.4,0.0,0.0,0.4,0.4,1,0,5,1,20.0,3.91,0.0,20.9,60.7,230,46,1,2,0,0,1,0,0.78,0.0,2,4,7,45,1,0.0,0,107,50,4,1,26,23,18,8,1,0,1,1,0,1,1,0,0,5,20.0,0,0,4,0,2
Odsonne Édouard,FRA,FW,Leicester City,Premier League,27,1998,4,0,29.0,0.3,5.1,-0.78,0,0,0,0,0.0,0.0,0.0,0.0,0.0,1,0,5,1,20.0,3.91,0.0,20.9,60.7,230,46,1,2,0,0,1,0,0.78,0.0,0,1,2,45,1,0.0,0,107,50,4,1,26,23,18,8,1,0,1,1,0,1,1,0,0,5,20.0,0,0,4,0,2
Samuel Edozie,ENG,DF,Southampton,Premier League,22,2003,2,0,65.0,0.7,2.9,0.0,0,0,0,0,0.0,0.2,0.1,0.0,0.1,4,0,0,0,0.0,0.0,0.0,0.0,75.8,316,67,1,0,3,0,4,0,5.54,0.0,6,4,23,43,4,50.0,2,336,197,4,0,39,7,36,10,3,0,3,0,0,0,1,2,1,1,0.0,1,0,2,1,0
Ronnie Edwards,ENG,DF,Southampton,Premier League,21,2003,1,0,12.0,0.1,0.5,-7.5,0,0,0,0,0.0,0.0,0.0,0.0,0.0,0,0,0,0,0.0,0.0,0.0,0.0,100.0,109,0,0,0,0,0,0,0,0.0,0.0,0,0,0,6,0,0.0,0,10,0,0,0,5,2,0,0,0,0,0,0,0,1,0,0,0,0,0.0,0,0,0,0,0
Johannes Eggestein,GER,FW,St. Pauli,Bundesliga,26,1998,20,20,1633.0,18.1,82.5,-0.28,3,2,4,7,4.5,1.2,2.1,2.9,5.0,41,4,33,10,30.3,1.82,0.06,15.7,73.0,4963,960,24,23,9,4,31,2,2.26,0.22,24,40,119,629,14,42.9,6,1522,597,46,22,479,324,270,68,4,0,4,8,0,3,1,3,2,52,24.8,3,0,11,10,11
Maximilian Eggestein,GER,MF,Freiburg,Bundesliga,28,1996,21,21,1802.0,20.0,91.0,-0.25,0,0,0,0,1.1,1.3,0.6,1.1,1.6,31,2,18,5,27.8,0.9,0.0,20.8,82.8,11794,3327,12,82,11,2,8,3,1.55,0.1,16,96,25,1099,16,62.5,10,2498,1185,17,12,685,657,178,24,34,22,56,32,1,23,16,5,19,107,55.0,3,0,11,18,1
Kingsley Ehizibue,NED,DF,Udinese,Serie A,29,1995,22,21,1684.0,18.7,74.8,-0.11,0,0,1,1,1.1,1.4,1.3,1.1,2.4,32,2,10,3,30.0,0.53,0.0,14.1,75.9,8958,3022,14,23,15,1,42,11,1.71,0.11,35,39,90,893,20,35.0,7,2021,998,17,19,445,357,276,27,41,15,56,49,5,28,15,3,27,74,52.3,4,0,25,25,4
Chidera Ejuke,NGA,FW,Sevilla,La Liga,27,1998,14,6,640.0,7.1,29.6,-0.14,1,1,1,2,0.8,0.6,1.5,0.8,2.3,32,2,14,5,35.7,1.97,0.07,18.8,81.3,3909,677,15,12,15,2,14,2,4.51,0.28,57,28,71,419,62,58.1,36,2586,1425,19,18,312,176,218,28,8,1,9,2,0,9,4,2,6,41,42.9,0,0,4,7,2
Jeff Ekhator,ITA,FW,Genoa,Serie A,18,2006,15,3,453.0,5.0,21.0,-0.4,1,1,1,2,1.3,0.3,0.3,1.3,1.5,16,2,9,3,33.3,1.79,0.11,16.2,67.4,681,158,6,4,3,1,7,0,3.19,0.4,4,8,33,136,6,0.0,0,359,120,17,6,94,40,85,17,2,1,3,3,0,5,0,0,1,17,32.0,1,0,5,7,3
Hugo Ekitike,FRA,FW,Eint Frankfurt,Bundesliga,22,2002,21,20,1596.0,17.7,80.6,0.9,12,11,3,15,14.9,3.3,3.6,13.4,17.0,67,7,75,30,40.0,4.23,0.15,15.4,77.3,4064,723,29,10,19,3,14,4,3.78,0.39,53,26,122,663,76,46.1,35,2767,1458,64,18,490,276,359,122,13,5,18,14,0,9,5,5,10,55,43.3,0,0,23,9,12
Jurgen Ekkelenkamp,NED,MF,Udinese,Serie A,24,2000,21,10,1095.0,12.2,48.7,0.08,3,3,2,5,1.5,0.7,0.9,1.5,2.4,23,5,15,8,53.3,1.23,0.2,16.7,80.1,5429,1316,8,22,7,1,5,0,1.89,0.41,19,42,38,550,15,20.0,3,1524,781,15,3,350,292,168,22,28,7,35,16,0,17,17,2,18,56,55.0,1,0,17,10,2
Jacques Ekomie,GAB,DF,Angers,Ligue 1,21,2003,10,3,328.0,3.6,16.6,-1.1,0,0,0,0,0.0,0.0,0.0,0.0,0.0,3,1,1,0,0.0,0.27,0.0,15.3,68.6,1386,639,0,4,0,0,14,0,0.82,0.27,8,10,13,204,13,23.1,3,418,218,5,7,91,67,79,3,10,3,13,8,0,7,4,1,8,15,45.5,0,0,3,12,1
Emmanuel Ekong,SWE,MF,Empoli,Serie A,22,2002,15,0,186.0,2.1,8.3,-0.48,0,0,0,0,0.1,0.1,0.1,0.1,0.2,6,0,4,1,25.0,1.94,0.0,24.6,68.2,444,85,2,2,2,0,0,0,2.9,0.0,8,5,19,84,20,35.0,7,455,215,8,9,65,29,46,6,4,1,5,1,0,2,2,2,3,10,22.2,1,0,3,5,1
Caleb Ekuban,GHA,FW,Genoa,Serie A,30,1994,9,2,311.0,3.5,14.4,-0.58,1,1,0,1,1.7,0.1,0.2,1.7,1.9,4,0,13,4,30.8,3.76,0.08,13.8,78.0,578,107,4,4,0,0,2,0,1.16,0.0,3,4,29,95,7,28.6,2,248,108,9,8,67,28,59,17,1,0,1,3,0,3,1,0,1,11,37.5,0,0,4,5,3
Pierre Ekwah Elimby,FRA,MF,Saint-Etienne,Ligue 1,23,2002,18,18,1585.0,17.6,80.1,-1.25,0,0,0,0,0.3,0.8,0.7,0.3,0.9,21,2,8,1,12.5,0.45,0.0,25.1,88.0,13788,4476,8,79,11,2,3,0,1.19,0.11,12,84,8,1116,21,47.6,10,2399,1118,17,9,772,619,118,1,33,28,61,54,1,16,15,3,20,95,66.7,3,0,19,26,0
Anthony Elanga,SWE,FW,Forest,Premier League,22,2002,25,19,1549.0,17.2,68.8,0.58,3,3,8,11,2.6,3.4,4.0,2.6,6.6,67,11,30,13,43.3,1.74,0.1,17.2,63.4,4630,1679,34,18,17,2,116,4,3.9,0.64,62,34,125,695,49,28.6,14,2778,1592,48,28,456,197,407,68,12,5,17,22,0,6,5,2,8,59,41.5,1,0,5,26,10
Meschak Elia,COD,FW,Nantes,Ligue 1,27,1997,2,0,47.0,0.5,2.4,-5.74,0,0,0,0,0.1,0.0,0.0,0.1,0.1,0,0,1,0,0.0,1.91,0.0,4.2,63.2,128,24,0,2,0,0,4,0,0.0,0.0,4,1,8,27,1,0.0,0,105,62,2,1,18,10,12,1,2,0,2,0,0,1,0,1,0,2,100.0,0,0,1,0,0
Mikael Ellertsson,ISL,DF,Venezia,Serie A,22,2002,23,18,1547.0,17.2,71.6,-0.17,2,2,1,3,1.0,1.0,0.7,1.0,1.7,31,4,16,3,18.8,0.93,0.13,18.0,69.7,3669,988,12,10,4,1,12,0,1.8,0.23,23,21,64,573,29,41.4,12,1482,787,29,17,338,213,213,38,34,8,42,43,0,20,10,4,17,48,43.8,0,0,12,28,2
Harvey Elliott,ENG,MF,Liverpool,Premier League,21,2003,9,0,82.0,0.9,3.6,3.29,0,0,1,1,0.1,0.4,0.8,0.1,0.8,5,2,2,0,0.0,2.2,0.0,13.4,78.8,1474,360,4,6,3,0,9,0,5.49,2.2,3,11,8,110,2,0.0,0,307,154,1,1,78,37,62,5,3,0,3,1,0,1,1,0,2,3,0.0,0,0,0,0,1
Elif Elmas,MKD,FW,Torino,Serie A,25,1999,1,0,29.0,0.3,1.3,-3.1,1,1,0,1,0.1,0.2,0.1,0.1,0.3,2,1,1,1,100.0,3.1,1.0,8.3,75.0,88,44,1,1,0,0,1,0,6.21,3.1,1,0,2,12,2,50.0,1,36,13,0,0,7,3,6,2,0,0,0,1,0,0,0,0,0,2,0.0,0,0,0,0,0
Elif Elmas,MKD,MF,RB Leipzig,Bundesliga,25,1999,2,0,44.0,0.5,1.3,-3.1,0,0,0,0,0.3,0.2,0.0,0.3,0.3,2,1,1,1,100.0,3.1,1.0,8.3,75.0,88,44,1,1,0,0,1,0,6.21,3.1,0,2,2,12,2,50.0,1,36,13,0,0,7,3,6,2,0,0,0,1,0,0,0,0,0,2,0.0,0,0,0,0,0
Aritz Elustondo,ESP,DF,Real Sociedad,La Liga,30,1994,11,6,613.0,6.8,28.4,-0.15,0,0,0,0,0.4,0.1,0.1,0.4,0.5,7,1,3,0,0.0,0.44,0.0,7.3,83.8,6343,2099,3,34,1,0,2,0,1.03,0.15,9,23,3,483,3,33.3,1,1419,754,6,3,309,257,33,8,12,4,16,29,0,9,3,2,7,28,47.8,0,0,12,11,0
Nico Elvedi,SUI,DF,Gladbach,Bundesliga,28,1996,15,15,1305.0,14.5,65.9,-0.07,1,1,1,2,1.5,0.3,0.4,1.5,1.9,9,2,8,3,37.5,0.55,0.13,8.4,91.3,14452,3932,4,37,2,3,1,0,0.62,0.14,17,37,5,1148,0,0.0,0,3072,1646,3,1,749,478,35,11,19,16,35,83,0,18,2,4,11,54,53.4,1,0,6,9,0
Adri Embarba,ESP,FW,Rayo,La Liga,32,1992,21,13,1076.0,12.0,52.0,0.25,1,1,1,2,1.3,1.4,1.5,1.3,2.8,29,1,24,7,29.2,2.01,0.04,21.4,63.2,4148,1059,12,18,7,2,79,2,2.43,0.08,30,33,71,551,28,39.3,11,1729,775,35,18,347,215,277,34,26,8,34,9,0,12,13,4,9,45,27.6,3,0,18,15,11
Breel Embolo,SUI,FW,Monaco,Ligue 1,28,1997,18,11,1050.0,11.7,53.0,0.0,4,4,4,8,8.4,1.4,3.7,8.4,12.1,23,4,33,11,33.3,2.83,0.12,10.4,70.0,2172,442,17,8,14,4,2,0,1.97,0.34,10,26,87,354,27,29.6,8,978,385,39,29,284,149,186,72,7,1,8,3,1,4,2,3,6,24,51.2,2,0,16,25,7
Emanuel Emegha,NED,FW,Strasbourg,Ligue 1,22,2003,17,17,1401.0,15.6,70.8,0.58,10,10,2,12,12.2,0.3,1.8,12.2,14.0,22,3,42,27,64.3,2.7,0.24,12.5,76.8,1667,195,10,2,2,0,0,0,1.41,0.19,26,8,65,333,20,30.0,6,1118,574,38,18,242,136,155,58,4,1,5,19,0,12,2,2,4,33,48.4,4,0,26,27,15
Emerson,BRA,DF,Milan,Serie A,26,1999,17,16,1377.0,15.3,63.8,0.46,0,0,0,0,0.4,1.1,0.7,0.4,1.1,33,1,10,2,20.0,0.65,0.0,20.3,86.2,12560,3198,15,44,14,0,45,5,2.16,0.07,23,68,71,1102,18,38.9,7,2423,1228,18,10,710,526,271,22,45,14,59,56,0,13,16,5,28,59,63.2,5,0,34,32,0
Yunus Emre Konak,TUR,MF,Brentford,Premier League,19,2006,5,0,21.0,0.2,0.9,-8.57,0,0,0,0,0.2,0.0,0.0,0.2,0.2,0,0,1,0,0.0,4.29,0.0,21.4,70.6,201,62,0,1,0,0,0,0,0.0,0.0,1,2,1,23,1,0.0,0,51,34,2,3,13,10,8,0,1,0,1,0,0,0,1,0,1,1,50.0,0,0,2,0,0
Julio Enciso,PAR,MF,Ipswich Town,Premier League,21,2004,3,2,116.0,1.3,5.2,0.0,0,0,1,1,0.4,0.3,0.3,0.4,0.7,6,1,7,3,42.9,5.43,0.0,25.1,73.8,797,250,1,6,1,0,3,0,4.66,0.78,4,9,8,84,11,63.6,7,376,206,1,6,65,40,35,2,2,1,3,0,0,0,0,2,1,10,33.3,1,0,2,4,0
Julio Enciso,PAR,MF,Brighton,Premier League,21,2004,12,2,294.0,3.3,5.2,0.0,0,0,0,0,1.0,0.3,0.2,1.0,1.2,6,1,7,3,42.9,5.43,0.0,25.1,73.8,797,250,1,6,1,0,3,0,4.66,0.78,11,14,17,84,11,63.6,7,376,206,1,6,65,40,35,2,2,1,3,0,0,0,0,2,1,10,33.3,1,0,2,4,0
Wataru Endo,JPN,MF,Liverpool,Premier League,32,1993,11,0,106.0,1.2,4.7,0.0,0,0,0,0,0.0,0.0,0.0,0.0,0.0,2,0,0,0,0.0,0.0,0.0,0.0,92.2,884,236,1,7,1,0,0,0,1.68,0.0,0,7,1,80,1,100.0,1,145,44,5,2,54,51,16,2,4,2,6,2,0,2,3,0,3,7,33.3,0,0,9,6,0
Endrick,BRA,FW,Real Madrid,La Liga,18,2006,14,0,99.0,1.1,4.6,0.0,1,1,0,1,0.8,0.0,0.1,0.8,0.8,4,2,11,4,36.4,10.0,0.09,17.8,81.8,463,65,1,1,1,0,0,0,3.5,1.75,5,5,14,54,6,33.3,2,251,113,3,1,45,20,31,10,0,3,3,0,0,0,0,0,0,3,33.3,1,0,5,5,0
Yannik Engelhardt,GER,MF,Como,Serie A,24,2001,18,11,1058.0,11.8,47.0,-0.94,1,1,1,2,0.6,1.4,1.4,0.6,1.9,23,2,8,2,25.0,0.68,0.13,13.7,88.6,8652,2135,11,37,2,1,1,0,1.96,0.17,13,49,16,748,15,60.0,9,2430,1049,18,7,497,456,121,16,25,10,35,25,0,9,13,1,9,57,55.6,3,0,18,17,1
Arne Engels,BEL,MF,Augsburg,Bundesliga,21,2003,1,1,79.0,0.9,4.0,0.0,0,0,0,0,0.4,0.0,0.0,0.4,0.4,1,0,3,1,33.3,3.42,0.0,13.1,70.4,195,57,0,2,0,0,4,0,1.14,0.0,1,1,5,32,1,0.0,0,75,38,0,0,24,14,17,2,0,0,0,0,0,1,0,0,0,0,100.0,1,0,3,1,0
Christian Eriksen,DEN,MF,Manchester Utd,Premier League,33,1992,13,7,637.0,7.1,28.3,0.0,0,0,1,1,0.1,1.6,2.1,0.1,2.2,27,6,3,0,0.0,0.42,0.0,22.3,81.1,6305,1946,16,38,4,4,49,0,3.8,0.85,5,34,19,504,1,0.0,0,962,366,3,3,330,261,144,9,12,6,18,6,0,7,7,2,5,40,33.3,2,0,5,2,0
Martin Erlic,CRO,DF,Bologna,Serie A,27,1998,5,3,224.0,2.5,10.4,-0.4,0,0,0,0,0.1,0.0,0.0,0.1,0.1,2,1,4,0,0.0,1.61,0.0,16.2,91.5,3143,963,0,8,0,0,0,0,0.8,0.4,2,8,1,183,1,0.0,0,533,320,0,0,135,100,9,4,2,1,3,5,0,5,2,0,0,7,58.3,0,0,3,6,0
Patrick Erras,GER,DF,Holstein Kiel,Bundesliga,30,1995,10,10,832.0,9.2,42.0,-1.51,1,1,0,1,0.9,0.2,0.1,0.9,1.0,8,0,8,1,12.5,0.87,0.13,10.0,92.0,8210,3076,3,10,0,0,0,0,0.87,0.0,3,25,1,622,0,0.0,0,1063,596,3,0,413,242,23,14,8,9,17,64,0,13,2,0,5,24,62.8,2,0,11,0,0
Alfonso Espino,URU,DF,Rayo,La Liga,33,1992,6,5,397.0,4.4,19.2,0.0,0,0,0,0,0.2,0.1,0.0,0.2,0.2,3,0,6,2,33.3,1.36,0.0,25.2,64.9,1957,965,1,15,0,0,12,0,0.68,0.0,5,15,12,264,7,42.9,3,415,209,5,4,105,97,70,8,22,9,31,13,0,10,5,1,13,23,63.6,2,0,9,9,0
Sebastiano Esposito,ITA,FW,Empoli,Serie A,22,2002,21,15,1406.0,15.6,62.5,-0.58,8,7,0,8,4.8,1.5,1.5,3.2,4.7,50,5,41,15,36.6,2.62,0.17,19.3,59.0,4327,1740,22,26,15,2,39,2,3.2,0.32,22,51,54,691,47,44.7,21,1502,712,40,26,445,332,310,66,37,10,47,8,0,13,19,7,21,69,33.3,1,0,27,37,8
Romain Esse,ENG,MF,Crystal Palace,Premier League,19,2005,1,0,7.0,0.1,0.3,12.86,1,1,0,1,0.3,0.0,0.0,0.3,0.3,0,0,1,1,100.0,12.86,1.0,2.8,75.0,63,29,0,1,0,0,0,0,0.0,0.0,0,1,2,6,0,0.0,0,17,1,0,0,4,2,3,2,1,0,1,0,0,0,0,0,1,1,100.0,0,0,0,0,0
Samuel Essende,COD,FW,Augsburg,Bundesliga,27,1998,20,15,1191.0,13.2,60.2,-0.98,5,5,2,7,2.7,1.2,1.2,2.7,3.8,19,3,28,10,35.7,2.12,0.18,14.3,64.1,1683,261,8,7,2,0,3,1,1.44,0.23,23,10,88,396,38,23.7,9,1197,483,63,30,305,186,192,62,4,0,4,6,0,10,2,2,4,29,43.3,4,1,38,28,12
Dario Essugo,POR,MF,Las Palmas,La Liga,19,2005,14,14,1101.0,12.2,51.0,-0.25,1,1,0,1,0.3,0.6,0.2,0.3,0.6,24,1,13,3,23.1,1.06,0.08,27.8,86.8,9068,2505,9,54,5,3,1,0,1.96,0.08,12,53,6,761,14,71.4,10,1855,910,22,11,501,457,93,4,34,24,58,26,7,13,11,4,25,70,45.7,7,1,21,21,0
Nahuel Estévez,ARG,MF,Parma,Serie A,29,1995,7,4,356.0,4.0,15.8,-0.25,0,0,0,0,0.1,0.0,0.1,0.1,0.1,7,0,4,1,25.0,1.01,0.0,25.7,75.3,1934,573,2,16,0,0,7,0,1.77,0.0,2,14,1,196,0,0.0,0,182,88,1,3,100,107,36,2,6,3,9,14,0,6,1,1,3,18,85.7,2,0,5,2,0
Pervis Estupiñán,ECU,DF,Brighton,Premier League,27,1998,18,15,1417.0,15.7,63.0,0.13,0,0,1,1,0.6,1.7,1.8,0.6,2.4,36,4,14,4,28.6,0.89,0.0,25.5,83.9,12241,3729,19,52,23,0,83,17,2.29,0.25,39,71,76,1139,21,47.6,10,3025,1651,21,20,698,568,305,19,39,18,57,37,0,9,13,6,27,92,57.1,3,0,24,12,3
Evanilson,BRA,FW,Bournemouth,Premier League,25,1999,19,17,1370.0,15.2,60.9,0.26,5,5,0,5,6.6,1.3,1.1,5.8,6.9,42,7,42,20,47.6,2.76,0.12,13.5,67.9,1630,331,16,9,2,4,0,0,2.76,0.46,19,13,61,336,19,31.6,6,1087,503,28,18,244,131,184,79,9,0,9,11,0,7,4,3,4,43,36.1,0,0,23,34,11
Jonny Evans,NIR,DF,Manchester Utd,Premier League,37,1988,6,3,290.0,3.2,12.9,1.24,0,0,0,0,0.1,0.0,0.0,0.1,0.1,2,0,1,0,0.0,0.31,0.0,8.4,88.8,2809,784,0,9,1,0,0,0,0.62,0.0,1,8,2,223,1,100.0,1,498,183,1,0,137,91,11,2,7,4,11,13,0,2,3,0,5,15,72.7,1,0,5,6,0
Edu Expósito,ESP,MF,Espanyol,La Liga,28,1996,6,1,154.0,1.7,7.1,0.0,0,0,0,0,0.1,0.4,0.3,0.1,0.4,6,0,4,0,0.0,2.34,0.0,22.3,51.4,720,305,4,11,2,1,13,0,3.51,0.0,4,12,7,95,5,40.0,2,273,172,6,3,52,54,36,4,5,2,7,2,1,0,3,0,2,11,20.0,1,0,5,4,0
Eberechi Eze,ENG,MF,Crystal Palace,Premier League,26,1998,21,19,1656.0,18.4,73.6,0.11,2,2,5,7,5.1,3.0,3.6,5.1,8.7,89,7,69,19,27.5,3.75,0.03,21.1,74.8,9358,2487,45,36,27,7,80,3,4.84,0.38,48,72,111,977,89,44.9,40,3447,1600,33,33,646,457,417,65,29,7,36,6,1,22,12,6,17,94,12.1,1,0,7,34,5
Abde Ezzalzouli,MAR,FW,Betis,La Liga,23,2001,23,18,1523.0,16.9,70.5,-0.24,1,1,1,2,7.0,1.6,1.7,6.2,7.8,50,3,47,16,34.0,2.78,0.02,15.8,70.3,5232,1558,21,32,15,2,40,2,2.95,0.18,97,55,164,845,87,48.3,42,4148,2446,49,38,621,322,461,120,31,5,36,11,0,17,15,3,21,82,39.6,2,0,18,30,3
Giovanni Fabbian,ITA,MF,Bologna,Serie A,22,2003,19,5,704.0,7.8,32.6,0.0,2,2,0,2,1.5,0.1,0.4,1.5,1.9,11,0,15,4,26.7,1.92,0.13,12.0,71.1,1523,204,3,9,3,0,6,1,1.4,0.0,10,9,27,222,9,0.0,0,996,235,20,13,157,110,88,26,9,2,11,4,0,2,3,5,5,26,36.1,2,0,17,14,1
Łukasz Fabiański,POL,GK,West Ham,Premier League,39,1985,13,12,1070.0,11.9,47.6,-0.5,0,0,0,0,0.0,0.0,0.0,0.0,0.0,3,0,0,0,0.0,0.0,0.0,0.0,67.0,8756,6129,0,4,0,0,0,0,0.25,0.0,0,0,0,488,2,100.0,2,1371,845,0,0,227,5,0,0,0,0,0,5,1,0,0,0,0,5,66.7,2,0,2,1,0
Alieu Fadera,GAM,FW,Como,Serie A,23,2001,21,20,1560.0,17.3,69.3,0.12,1,1,3,4,1.6,1.9,3.8,1.6,5.4,48,7,26,9,34.6,1.5,0.04,19.0,74.6,5930,1567,21,13,23,3,38,5,2.77,0.4,69,33,153,793,65,40.0,26,3724,2169,39,32,509,299,376,56,55,10,65,6,0,17,23,11,41,89,41.7,1,1,34,47,14
Wout Faes,BEL,DF,Leicester City,Premier League,26,1998,22,18,1735.0,19.3,77.1,-0.88,1,1,0,1,1.1,0.4,0.1,1.1,1.2,8,0,9,1,11.1,0.47,0.11,8.4,86.6,15273,5277,3,59,5,2,2,0,0.41,0.0,8,58,1,1163,4,75.0,3,3125,1857,11,3,760,561,46,18,28,17,45,111,3,34,8,2,18,53,64.8,3,0,14,5,1
Nicolò Fagioli,ITA,MF,Fiorentina,Serie A,24,2001,2,1,115.0,1.3,5.1,-1.57,0,0,0,0,0.0,0.2,0.0,0.0,0.0,3,0,0,0,0.0,0.0,0.0,0.0,75.9,883,277,0,4,2,0,5,0,2.35,0.0,0,7,2,89,1,100.0,1,278,64,2,0,62,55,19,0,7,0,7,1,0,0,4,1,3,5,0.0,0,0,1,4,0
Nicolò Fagioli,ITA,MF,Juventus,Serie A,24,2001,17,5,571.0,6.3,5.1,-1.57,0,0,0,0,0.6,0.2,0.1,0.6,0.7,3,0,0,0,0.0,0.0,0.0,0.0,75.9,883,277,0,4,2,0,5,0,2.35,0.0,19,41,18,89,1,100.0,1,278,64,2,0,62,55,19,0,7,0,7,1,0,0,4,1,3,5,0.0,0,0,1,4,0
Romain Faivre,FRA,MF,Brest,Ligue 1,26,1998,16,9,757.0,8.4,38.2,0.12,2,1,2,4,1.9,1.7,1.8,1.1,2.9,26,3,12,6,50.0,1.43,0.08,16.8,83.1,3838,1066,9,27,7,3,22,1,3.09,0.36,19,35,32,388,34,35.3,12,1600,706,9,6,277,187,154,26,13,3,16,3,1,6,5,4,10,33,43.8,2,0,5,18,1
Wladimiro Falcone,ITA,GK,Lecce,Serie A,29,1995,25,25,2250.0,25.0,100.0,-0.92,0,0,0,0,0.0,0.0,0.0,0.0,0.0,8,1,0,0,0.0,0.0,0.0,0.0,62.8,14964,11714,0,12,0,0,0,0,0.32,0.04,0,0,0,856,0,0.0,0,2404,1387,0,0,395,2,0,0,0,0,0,20,1,0,0,0,0,16,100.0,1,0,1,8,0
Davide Faraoni,ITA,DF,Hellas Verona,Serie A,33,1991,5,1,136.0,1.5,6.0,-0.66,0,0,0,0,0.2,0.1,0.1,0.2,0.3,2,0,1,0,0.0,0.66,0.0,3.6,66.7,633,239,1,6,2,0,9,2,1.33,0.0,2,3,7,78,1,0.0,0,173,87,1,0,36,24,27,3,5,1,6,6,1,6,3,0,5,5,0.0,1,0,4,0,1
Abdul Fatawu Issahaku,GHA,FW,Leicester City,Premier League,20,2004,11,6,579.0,6.4,25.7,-1.09,0,0,2,2,0.4,1.4,1.6,0.4,2.0,17,3,13,5,38.5,2.02,0.0,31.2,62.4,2150,601,6,7,7,2,30,2,2.64,0.47,42,17,60,326,69,42.0,29,1869,1055,18,12,216,114,157,26,21,4,25,12,0,7,2,6,15,38,51.9,0,0,11,20,2
Ansu Fati,ESP,FW,Barcelona,La Liga,22,2002,4,1,127.0,1.4,6.1,2.13,0,0,0,0,0.6,0.2,0.1,0.6,0.7,4,0,5,3,60.0,3.54,0.0,14.0,84.1,607,86,1,2,3,2,0,0,2.83,0.0,4,3,16,81,5,40.0,2,305,121,6,2,67,35,41,10,1,0,1,0,1,0,1,0,1,4,20.0,1,0,1,2,1
Khalil Fayad,FRA,MF,Montpellier,Ligue 1,20,2004,11,5,533.0,5.9,26.9,-1.52,0,0,0,0,0.7,0.3,0.2,0.7,0.9,13,1,5,1,20.0,0.84,0.0,24.7,85.4,4471,1216,4,23,2,2,3,0,2.19,0.17,9,28,12,367,14,42.9,6,1125,463,7,8,233,215,61,6,21,6,27,12,1,8,12,0,8,37,57.1,1,0,11,18,0
Jacopo Fazzini,ITA,MF,Empoli,Serie A,21,2003,12,9,769.0,8.5,34.2,-0.59,0,0,0,0,0.8,0.3,0.2,0.8,1.0,25,3,11,3,27.3,1.29,0.0,17.8,73.5,2474,726,5,14,2,3,20,0,2.92,0.35,17,24,47,345,25,44.0,11,1318,646,25,24,224,162,130,24,21,5,26,15,0,8,10,2,11,40,42.1,1,0,18,20,2
Peter Federico,DOM,MF,Getafe,La Liga,22,2002,12,1,334.0,3.7,15.5,0.81,0,0,0,0,0.3,0.2,0.1,0.3,0.4,8,1,6,1,16.7,1.62,0.0,20.0,73.4,866,241,3,1,4,0,6,2,2.14,0.27,3,5,24,129,12,16.7,2,316,73,12,9,77,47,68,10,7,1,8,4,0,6,3,3,4,13,35.3,0,0,6,9,1
Nabil Fekir,FRA,MF,Betis,La Liga,31,1993,2,2,180.0,2.0,8.3,0.0,0,0,1,1,0.7,0.8,0.5,0.7,1.2,12,1,7,1,14.3,3.5,0.0,23.5,81.7,1052,381,6,5,6,1,10,2,6.0,0.5,9,10,18,107,5,0.0,0,479,259,4,6,85,52,53,6,3,0,3,0,0,2,1,1,2,3,0.0,0,0,3,7,0
Mattia Felici,ITA,MF,Cagliari,Serie A,23,2001,15,7,726.0,8.1,32.3,0.0,0,0,3,3,0.6,0.7,1.0,0.6,1.6,28,4,10,6,60.0,1.24,0.0,12.8,71.4,2109,667,9,10,2,0,18,0,3.48,0.5,35,16,62,347,46,37.0,17,1528,859,22,9,230,119,168,34,14,6,20,6,0,8,6,2,11,43,42.9,1,0,15,14,3
João Félix,POR,FW,Chelsea,Premier League,25,1999,12,3,369.0,4.1,16.4,1.46,1,1,1,2,2.2,0.5,1.0,2.2,3.2,18,3,20,5,25.0,4.88,0.05,15.9,85.9,2588,663,6,22,8,2,0,0,4.38,0.73,21,26,29,271,31,32.3,10,1240,710,6,4,217,128,124,29,8,3,11,2,0,2,5,1,3,22,44.4,2,0,6,17,1
João Félix,POR,MF,Milan,Serie A,25,1999,2,2,170.0,1.9,16.4,1.46,0,0,0,0,0.8,0.5,0.1,0.8,0.9,18,3,20,5,25.0,4.88,0.05,15.9,85.9,2588,663,6,22,8,2,0,0,4.38,0.73,5,13,12,271,31,32.3,10,1240,710,6,4,217,128,124,29,8,3,11,2,0,2,5,1,3,22,44.4,2,0,6,17,1
Kiko Femenía,ESP,DF,Villarreal,La Liga,34,1991,21,21,1725.0,19.2,79.9,0.16,0,0,1,1,0.4,1.8,1.1,0.4,1.4,38,4,3,0,0.0,0.16,0.0,24.9,88.5,17378,5583,13,88,19,1,40,11,1.98,0.21,45,88,37,1324,21,76.2,16,3971,2121,19,8,800,645,216,9,37,30,67,41,2,15,10,1,25,79,30.8,6,0,16,12,1
Evan Ferguson,IRL,FW,West Ham,Premier League,20,2004,1,0,45.0,0.5,2.0,0.0,0,0,0,0,0.1,0.1,0.1,0.1,0.2,3,0,2,1,50.0,4.0,0.0,19.4,77.8,94,8,1,0,1,0,0,0,6.0,0.0,0,1,3,16,3,66.7,2,24,7,1,2,11,2,14,2,1,0,1,0,0,0,0,1,0,2,40.0,0,0,0,0,0
Evan Ferguson,IRL,FW,Brighton,Premier League,20,2004,13,2,246.0,2.7,2.0,0.0,1,1,0,1,0.5,0.1,0.4,0.5,1.0,3,0,2,1,50.0,4.0,0.0,19.4,77.8,94,8,1,0,1,0,0,0,6.0,0.0,2,1,9,16,3,66.7,2,24,7,1,2,11,2,14,2,1,0,1,0,0,0,0,1,0,2,40.0,0,0,0,0,0
Lewis Ferguson,SCO,MF,Bologna,Serie A,25,1999,7,3,320.0,3.6,14.8,1.13,1,0,0,1,0.8,0.3,0.3,0.0,0.3,11,0,1,1,100.0,0.28,0.0,41.5,88.1,3146,758,5,27,3,0,4,0,3.09,0.0,7,22,13,242,3,0.0,0,882,408,5,6,165,147,76,6,12,1,13,6,0,3,6,4,6,9,33.3,0,0,10,4,1
Zinedine Ferhat,ALG,FW,Angers,Ligue 1,31,1993,14,3,457.0,5.1,23.1,-0.39,2,2,0,2,1.3,1.5,1.6,1.3,3.0,19,1,11,5,45.5,2.17,0.18,20.5,65.6,2634,872,9,11,8,3,40,2,3.74,0.2,11,24,44,312,11,63.6,7,950,348,9,10,223,137,155,15,4,5,9,6,0,7,2,2,2,28,64.3,1,0,9,10,2
Bruno Fernandes,POR,MF,Manchester Utd,Premier League,30,1994,24,24,2015.0,22.4,89.6,0.0,5,2,6,11,7.8,4.7,5.3,5.5,10.8,117,8,62,15,24.2,2.77,0.03,21.2,74.7,18728,6522,53,130,46,13,120,7,5.23,0.36,52,197,102,1713,42,38.1,16,4709,2490,29,25,1231,819,653,61,52,19,71,26,2,22,29,11,30,128,42.5,4,2,21,29,2
Edimilson Fernandes,SUI,MF,Brest,Ligue 1,28,1996,13,9,803.0,8.9,40.6,-0.11,0,0,1,1,0.3,0.3,0.5,0.3,0.9,13,1,8,2,25.0,0.9,0.0,21.9,86.3,6070,1308,6,26,1,1,3,0,1.46,0.11,3,27,1,486,3,66.7,2,1664,605,14,8,321,293,61,7,8,17,25,24,1,11,6,0,6,51,57.9,1,0,7,6,0
Mateus Fernandes,POR,MF,Southampton,Premier League,20,2004,23,21,1829.0,20.3,81.3,-1.03,1,1,2,3,3.1,2.6,2.0,3.1,5.0,50,5,25,10,40.0,1.23,0.04,16.4,79.2,11876,2896,23,56,14,8,82,3,2.46,0.25,56,94,67,1134,77,45.5,35,3661,1980,33,22,697,548,367,38,60,13,73,23,4,29,18,11,33,108,57.9,7,0,30,35,3
Álvaro Fernández,ESP,GK,Sevilla,La Liga,26,1998,8,7,657.0,7.3,30.4,-0.55,0,0,0,0,0.0,0.0,0.1,0.0,0.1,2,0,0,0,0.0,0.0,0.0,0.0,63.1,4960,3505,1,6,0,0,0,0,0.27,0.0,0,0,0,316,0,0.0,0,738,326,0,0,187,2,0,0,0,0,0,7,0,0,0,0,0,7,100.0,2,0,0,2,0
Enzo Fernández,ARG,MF,Chelsea,Premier League,24,2001,23,19,1782.0,19.8,79.2,0.61,3,3,4,7,2.9,4.0,3.8,2.9,6.7,87,12,28,9,32.1,1.41,0.11,18.0,81.2,17765,4765,42,103,21,10,56,1,4.4,0.61,27,134,68,1444,30,53.3,16,3229,1499,17,21,1055,744,471,49,50,10,60,15,3,24,24,15,24,97,30.3,5,0,32,31,0
Roberto Férnandez,ESP,FW,Espanyol,La Liga,22,2002,5,4,319.0,3.5,14.8,0.28,2,2,0,2,0.8,0.0,0.1,0.8,0.8,8,1,3,2,66.7,0.85,0.67,8.9,61.4,372,55,2,3,1,0,0,0,2.26,0.28,4,3,7,103,6,50.0,3,237,106,15,5,60,56,29,6,2,1,3,5,0,2,0,1,2,11,42.9,1,0,9,3,2
Valery Fernández,ESP,MF,Mallorca,La Liga,25,1999,12,1,231.0,2.6,10.7,1.56,2,2,0,2,0.8,0.1,0.0,0.8,0.8,2,1,3,3,100.0,1.17,0.67,10.3,85.9,701,161,0,1,2,0,3,1,0.78,0.39,2,3,8,91,4,0.0,0,282,97,3,3,59,45,29,8,8,0,8,1,0,2,2,3,7,15,25.0,1,0,3,1,1
Matias Fernandez-Pardo,BEL,FW,Lille,Ligue 1,20,2005,11,5,437.0,4.9,22.1,0.82,1,1,1,2,0.2,0.7,1.1,0.2,1.3,11,3,4,2,50.0,0.82,0.25,20.4,72.5,1453,308,6,4,4,1,11,0,2.27,0.62,23,10,36,190,28,42.9,12,1155,638,11,6,138,65,105,20,6,1,7,4,0,5,3,0,4,13,0.0,2,0,7,11,0
Jordan Ferri,FRA,MF,Montpellier,Ligue 1,32,1992,15,12,1051.0,11.7,53.1,-1.63,0,0,1,1,0.2,0.9,0.5,0.2,0.8,27,4,10,2,20.0,0.86,0.0,26.7,88.3,11165,2926,8,63,4,0,13,3,2.31,0.34,8,82,23,804,12,16.7,2,2114,890,5,18,585,487,148,9,28,8,36,13,0,9,14,1,13,77,50.0,4,1,16,15,0
Daniel Fila,CZE,FW,Venezia,Serie A,22,2002,1,1,79.0,0.9,3.7,-1.14,0,0,0,0,0.1,0.0,0.0,0.1,0.1,4,0,2,1,50.0,2.28,0.0,19.0,89.5,207,35,0,1,0,0,0,0,4.56,0.0,1,1,6,28,1,100.0,1,125,40,2,1,23,16,12,2,1,0,1,1,0,1,0,1,0,1,0.0,1,0,3,1,1
Karol Fila,POL,MF,Strasbourg,Ligue 1,26,1998,1,0,5.0,0.1,0.3,0.0,0,0,0,0,0.0,0.0,0.0,0.0,0.0,0,0,0,0,0.0,0.0,0.0,0.0,50.0,18,0,0,0,0,0,0,0,0.0,0.0,0,0,0,4,0,0.0,0,1,1,0,0,2,2,0,0,0,0,0,0,0,0,0,0,0,1,0.0,1,0,0,0,0
Kilian Fischer,GER,DF,Wolfsburg,Bundesliga,24,2000,22,20,1591.0,17.7,80.4,0.06,0,0,0,0,0.2,0.6,0.3,0.2,0.5,21,1,4,0,0.0,0.23,0.0,19.2,76.6,10410,3275,7,42,12,0,21,2,1.19,0.06,29,59,48,1000,18,44.4,8,2352,1069,23,7,485,442,226,15,45,14,59,67,2,32,6,4,30,48,48.3,5,0,23,3,0
Mark Flekken,NED,GK,Brentford,Premier League,31,1993,24,24,2105.0,23.4,93.6,0.13,0,0,1,1,0.0,0.1,0.2,0.0,0.2,5,1,0,0,0.0,0.0,0.0,0.0,73.1,24006,16015,1,31,1,0,0,0,0.21,0.04,0,0,0,1223,1,100.0,1,3752,2063,2,0,700,39,0,0,2,0,2,21,3,1,0,0,2,29,100.0,1,0,0,3,0
Mateo Flores,ESP,MF,Betis,La Liga,20,2004,5,1,142.0,1.6,6.6,-0.63,0,0,0,0,0.0,0.0,0.0,0.0,0.0,1,0,0,0,0.0,0.0,0.0,0.0,79.7,794,217,0,3,1,0,1,1,0.63,0.0,0,7,2,74,0,0.0,0,151,41,3,3,44,41,9,1,3,2,5,3,0,1,0,0,1,10,0.0,1,0,3,1,0
Phil Foden,ENG,MF,City,Premier League,24,2000,20,16,1439.0,16.0,64.0,0.5,7,7,2,9,4.6,5.0,4.4,4.6,9.0,74,9,46,14,30.4,2.88,0.15,18.3,85.1,10419,2291,38,38,34,7,64,5,4.63,0.56,41,85,103,942,33,33.3,11,3044,1484,30,24,733,328,554,71,9,9,18,7,1,9,3,3,3,53,30.0,2,0,5,26,3
Malick Fofana,BEL,FW,Lyon,Ligue 1,19,2005,20,10,1034.0,11.5,52.2,1.22,3,3,4,7,2.8,2.8,2.4,2.8,5.2,33,7,23,12,52.2,2.0,0.13,13.8,77.2,4607,1087,13,19,21,1,45,9,2.87,0.61,68,36,128,555,38,42.1,16,2843,1737,25,12,423,202,309,66,15,7,22,6,0,8,8,1,8,42,11.1,1,0,7,24,3
Seko Fofana,CIV,MF,Rennes,Ligue 1,29,1995,6,2,317.0,3.5,16.0,-1.14,0,0,1,1,0.3,0.4,0.6,0.3,0.9,15,1,7,1,14.3,1.99,0.0,22.2,89.2,2828,777,7,22,4,0,3,1,4.26,0.28,15,29,15,240,10,50.0,5,953,480,1,6,197,142,70,6,7,3,10,1,0,3,5,0,4,18,80.0,2,0,2,6,1
Wesley Fofana,FRA,DF,Chelsea,Premier League,24,2000,12,12,1015.0,11.3,45.1,1.06,0,0,0,0,0.4,0.2,0.4,0.4,0.8,11,0,2,0,0.0,0.18,0.0,10.4,89.6,10682,2949,5,44,1,0,1,0,0.98,0.0,14,25,4,821,13,53.8,7,2681,1353,15,4,581,451,43,9,13,12,25,49,2,14,7,0,12,49,69.7,6,0,19,15,0
Yahia Fofana,CIV,GK,Angers,Ligue 1,24,2000,22,22,1980.0,22.0,100.0,-0.36,0,0,0,0,0.0,0.0,0.0,0.0,0.0,2,0,0,0,0.0,0.0,0.0,0.0,68.9,13084,9392,0,6,0,0,0,0,0.09,0.0,0,0,0,727,1,100.0,1,2072,1377,0,0,245,2,0,0,0,1,1,19,0,0,0,0,0,24,80.0,3,0,0,7,0
Youssouf Fofana,FRA,MF,Milan,Serie A,26,1999,22,21,1738.0,19.3,80.5,0.36,1,1,4,5,0.8,1.5,2.1,0.8,2.9,41,4,25,4,16.0,1.29,0.04,26.3,87.2,15479,5121,14,106,15,6,6,0,2.12,0.21,30,132,22,1175,24,45.8,11,4304,2335,21,14,884,801,179,11,40,14,54,17,2,19,26,3,26,89,37.5,5,0,16,16,0
Jonas Föhrenbach,GER,DF,Heidenheim,Bundesliga,29,1996,20,20,1616.0,18.0,81.6,-0.95,0,0,1,1,0.3,2.1,1.2,0.3,1.5,28,2,8,1,12.5,0.45,0.0,21.8,71.5,10360,4422,12,53,13,0,49,9,1.56,0.11,35,49,42,972,17,41.2,7,2565,1418,15,3,514,432,180,16,39,16,55,49,0,24,14,4,22,60,44.8,3,0,11,3,0
Michael Folorunsho,ITA,FW,Fiorentina,Serie A,27,1998,6,4,411.0,4.6,18.3,0.44,0,0,0,0,0.2,0.1,0.0,0.2,0.2,6,0,4,2,50.0,0.88,0.0,13.7,79.6,1799,462,1,11,4,0,8,1,1.31,0.0,7,18,18,201,12,58.3,7,640,270,8,7,135,108,66,8,11,3,14,4,0,6,5,3,9,20,50.0,3,0,9,17,0
Michael Folorunsho,ITA,FW,Napoli,Serie A,27,1998,6,0,35.0,0.4,18.3,0.44,0,0,0,0,0.1,0.1,0.0,0.1,0.1,6,0,4,2,50.0,0.88,0.0,13.7,79.6,1799,462,1,11,4,0,8,1,1.31,0.0,0,0,2,201,12,58.3,7,640,270,8,7,135,108,66,8,11,3,14,4,0,6,5,3,9,20,50.0,3,0,9,17,0
Lamine Fomba,FRA,MF,Saint-Etienne,Ligue 1,27,1998,6,3,208.0,2.3,10.5,-1.3,0,0,0,0,0.0,0.1,0.3,0.0,0.3,4,0,1,0,0.0,0.43,0.0,27.0,83.7,1963,594,1,13,2,1,0,0,1.73,0.0,5,17,5,176,3,66.7,2,698,291,6,2,130,115,34,2,8,4,12,5,1,7,5,1,6,13,33.3,1,0,11,2,0
Carlos Forbs,POR,MF,Wolves,Premier League,20,2004,9,1,237.0,2.6,10.5,-0.76,0,0,0,0,0.1,0.1,0.0,0.1,0.2,5,1,2,0,0.0,0.76,0.0,19.1,64.4,739,228,1,2,3,0,9,1,1.91,0.38,9,8,28,117,12,58.3,7,435,297,7,4,82,38,60,13,8,1,9,2,1,3,2,1,5,11,25.0,2,0,2,1,0
Pablo Fornals,ESP,MF,Betis,La Liga,28,1996,15,12,1047.0,11.6,48.5,0.34,1,1,0,1,1.4,2.3,2.1,1.4,3.4,59,5,16,3,18.8,1.38,0.06,23.2,76.4,7216,2719,24,51,27,7,46,8,5.07,0.43,16,85,60,677,18,27.8,5,1444,671,13,10,446,328,276,24,11,14,25,9,1,18,5,1,7,55,57.7,2,0,9,7,1
Omari Forson,ENG,MF,Monza,Serie A,20,2004,5,0,72.0,0.8,3.2,-2.5,0,0,0,0,0.0,0.1,0.0,0.0,0.0,0,0,1,0,0.0,1.25,0.0,29.2,79.1,500,97,0,3,2,0,4,0,0.0,0.0,3,3,5,53,4,75.0,3,284,112,4,1,40,22,26,0,2,0,2,0,0,2,1,0,2,4,0.0,0,0,1,0,1
Fraser Forster,ENG,GK,Tottenham,Premier League,36,1988,7,7,630.0,7.0,28.0,-0.14,0,0,0,0,0.0,0.0,0.0,0.0,0.0,0,0,0,0,0.0,0.0,0.0,0.0,84.8,3349,2105,0,1,0,0,0,0,0.0,0.0,0,0,0,228,1,100.0,1,501,264,1,0,94,0,0,0,0,0,0,7,3,0,0,0,0,1,100.0,0,0,0,0,0
Héctor Fort,ESP,DF,Barcelona,La Liga,18,2006,10,2,295.0,3.3,14.3,1.53,0,0,0,0,0.1,1.1,0.6,0.1,0.7,8,0,2,0,0.0,0.61,0.0,23.1,90.0,3214,678,4,16,1,0,6,0,2.44,0.0,7,14,16,287,4,50.0,2,645,336,2,2,194,172,51,6,8,4,12,10,0,6,3,1,6,15,42.9,2,0,3,1,0
Dimitri Foulquier,FRA,DF,Valencia,La Liga,31,1993,22,15,1432.0,15.9,66.3,-0.75,0,0,0,0,0.4,0.6,0.3,0.4,0.6,20,3,10,2,20.0,0.63,0.0,19.6,74.9,8973,3326,3,42,6,0,39,2,1.26,0.19,26,50,44,931,24,20.8,5,2385,1296,18,13,525,486,187,15,31,9,40,52,1,14,9,3,21,59,47.1,4,0,21,19,0
Juan Foyth,ARG,DF,Villarreal,La Liga,27,1998,7,5,452.0,5.0,20.9,1.99,0,0,0,0,0.7,0.4,0.1,0.7,0.8,4,0,3,2,66.7,0.6,0.0,11.8,87.7,4205,1686,1,4,1,0,0,0,0.8,0.0,3,13,0,334,2,50.0,1,910,583,1,0,204,143,15,4,7,8,15,35,1,7,4,0,5,12,58.3,2,0,5,2,0
Alejandro Francés,ESP,DF,Girona,La Liga,22,2002,11,8,710.0,7.9,32.9,-0.63,0,0,0,0,0.2,0.4,0.0,0.2,0.2,11,1,5,0,0.0,0.63,0.0,21.1,84.9,8350,2340,2,38,5,0,14,2,1.39,0.13,10,38,11,621,8,50.0,4,1589,840,6,1,405,318,92,5,22,12,34,26,0,9,8,1,15,22,30.0,1,0,13,10,1
Przemysław Frankowski,POL,DF,Lens,Ligue 1,29,1995,18,16,1387.0,15.4,70.1,0.45,4,2,2,6,2.3,2.9,2.5,0.7,3.2,46,5,14,5,35.7,0.91,0.14,21.9,80.1,13489,5466,20,90,36,4,78,10,2.99,0.32,33,117,95,1230,16,37.5,6,3033,1514,16,8,800,546,454,38,32,19,51,28,0,10,10,5,21,61,57.1,3,0,18,7,1
Enric Franquesa,ESP,DF,Leganés,La Liga,27,1997,12,7,616.0,6.8,28.5,-0.15,1,1,0,1,0.3,0.1,0.1,0.3,0.4,6,0,3,1,33.3,0.44,0.33,16.8,70.2,2513,1004,2,5,2,0,16,2,0.88,0.0,11,12,30,306,21,42.9,9,793,337,21,2,151,157,68,6,17,5,22,12,0,7,6,2,9,29,50.0,1,0,8,6,0
Ryan Fraser,SCO,FW,Southampton,Premier League,30,1994,8,4,306.0,3.4,13.6,-1.76,0,0,0,0,0.0,0.1,0.1,0.0,0.1,5,0,1,1,100.0,0.29,0.0,31.6,74.8,1121,208,2,3,1,0,12,0,1.47,0.0,10,8,18,131,3,66.7,2,492,252,4,2,94,50,37,3,6,1,7,9,0,1,4,0,2,10,40.0,0,1,1,4,1
Davide Frattesi,ITA,MF,Inter,Serie A,25,1999,20,5,825.0,9.2,36.7,0.76,4,4,1,5,2.3,0.7,0.7,2.3,3.0,10,2,19,5,26.3,2.07,0.21,13.6,83.3,3254,671,3,17,4,5,6,0,1.09,0.22,15,24,29,349,12,50.0,6,1121,596,9,3,244,198,105,29,11,3,14,5,1,8,6,1,6,34,44.4,1,0,7,19,2
Morten Frendrup,DEN,MF,Genoa,Serie A,23,2001,23,23,2023.0,22.5,93.7,-0.36,2,2,0,2,1.1,0.5,0.3,1.1,1.4,38,1,19,6,31.6,0.85,0.11,21.6,85.1,10542,2075,6,56,9,2,2,0,1.69,0.04,13,68,19,1084,18,38.9,7,2275,942,28,15,572,608,204,13,78,31,109,39,0,37,37,22,48,119,53.7,3,0,30,21,1
Martin Frese,DEN,DF,Hellas Verona,Serie A,27,1998,5,3,336.0,3.7,14.9,0.27,0,0,0,0,0.0,0.0,0.1,0.0,0.1,7,0,0,0,0.0,0.0,0.0,0.0,68.0,1871,620,4,8,1,0,7,0,1.87,0.0,3,10,6,212,1,0.0,0,398,197,1,0,115,100,31,1,13,6,19,14,1,2,7,0,7,7,50.0,0,0,7,7,0
Remo Freuler,SUI,MF,Bologna,Serie A,32,1992,24,24,2123.0,23.6,98.3,0.38,0,0,2,2,0.8,1.2,1.2,0.8,2.0,49,2,8,2,25.0,0.34,0.0,21.9,88.1,19474,5130,26,144,19,1,13,4,2.08,0.08,26,145,40,1523,7,57.1,4,3738,1695,20,8,1045,965,298,20,54,24,78,43,1,26,24,7,26,98,48.6,4,0,30,13,1
Marco Friedl,AUT,DF,Werder Bremen,Bundesliga,26,1998,17,17,1432.0,15.9,72.3,0.13,0,0,0,0,0.1,0.4,0.2,0.1,0.3,8,0,1,1,100.0,0.06,0.0,5.5,90.4,18869,6388,3,41,5,0,2,1,0.5,0.0,2,49,0,1215,6,83.3,5,3462,1458,8,5,760,489,25,2,45,29,74,87,0,27,20,1,31,93,52.4,8,2,17,13,1
Marvin Friedrich,GER,DF,Gladbach,Bundesliga,29,1995,15,8,807.0,9.0,40.8,0.78,0,0,1,1,0.4,0.4,0.6,0.4,1.0,5,1,7,2,28.6,0.78,0.0,9.9,88.4,8679,3044,2,18,1,0,0,0,0.56,0.11,9,29,2,650,1,100.0,1,2123,1156,4,3,466,278,20,15,7,3,10,42,0,14,0,0,2,31,64.3,0,0,3,3,0
Jeremie Frimpong,NED,DF,Leverkusen,Bundesliga,24,2000,22,16,1506.0,16.7,76.1,0.96,3,3,4,7,3.3,3.1,3.5,3.3,6.8,44,9,23,12,52.2,1.37,0.13,14.7,76.5,6257,1432,21,20,19,0,68,11,2.63,0.54,61,36,178,744,52,34.6,18,2644,1484,31,17,510,248,416,81,24,6,30,12,0,19,10,5,19,62,35.7,3,0,8,18,4
Jorge de Frutos,ESP,MF,Rayo,La Liga,27,1997,23,19,1628.0,18.1,78.6,0.22,4,4,3,7,4.1,2.0,3.0,4.1,7.1,48,6,36,10,27.8,1.99,0.11,16.0,69.4,4555,1287,24,17,26,2,50,12,2.65,0.33,58,39,138,672,65,38.5,25,2806,1530,40,29,457,212,378,70,24,12,36,16,0,12,8,7,12,73,36.4,2,0,29,16,2
Darío Fuentes,ESP,DF,Sevilla,La Liga,22,2003,1,0,5.0,0.1,0.2,0.0,0,0,0,0,0.0,0.0,0.0,0.0,0.0,0,0,0,0,0.0,0.0,0.0,0.0,0.0,0,0,0,0,0,0,0,0,0.0,0.0,0,0,0,2,0,0.0,0,0,0,0,0,0,0,2,0,0,0,0,0,0,0,0,0,0,0,0.0,1,0,0,0,0
Chris Führich,GER,MF,Stuttgart,Bundesliga,27,1998,21,13,1201.0,13.3,60.7,0.37,1,1,2,3,1.3,3.9,2.4,1.3,3.8,57,5,19,8,42.1,1.42,0.05,18.0,79.0,6847,1942,21,26,25,6,52,6,4.28,0.37,66,59,130,756,55,49.1,27,3512,1802,21,20,546,281,413,73,9,4,13,12,0,16,4,3,5,42,33.3,0,0,5,2,2
Shiō Fukuda,JPN,FW,Gladbach,Bundesliga,20,2004,3,0,26.0,0.3,1.3,-3.46,1,1,0,1,0.3,0.0,0.0,0.3,0.3,1,1,1,1,100.0,3.46,1.0,20.5,60.0,32,13,0,0,0,0,1,0,3.46,3.46,0,1,2,10,3,33.3,1,15,3,1,0,7,3,7,1,0,0,0,0,0,1,0,0,0,1,50.0,0,0,1,0,0
Angelo Fulgini,FRA,MF,Lens,Ligue 1,28,1996,18,11,899.0,10.0,45.4,0.8,1,1,1,2,2.0,2.4,2.4,2.0,4.4,41,2,21,6,28.6,2.1,0.05,18.3,77.6,6228,1654,18,26,24,7,34,7,4.1,0.2,23,58,98,685,35,25.7,9,2089,1034,25,23,528,302,313,40,12,2,14,3,0,11,3,3,9,47,40.0,2,0,13,25,2
Niclas Füllkrug,GER,FW,West Ham,Premier League,32,1993,9,3,370.0,4.1,16.4,-1.22,2,2,1,3,1.4,0.2,1.0,1.4,2.4,11,1,8,3,37.5,1.95,0.25,10.3,68.8,723,93,7,3,1,0,0,0,2.67,0.24,3,4,8,111,3,0.0,0,146,74,10,2,78,60,43,20,2,0,2,5,0,0,1,1,2,4,45.5,1,0,9,3,4
Kyogo Furuhashi,JPN,FW,Rennes,Ligue 1,30,1995,2,1,83.0,0.9,4.2,-2.17,0,0,0,0,0.1,0.0,0.0,0.1,0.1,0,0,1,0,0.0,1.08,0.0,22.7,50.0,43,0,0,0,0,0,0,0,0.0,0.0,0,0,2,11,0,0.0,0,4,3,1,0,4,5,4,1,1,0,1,0,0,0,0,0,1,1,0.0,0,0,1,1,0
Manuel Fuster,ESP,FW,Las Palmas,La Liga,27,1997,18,6,659.0,7.3,30.5,-0.96,2,2,0,2,0.6,0.9,1.1,0.6,1.7,36,3,12,5,41.7,1.64,0.17,22.3,77.1,4714,1266,20,25,16,2,44,4,4.91,0.41,13,41,59,447,10,30.0,3,1182,567,11,11,334,205,195,17,13,2,15,11,0,9,7,4,7,35,25.0,1,0,9,22,1
Matteo Gabbia,ITA,DF,Milan,Serie A,25,1999,15,13,1177.0,13.1,54.5,0.84,1,1,0,1,0.8,0.2,0.1,0.8,0.9,14,3,11,3,27.3,0.84,0.09,12.1,89.9,15083,4521,1,54,1,0,2,1,1.07,0.23,9,57,1,935,1,100.0,1,2600,1461,3,1,702,463,25,15,10,8,18,56,1,14,3,1,6,29,62.7,3,0,12,5,0
Alessandro Gabrielloni,ITA,FW,Como,Serie A,30,1994,11,0,109.0,1.2,4.8,-0.83,1,1,1,2,0.3,0.2,0.8,0.3,1.0,6,1,3,1,33.3,2.48,0.33,14.6,57.5,358,80,4,2,1,0,1,0,4.95,0.83,4,5,11,48,0,0.0,0,275,96,2,1,33,20,26,6,0,0,0,0,0,0,0,0,0,9,11.1,1,0,3,3,1
Gianluca Gaetano,ITA,MF,Cagliari,Serie A,24,2000,18,8,775.0,8.6,34.4,0.35,1,1,2,3,3.9,1.3,0.9,3.9,4.8,35,3,24,4,16.7,2.79,0.04,16.4,71.8,3165,794,16,20,12,2,20,0,4.06,0.35,9,32,60,365,21,52.4,11,1015,324,21,13,261,165,171,33,8,5,13,7,0,6,4,1,5,27,32.0,0,0,13,8,3
Roberto Gagliardini,ITA,MF,Monza,Serie A,30,1994,4,0,95.0,1.1,4.2,-0.95,0,0,0,0,0.0,0.0,0.2,0.0,0.2,3,0,0,0,0.0,0.0,0.0,0.0,92.6,865,240,1,6,0,0,1,0,2.84,0.0,2,6,3,68,1,0.0,0,268,101,4,3,44,49,6,1,1,1,2,4,0,0,1,0,0,2,50.0,1,0,4,4,0
Cody Gakpo,NED,FW,Liverpool,Premier League,25,1999,24,16,1370.0,15.2,60.9,1.18,8,8,3,11,5.5,2.7,3.5,5.5,8.9,60,6,42,17,40.5,2.76,0.19,15.6,76.0,5048,1269,30,19,22,2,54,6,3.94,0.39,38,43,207,646,42,59.5,25,3027,1505,31,14,490,185,413,74,22,7,29,14,1,17,9,8,12,55,43.3,4,0,14,19,5
Javi Galán,ESP,DF,Atleti,La Liga,30,1994,14,12,965.0,10.7,44.7,1.03,0,0,2,2,0.1,1.2,2.0,0.1,2.1,19,5,4,0,0.0,0.37,0.0,19.4,83.0,6991,1884,7,23,10,1,28,5,1.77,0.47,28,30,65,702,46,34.8,16,2293,1327,12,8,429,307,196,8,31,7,38,19,0,10,9,3,18,40,51.9,6,0,21,16,1
Iñigo Ruiz de Galarreta,ESP,MF,Athletic Club,La Liga,31,1993,16,12,950.0,10.6,44.0,0.85,0,0,2,2,0.1,2.0,2.1,0.1,2.3,35,2,3,0,0.0,0.28,0.0,23.2,83.2,8751,2492,21,65,15,3,21,3,3.31,0.19,15,91,25,629,14,71.4,10,1685,855,12,15,445,402,143,5,23,8,31,8,2,6,10,4,17,81,33.3,3,0,23,11,0
Conor Gallagher,ENG,MF,Atleti,La Liga,25,2000,18,13,990.0,11.0,45.8,0.91,2,2,0,2,1.8,0.5,0.2,1.8,2.0,13,1,11,2,18.2,1.0,0.18,20.2,85.1,5590,1212,5,28,7,1,7,1,1.18,0.09,13,32,35,611,25,36.0,9,1423,517,16,12,428,330,144,11,27,8,35,15,0,13,14,5,20,56,31.8,2,0,17,27,1
Antonino Gallo,ITA,DF,Lecce,Serie A,25,2000,18,18,1511.0,16.8,67.2,-0.48,0,0,2,2,0.1,2.0,2.2,0.1,2.3,43,2,5,1,20.0,0.3,0.0,25.9,68.7,9957,4190,29,48,22,0,72,17,2.56,0.12,40,67,67,932,25,40.0,10,2471,1388,23,10,467,382,247,9,34,12,46,63,0,16,8,4,23,66,48.1,1,1,7,12,2
Gauthier Gallon,FRA,GK,Rennes,Ligue 1,31,1993,1,0,45.0,0.5,2.3,0.0,0,0,0,0,0.0,0.0,0.0,0.0,0.0,0,0,0,0,0.0,0.0,0.0,0.0,84.2,277,175,0,0,0,0,0,0,0.0,0.0,0,0,0,19,0,0.0,0,75,45,0,0,13,1,0,0,0,0,0,0,0,0,0,0,0,0,0.0,0,0,0,0,0
Cristian Gamboa,CRC,DF,Bochum,Bundesliga,35,1989,7,0,147.0,1.6,7.4,-2.45,1,1,0,1,0.2,0.3,0.2,0.2,0.3,6,0,4,1,25.0,2.45,0.25,21.7,60.9,1009,398,3,2,2,1,7,1,3.67,0.0,2,4,5,102,1,0.0,0,256,102,2,0,58,46,30,4,4,0,4,4,0,0,1,0,2,9,0.0,0,0,0,3,0
Idrissa Gana Gueye,SEN,MF,Everton,Premier League,35,1989,24,22,1923.0,21.4,85.5,-0.23,0,0,2,2,0.9,1.0,1.2,0.9,2.1,38,2,21,3,14.3,0.98,0.0,25.0,85.6,12883,3356,14,93,7,2,5,3,1.78,0.09,16,93,16,1129,25,48.0,12,2470,1048,21,27,655,644,215,14,82,29,111,17,0,30,34,10,49,124,55.2,5,0,36,31,0
Ignatius Ganago,CMR,FW,Nantes,Ligue 1,26,1999,11,1,241.0,2.7,12.2,-1.49,0,0,0,0,0.4,0.1,0.3,0.4,0.7,7,1,7,0,0.0,2.61,0.0,11.7,76.6,859,169,5,2,1,0,3,1,2.62,0.37,5,9,26,112,11,45.5,5,413,153,8,3,84,48,49,15,1,4,5,2,0,3,1,0,1,7,36.4,1,0,2,3,2
Silvère Ganvoula M'Boussy,CGO,FW,Monza,Serie A,28,1996,2,2,168.0,1.9,7.5,-2.14,0,0,0,0,0.2,0.0,0.0,0.2,0.2,1,0,2,0,0.0,1.07,0.0,11.2,65.7,390,35,0,2,0,0,0,0,0.54,0.0,1,2,10,48,3,0.0,0,151,28,3,3,38,31,14,2,0,1,1,3,0,0,0,0,0,2,53.3,0,0,1,4,0
Aleix García,ESP,MF,Leverkusen,Bundesliga,27,1997,18,9,819.0,9.1,41.4,0.22,1,1,3,4,0.5,2.2,2.6,0.5,3.2,36,6,7,1,14.3,0.77,0.14,21.0,87.4,11964,3428,17,77,5,2,58,1,3.96,0.66,13,60,27,848,2,50.0,1,1797,818,7,1,659,464,262,10,6,3,9,13,0,7,4,1,3,37,28.6,1,0,4,4,1
Álvaro García,ESP,FW,Rayo,La Liga,32,1992,21,14,1320.0,14.7,63.8,0.14,3,3,2,5,3.4,2.9,3.1,3.4,6.6,60,3,28,6,21.4,1.91,0.11,18.8,62.9,4633,1628,28,11,29,2,65,13,4.09,0.2,42,44,133,644,16,31.3,5,1753,895,30,8,409,195,323,56,26,19,45,27,1,15,8,3,18,53,35.7,4,0,11,10,9
Andrés García,ESP,DF,Aston Villa,Premier League,22,2003,2,2,135.0,1.5,6.0,-0.67,0,0,0,0,0.0,0.1,0.0,0.0,0.0,0,0,2,0,0.0,1.33,0.0,27.4,84.9,1219,210,0,5,3,0,10,1,0.0,0.0,9,9,13,116,7,28.6,2,492,254,3,3,73,46,56,1,4,0,4,3,1,1,1,0,3,10,0.0,0,0,0,0,0
Eric García,ESP,MF,Barcelona,La Liga,24,2001,14,5,691.0,7.7,33.4,2.21,1,1,1,2,1.5,0.6,0.4,1.5,1.9,11,4,8,4,50.0,1.04,0.13,8.7,92.2,8835,3135,1,58,6,1,1,0,1.43,0.52,9,46,5,638,5,40.0,2,1600,873,7,3,465,395,70,15,18,6,24,17,0,13,12,2,10,24,52.9,1,0,10,3,0
Fran Garcia,ESP,DF,Real Madrid,La Liga,25,1999,19,13,1217.0,13.5,56.3,1.63,0,0,1,1,0.6,0.9,0.6,0.6,1.3,24,1,9,2,22.2,0.67,0.0,19.6,88.4,11124,2747,11,44,11,0,33,6,1.77,0.07,34,66,95,980,11,36.4,4,2278,1249,10,6,631,385,318,20,20,15,35,38,0,11,5,3,15,64,37.5,0,0,7,11,1
Joan García,ESP,GK,Espanyol,La Liga,23,2001,24,24,2160.0,24.0,100.0,-0.54,0,0,0,0,0.1,0.0,0.0,0.1,0.1,4,0,1,1,100.0,0.04,0.0,10.5,71.8,15570,12041,0,8,1,0,0,0,0.17,0.0,0,1,0,821,0,0.0,0,2903,1931,2,0,300,3,1,1,0,0,0,12,4,0,0,0,0,25,92.3,2,0,0,2,0
Pablo Garcia,ESP,FW,Betis,La Liga,18,2006,2,0,26.0,0.3,1.2,3.46,0,0,0,0,0.0,0.1,0.0,0.0,0.0,2,0,0,0,0.0,0.0,0.0,0.0,62.5,93,14,0,0,0,0,1,0,6.67,0.0,1,0,5,13,2,50.0,1,72,33,2,0,8,5,6,2,0,0,0,0,0,1,0,0,0,2,0.0,0,0,0,0,0
Rubén García,ESP,FW,Osasuna,La Liga,31,1993,23,19,1522.0,16.9,70.5,0.18,2,2,4,6,1.5,2.8,1.6,1.5,3.1,56,8,16,4,25.0,0.95,0.13,16.1,73.4,9669,2543,25,43,18,0,81,8,3.31,0.47,19,71,100,917,27,37.0,10,2128,853,26,8,593,401,384,44,37,12,49,27,0,24,14,9,25,77,42.9,2,0,20,18,6
Ulisses Garcia,SUI,DF,Marseille,Ligue 1,29,1996,12,5,494.0,5.5,24.9,1.64,2,2,1,3,1.5,0.6,0.7,1.5,2.2,10,2,7,2,28.6,1.28,0.29,12.2,82.3,3846,941,4,12,6,0,18,4,1.82,0.36,10,16,67,353,9,44.4,4,739,268,9,7,220,163,124,14,10,4,14,9,0,3,4,2,8,29,78.6,1,0,5,5,2
Alejandro Garnacho,ARG,FW,Manchester Utd,Premier League,20,2004,24,14,1411.0,15.7,62.7,-0.64,3,3,1,4,5.4,1.4,2.5,5.4,7.9,45,2,55,22,40.0,3.51,0.05,16.3,78.3,5607,682,20,15,11,1,29,1,2.87,0.13,81,30,192,733,58,25.9,15,3737,1783,42,33,552,240,418,112,17,10,27,9,2,15,4,6,12,76,10.0,1,0,6,24,6
James Garner,ENG,MF,Everton,Premier League,23,2001,8,5,524.0,5.8,23.3,0.17,0,0,1,1,0.1,0.6,0.8,0.1,0.8,15,3,3,1,33.3,0.52,0.0,23.3,66.7,2619,1151,6,16,4,2,21,2,2.58,0.52,2,11,8,291,6,50.0,3,480,152,8,3,136,146,65,6,16,6,22,16,0,6,5,1,9,31,50.0,2,0,6,4,0
Yarek Gasiorowski,ESP,DF,Valencia,La Liga,20,2005,14,9,940.0,10.4,43.5,-1.05,0,0,0,0,1.1,0.3,0.1,1.1,1.2,7,0,3,0,0.0,0.29,0.0,7.6,80.2,7474,2606,3,43,3,1,3,1,0.67,0.0,9,37,0,609,0,0.0,0,1329,736,1,0,337,304,22,6,19,25,44,54,0,17,3,0,16,38,66.7,1,0,5,2,0
Federico Gatti,ITA,DF,Juventus,Serie A,26,1998,23,22,1929.0,21.4,85.7,0.79,1,1,0,1,2.3,0.2,0.3,2.3,2.5,20,2,21,9,42.9,0.98,0.05,12.6,95.1,21466,6254,4,39,1,0,1,0,0.93,0.09,22,51,5,1446,11,54.5,6,6634,3530,12,6,1109,719,51,25,21,16,37,62,2,22,6,1,16,97,60.4,2,0,19,17,1
Gavi,ESP,MF,Barcelona,La Liga,20,2004,13,6,379.0,4.2,18.3,0.47,0,0,1,1,0.2,0.4,1.0,0.2,1.2,14,1,2,0,0.0,0.47,0.0,11.2,82.6,2616,688,6,22,3,1,5,1,3.32,0.24,1,20,17,267,6,33.3,2,513,237,11,6,172,149,74,12,10,6,16,3,0,6,6,1,6,20,43.8,3,0,18,8,1
Paulo Gazzaniga,ARG,GK,Girona,La Liga,33,1992,24,24,2115.0,23.5,97.9,-0.09,0,0,0,0,0.0,0.0,0.0,0.0,0.0,0,0,0,0,0.0,0.0,0.0,0.0,81.5,15763,9988,0,6,0,0,0,0,0.0,0.0,0,0,0,880,4,75.0,3,2546,1501,1,0,532,5,0,0,1,0,1,7,3,1,0,0,1,31,0.0,3,0,1,3,0
Jean-Philippe Gbamin,CIV,MF,Nantes,Ligue 1,29,1995,14,2,216.0,2.4,10.9,-2.08,0,0,0,0,0.5,0.0,0.0,0.5,0.5,4,0,2,0,0.0,0.83,0.0,8.0,78.3,1338,427,0,11,1,0,0,0,1.67,0.0,2,12,1,143,2,50.0,1,274,124,5,1,90,97,21,4,2,3,5,2,0,5,2,0,1,13,70.0,1,0,3,6,0
Mory Gbane,CIV,DF,Reims,Ligue 1,24,2000,2,2,135.0,1.5,6.8,-3.33,0,0,0,0,0.1,0.1,0.1,0.1,0.1,1,0,2,1,50.0,1.33,0.0,30.9,84.9,779,231,1,3,1,0,0,0,0.67,0.0,1,3,1,69,0,0.0,0,223,93,1,0,44,33,7,0,1,4,5,8,0,0,1,0,0,5,100.0,1,0,1,0,0
Yann Gboho,FRA,MF,Toulouse,Ligue 1,24,2001,20,19,1609.0,17.9,81.3,0.0,2,2,2,4,3.7,2.8,2.4,3.7,6.1,63,2,35,15,42.9,1.96,0.06,15.7,71.5,4344,1345,21,34,18,4,21,0,3.53,0.11,84,66,145,670,97,43.3,42,3403,1983,50,38,499,268,358,97,23,4,27,4,0,15,9,8,10,80,14.3,1,0,13,48,0
David de Gea,ESP,GK,Fiorentina,Serie A,34,1990,22,22,1980.0,22.0,88.0,0.64,0,0,1,1,0.0,0.0,0.3,0.0,0.3,7,3,0,0,0.0,0.0,0.0,0.0,72.1,15987,11988,2,14,0,0,0,0,0.32,0.14,0,0,0,750,0,0.0,0,1875,1075,0,0,350,1,0,0,0,0,0,7,0,0,0,0,0,13,100.0,0,0,0,2,0
Viggo Gebel,GER,MF,RB Leipzig,Bundesliga,17,2007,1,0,14.0,0.2,0.7,0.0,0,0,0,0,0.0,0.0,0.0,0.0,0.0,1,0,0,0,0.0,0.0,0.0,0.0,75.0,43,11,0,0,0,0,0,0,6.43,0.0,0,0,3,6,1,0.0,0,18,4,1,0,5,3,3,1,0,0,0,0,0,0,0,0,0,0,100.0,0,0,0,1,0
Lutsharel Geertruida,NED,DF,RB Leipzig,Bundesliga,24,2000,16,12,1075.0,11.9,54.3,0.08,1,1,0,1,1.0,0.6,0.5,1.0,1.5,16,0,6,1,16.7,0.5,0.17,13.6,87.1,11938,4208,6,64,7,1,8,2,1.34,0.0,15,62,27,916,10,40.0,4,1758,910,11,4,610,563,93,13,26,13,39,39,3,8,8,0,16,53,73.3,2,0,15,5,0
Dennis Geiger,GER,MF,Hoffenheim,Bundesliga,26,1998,13,5,486.0,5.4,24.5,-2.22,0,0,0,0,0.1,0.6,0.3,0.1,0.4,16,0,2,1,50.0,0.37,0.0,28.4,86.7,2954,867,6,20,6,2,3,1,2.95,0.0,8,22,13,279,3,66.7,2,788,378,5,3,199,168,60,5,14,2,16,5,0,10,7,1,9,22,25.0,4,0,15,8,0
Valentin Gendrey,FRA,DF,Lecce,Serie A,24,2000,2,2,180.0,2.0,8.0,-3.0,0,0,0,0,0.2,0.1,0.1,0.2,0.3,3,0,2,0,0.0,1.0,0.0,12.2,76.4,745,342,2,5,2,0,3,1,1.5,0.0,7,5,4,69,0,0.0,0,254,144,1,0,39,38,15,3,2,2,4,1,0,3,0,1,2,3,25.0,0,0,1,2,0
Valentin Gendrey,FRA,DF,Hoffenheim,Bundesliga,24,2000,16,10,1056.0,11.7,8.0,-3.0,1,1,0,1,0.8,0.1,1.8,0.8,2.6,3,0,2,0,0.0,1.0,0.0,12.2,76.4,745,342,2,5,2,0,3,1,1.5,0.0,18,37,70,69,0,0.0,0,254,144,1,0,39,38,15,3,2,2,4,1,0,3,0,1,2,3,25.0,0,0,1,2,0
Denis Genreau,AUS,MF,Toulouse,Ligue 1,25,1999,8,2,222.0,2.5,11.2,-0.41,0,0,0,0,0.3,0.7,0.5,0.3,0.8,8,0,6,0,0.0,2.43,0.0,21.2,82.7,1588,460,5,7,7,0,9,0,3.24,0.0,9,13,7,160,3,33.3,1,451,254,5,4,98,68,67,7,7,3,10,4,0,3,1,2,5,11,0.0,0,0,7,5,0
Tyrique George,ENG,FW,Chelsea,Premier League,19,2006,2,0,33.0,0.4,1.5,0.0,0,0,0,0,0.1,0.0,0.0,0.1,0.1,1,0,1,0,0.0,2.73,0.0,10.2,83.3,200,20,0,0,0,0,2,0,2.73,0.0,3,0,7,23,2,100.0,2,126,67,1,0,18,7,10,2,2,0,2,0,0,0,0,0,0,1,0.0,1,0,2,0,1
Yannick Gerhardt,GER,MF,Wolfsburg,Bundesliga,30,1994,20,9,937.0,10.4,47.3,0.38,1,1,1,2,0.5,0.7,0.0,0.5,0.5,16,1,8,1,12.5,0.77,0.13,17.0,70.4,3924,1373,1,22,9,0,13,4,1.54,0.1,11,29,41,479,4,25.0,1,916,385,11,2,264,222,130,18,20,13,33,28,0,22,8,2,11,33,46.7,2,1,12,4,2
Max Geschwill,GER,DF,Holstein Kiel,Bundesliga,23,2001,15,12,1119.0,12.4,56.5,-1.13,1,1,2,3,0.6,0.9,0.8,0.6,1.3,21,2,7,1,14.3,0.56,0.14,13.3,75.0,8904,3913,9,38,6,0,8,2,1.69,0.16,4,54,12,749,4,50.0,2,1482,721,3,2,445,330,59,11,26,25,51,39,0,14,12,1,21,49,40.6,2,0,12,8,1
Daniele Ghilardi,ITA,DF,Hellas Verona,Serie A,22,2003,14,12,1180.0,13.1,52.4,-1.07,0,0,0,0,0.4,0.3,0.1,0.4,0.6,11,1,8,4,50.0,0.61,0.0,12.8,81.4,7838,2843,2,35,1,0,3,1,0.84,0.08,5,29,3,650,7,28.6,2,1666,762,4,1,379,306,33,11,24,15,39,58,0,15,8,0,15,36,50.0,5,0,19,19,0
Lautaro Gianetti,ARG,DF,Udinese,Serie A,31,1993,12,11,840.0,9.3,37.3,-0.64,1,1,0,1,0.1,0.3,0.1,0.0,0.1,4,0,1,1,100.0,0.11,1.0,5.9,82.3,5620,1987,2,12,2,0,0,0,0.43,0.0,0,18,3,479,2,0.0,0,834,258,2,0,247,187,17,8,22,15,37,44,1,19,5,1,10,25,68.4,4,0,6,0,0
Dimitris Giannoulis,GRE,DF,Augsburg,Bundesliga,29,1995,19,19,1605.0,17.8,81.1,-0.56,0,0,3,3,0.7,3.1,2.4,0.7,3.1,34,5,9,3,33.3,0.5,0.0,17.6,74.1,10454,4458,18,42,24,2,65,10,1.91,0.28,28,59,75,1048,35,42.9,15,2197,1242,29,6,546,448,330,30,32,26,58,43,0,34,11,3,21,82,33.3,5,0,13,11,0
Morgan Gibbs-White,ENG,MF,Forest,Premier League,25,2000,21,21,1660.0,18.4,73.8,0.7,5,5,5,10,3.3,3.7,3.5,3.3,6.8,71,12,35,15,42.9,1.9,0.14,15.9,79.1,9193,2974,34,92,26,13,22,3,3.85,0.65,50,102,82,1014,57,42.1,24,3288,1729,44,27,775,499,403,65,29,13,42,15,0,8,13,4,13,85,45.0,7,1,26,28,4
Samuel Gigot,FRA,DF,Lazio,Serie A,31,1993,9,2,267.0,3.0,11.9,3.03,2,2,0,2,1.1,0.0,0.0,1.1,1.1,3,1,3,2,66.7,1.01,0.67,5.8,89.2,2168,592,0,6,0,0,0,0,1.01,0.34,1,6,2,179,1,100.0,1,329,164,1,0,118,100,11,5,2,5,7,12,0,4,2,0,1,5,78.6,2,0,7,3,0
Armin Gigovic,BIH,MF,Holstein Kiel,Bundesliga,22,2002,21,13,1143.0,12.7,57.7,-0.87,3,3,0,3,1.2,0.6,0.6,1.2,1.9,20,3,15,5,33.3,1.18,0.2,18.9,77.1,5019,1252,7,26,4,0,8,0,1.58,0.24,26,28,24,575,31,32.3,10,1865,803,24,12,335,310,130,24,16,15,31,22,0,14,5,2,9,69,55.0,4,0,11,19,1
Bryan Gil,ESP,FW,Girona,La Liga,24,2001,22,19,1538.0,17.1,71.2,0.0,3,3,3,6,2.2,2.9,2.8,2.2,5.1,50,5,31,14,45.2,1.81,0.1,18.8,81.5,8030,1599,19,24,28,0,69,5,2.93,0.29,66,65,189,930,95,38.9,37,4093,1871,52,35,721,318,517,74,31,10,41,9,4,23,13,8,20,70,0.0,3,0,19,37,4
Mario Gila,ESP,DF,Lazio,Serie A,24,2000,21,21,1821.0,20.2,80.9,0.79,1,1,0,1,0.8,0.8,0.3,0.8,1.0,20,1,9,2,22.2,0.44,0.11,15.9,91.8,23729,7850,7,98,5,4,0,0,0.99,0.05,32,104,8,1525,7,28.6,2,5603,3107,9,6,1114,829,89,18,39,20,59,63,2,13,13,2,29,95,47.7,5,0,20,21,0
Billy Gilmour,SCO,MF,Brighton,Premier League,23,2001,2,1,98.0,1.1,4.4,0.92,0,0,0,0,0.1,0.0,0.0,0.1,0.1,3,0,1,0,0.0,0.92,0.0,25.5,86.6,980,346,0,12,2,1,1,0,2.76,0.0,2,11,2,73,2,50.0,1,210,117,0,0,58,46,13,0,3,0,3,1,0,1,1,0,3,5,0.0,0,0,2,3,0
Billy Gilmour,SCO,MF,Napoli,Serie A,23,2001,14,5,418.0,4.6,4.4,0.92,0,0,0,0,0.1,0.0,0.3,0.1,0.4,3,0,1,0,0.0,0.92,0.0,25.5,86.6,980,346,0,12,2,1,1,0,2.76,0.0,4,25,5,73,2,50.0,1,210,117,0,0,58,46,13,0,3,0,3,1,0,1,1,0,3,5,0.0,0,0,2,3,0
Benedikt Gimber,GER,DF,Heidenheim,Bundesliga,27,1997,20,20,1681.0,18.7,84.9,-0.86,0,0,0,0,0.2,0.4,0.3,0.2,0.5,9,0,5,0,0.0,0.27,0.0,13.2,82.5,15650,5284,1,32,2,0,1,0,0.48,0.0,6,32,5,1143,9,44.4,4,2774,1337,16,3,671,460,29,12,54,20,74,89,1,37,15,0,33,68,58.2,6,0,41,32,1
Santiago Giménez,MEX,FW,Milan,Serie A,23,2001,2,1,126.0,1.4,5.8,2.14,2,2,0,2,1.2,0.1,0.3,1.2,1.5,4,1,5,2,40.0,3.57,0.4,14.1,70.0,178,36,2,0,0,0,0,0,2.86,0.71,3,1,11,41,7,28.6,2,91,50,3,0,26,13,23,6,1,1,2,3,0,2,1,0,1,4,66.7,2,0,1,2,2
Gvidas Gineitis,LTU,MF,Torino,Serie A,20,2004,18,8,820.0,9.1,36.4,-0.66,1,1,1,2,0.6,1.4,1.5,0.6,2.2,29,2,12,4,33.3,1.32,0.08,23.6,74.1,4218,1243,17,22,5,2,43,1,3.18,0.22,11,27,30,450,7,42.9,3,995,490,12,4,262,186,169,11,15,10,25,22,0,10,5,4,8,31,29.4,1,0,15,11,1
Matthias Ginter,GER,DF,Freiburg,Bundesliga,31,1994,21,17,1571.0,17.5,79.3,-0.06,2,2,0,2,1.2,0.7,0.5,1.2,1.6,17,2,13,3,23.1,0.74,0.15,10.6,82.2,15453,6281,5,56,8,2,9,1,0.97,0.11,5,75,6,1126,2,100.0,2,3163,1728,4,0,765,545,53,28,18,9,27,81,3,23,7,2,12,54,68.1,2,0,9,14,1
Jamie Gittens,ENG,FW,Dortmund,Bundesliga,20,2004,22,18,1504.0,16.7,76.0,0.0,7,7,3,10,2.8,3.7,2.3,2.8,5.1,60,10,42,20,47.6,2.51,0.17,17.0,76.1,4859,809,18,13,19,3,45,3,3.59,0.6,103,29,146,717,148,49.3,73,4378,2490,41,27,532,246,422,94,23,8,31,4,0,14,9,6,13,50,55.6,3,0,22,32,3
Serge Gnabry,GER,FW,Bayern,Bundesliga,29,1995,15,7,697.0,7.7,35.2,2.07,4,4,2,6,5.0,3.2,2.7,5.0,7.7,29,7,31,12,38.7,4.0,0.13,14.2,82.2,4524,886,12,11,17,1,18,2,3.76,0.91,33,33,93,468,26,46.2,12,1658,833,12,4,364,176,250,57,13,5,18,6,0,7,4,4,9,32,33.3,0,0,11,2,3
Ben Godfrey,ENG,DF,Ipswich Town,Premier League,27,1998,1,1,63.0,0.7,2.8,-7.14,0,0,0,0,0.0,0.0,0.0,0.0,0.0,0,0,0,0,0.0,0.0,0.0,0.0,84.1,495,185,0,3,1,0,0,0,0.0,0.0,1,3,0,49,0,0.0,0,170,53,2,1,34,24,6,1,0,0,0,1,0,0,0,0,0,2,100.0,0,0,0,0,0
Ben Godfrey,ENG,DF,Atalanta,Serie A,27,1998,1,0,23.0,0.3,2.8,-7.14,0,0,0,0,0.0,0.0,0.0,0.0,0.0,0,0,0,0,0.0,0.0,0.0,0.0,84.1,495,185,0,3,1,0,0,0,0.0,0.0,0,1,1,49,0,0.0,0,170,53,2,1,34,24,6,1,0,0,0,1,0,0,0,0,0,2,100.0,0,0,0,0,0
Martial Godo,ENG,FW,Fulham,Premier League,21,2003,1,0,16.0,0.2,0.7,0.0,0,0,0,0,0.0,0.0,0.0,0.0,0.0,0,0,0,0,0.0,0.0,0.0,0.0,60.0,41,2,0,0,0,0,1,0,0.0,0.0,0,0,3,11,2,0.0,0,48,18,0,0,6,4,6,3,0,1,1,0,0,1,0,0,0,0,0.0,0,0,0,0,0
Saba Goglichidze,GEO,DF,Empoli,Serie A,20,2004,22,19,1676.0,18.6,74.5,-0.75,0,0,0,0,0.1,0.1,0.1,0.1,0.2,8,0,2,0,0.0,0.11,0.0,11.6,78.9,10522,3514,2,34,0,0,1,0,0.43,0.0,7,31,3,840,8,25.0,2,1832,782,8,4,481,373,27,4,46,23,69,60,2,27,17,2,27,72,33.3,0,1,14,19,0
Edoardo Goldaniga,ITA,DF,Como,Serie A,31,1993,20,16,1452.0,16.1,64.5,-0.81,0,0,0,0,0.7,0.2,0.1,0.7,0.8,14,2,5,2,40.0,0.31,0.0,13.6,83.9,13703,5360,2,46,5,0,6,1,0.87,0.12,13,46,6,1006,6,50.0,3,3319,1700,7,6,663,449,83,12,23,20,43,54,2,10,3,4,14,43,62.2,9,1,30,16,1
Pierluigi Gollini,ITA,GK,Genoa,Serie A,29,1995,7,7,630.0,7.0,29.2,-1.43,0,0,0,0,0.0,0.0,0.0,0.0,0.0,4,0,0,0,0.0,0.0,0.0,0.0,82.4,5777,4236,0,3,0,0,0,0,0.57,0.0,0,0,0,269,0,0.0,0,705,467,0,0,140,1,0,0,0,0,0,2,1,1,0,0,0,5,0.0,1,0,0,0,0
Aleksandr Golovin,RUS,MF,Monaco,Ligue 1,28,1996,17,13,1136.0,12.6,57.4,0.32,3,3,0,3,2.3,3.2,2.4,2.3,4.7,47,1,24,9,37.5,1.9,0.13,21.4,77.2,8191,3017,24,76,31,9,23,3,3.72,0.08,38,112,72,825,36,61.1,22,2916,1494,27,16,559,436,300,31,37,11,48,6,0,15,19,9,24,96,42.9,1,0,21,20,1
André Gomes,POR,MF,Lille,Ligue 1,31,1993,13,9,690.0,7.7,34.8,0.65,0,0,0,0,0.3,1.0,0.4,0.3,0.7,19,0,6,2,33.3,0.78,0.0,26.8,90.1,7719,1922,7,53,9,3,2,0,2.48,0.0,7,57,9,579,13,46.2,6,1123,524,13,14,438,356,120,6,16,6,22,8,1,4,7,3,9,56,50.0,3,0,15,6,0
Angel Gomes,ENG,MF,Lille,Ligue 1,24,2000,13,9,691.0,7.7,34.9,0.13,1,1,1,2,1.7,1.6,2.1,0.9,3.0,28,3,8,2,25.0,1.04,0.13,21.8,80.8,4505,1329,14,30,14,2,9,3,3.64,0.39,15,47,45,389,10,50.0,5,1294,662,11,2,312,210,147,18,10,0,10,2,0,0,4,2,6,18,50.0,1,0,4,11,0
João Gomes,BRA,MF,Wolves,Premier League,24,2001,23,23,1934.0,21.5,86.0,-0.88,2,2,1,3,1.8,1.3,0.9,1.8,2.6,39,2,19,6,31.6,0.88,0.11,18.2,84.8,12743,3383,16,83,15,3,18,1,1.82,0.09,35,112,47,1243,30,50.0,15,3757,1830,23,33,805,680,284,21,73,19,92,26,0,30,33,3,40,119,32.0,8,1,53,23,1
Rodrigo Gomes,POR,DF,Wolves,Premier League,21,2003,17,6,569.0,6.3,25.3,-0.79,1,1,0,1,0.4,0.5,0.7,0.4,1.1,14,0,4,2,50.0,0.63,0.25,15.9,65.3,2092,725,9,9,11,1,18,3,2.22,0.0,17,22,57,297,11,27.3,3,982,586,14,6,173,105,125,22,19,4,23,17,1,8,9,0,12,20,21.1,0,0,2,4,0
Toti Gomes,POR,DF,Wolves,Premier League,26,1999,18,17,1444.0,16.0,64.2,-0.31,0,0,1,1,0.0,0.4,0.6,0.0,0.7,12,1,2,0,0.0,0.12,0.0,25.7,83.8,12636,4541,4,42,2,0,7,0,0.75,0.06,10,39,7,1033,17,70.6,12,2902,1553,13,9,672,469,55,9,36,10,46,76,2,16,9,2,27,60,72.5,4,0,13,10,4
Carlos Gómez,COL,MF,Rennes,Ligue 1,22,2002,12,2,302.0,3.4,15.3,-0.6,1,1,0,1,0.1,0.2,0.2,0.1,0.4,10,0,4,2,50.0,1.19,0.25,20.4,73.3,1045,257,5,2,4,1,17,2,2.98,0.0,8,8,37,148,17,41.2,7,493,228,10,5,106,62,74,10,7,1,8,2,0,5,4,1,6,16,0.0,0,0,8,2,0
Dani Gómez,ESP,FW,Valencia,La Liga,26,1998,14,5,532.0,5.9,24.6,-0.68,2,2,0,2,2.7,0.1,0.0,2.7,2.7,6,0,14,6,42.9,2.37,0.14,12.1,74.7,741,120,1,3,2,0,0,0,1.02,0.0,3,6,24,137,10,30.0,3,319,103,11,8,90,49,78,22,3,2,5,4,0,1,0,3,2,14,22.6,0,0,7,8,10
Diego Gómez,PAR,MF,Brighton,Premier League,21,2003,3,0,63.0,0.7,2.8,-5.71,0,0,0,0,0.0,0.0,0.0,0.0,0.0,1,0,0,0,0.0,0.0,0.0,0.0,76.6,509,80,0,0,0,0,1,0,1.43,0.0,0,2,0,62,1,100.0,1,123,30,1,1,36,37,13,0,4,0,4,1,1,4,0,1,3,7,50.0,0,0,0,0,0
Joe Gomez,ENG,DF,Liverpool,Premier League,27,1997,9,6,519.0,5.8,23.1,1.56,0,0,0,0,0.3,0.1,0.1,0.3,0.4,5,1,3,2,66.7,0.52,0.0,11.9,88.7,6689,2299,2,29,0,1,2,0,0.87,0.17,5,35,2,481,0,0.0,0,1638,947,1,2,335,264,37,5,13,7,20,20,2,9,7,1,10,34,69.2,1,0,2,3,0
Moi Gómez,ESP,MF,Osasuna,La Liga,30,1994,18,4,567.0,6.3,26.3,-1.59,0,0,0,0,0.3,0.7,0.5,0.3,0.8,13,0,3,0,0.0,0.48,0.0,14.9,79.5,4228,1205,7,32,10,0,20,6,2.06,0.0,9,39,12,393,19,47.4,9,1052,349,6,7,285,231,104,6,11,5,16,4,1,3,5,2,7,44,29.4,1,0,9,5,1
Sergi Gómez,ESP,DF,Espanyol,La Liga,32,1992,11,6,652.0,7.2,30.2,-0.97,0,0,0,0,0.3,0.0,0.0,0.3,0.3,4,0,2,1,50.0,0.28,0.0,8.7,88.8,6063,1896,0,3,0,0,1,0,0.55,0.0,0,8,1,415,0,0.0,0,851,376,1,0,291,129,8,4,8,7,15,36,0,12,1,0,5,15,35.5,1,0,6,1,0
Sergio Gómez,ESP,MF,Real Sociedad,La Liga,24,2000,23,20,1741.0,19.3,80.6,-0.21,0,0,4,4,0.6,5.3,6.3,0.6,7.0,70,6,12,6,50.0,0.62,0.0,26.6,75.4,12126,3245,33,54,17,1,141,7,3.62,0.31,33,74,103,1191,28,46.4,13,3108,1364,28,10,702,546,466,27,51,15,66,19,1,31,22,8,32,100,41.4,2,0,20,8,4
Unai Gómez,ESP,MF,Athletic Club,La Liga,21,2003,20,6,677.0,7.5,31.3,0.27,1,1,2,3,1.0,0.6,0.7,1.0,1.7,16,2,10,2,20.0,1.33,0.1,17.7,67.2,1802,452,6,13,1,2,13,0,2.13,0.27,10,16,28,257,21,42.9,9,674,352,13,13,151,123,101,13,6,2,8,8,0,8,3,1,2,22,50.0,1,0,8,13,0
Fabio González,ESP,MF,Las Palmas,La Liga,28,1997,2,0,53.0,0.6,2.5,1.7,0,0,0,0,0.1,0.0,0.0,0.1,0.1,2,1,2,0,0.0,3.4,0.0,16.5,81.1,756,181,0,5,0,0,1,0,3.4,1.7,0,6,0,57,0,0.0,0,178,85,1,0,42,41,11,2,0,0,0,0,0,0,0,0,0,3,100.0,0,0,1,0,0
Nicolás González,ESP,MF,City,Premier League,23,2002,1,1,90.0,1.0,4.0,4.0,0,0,0,0,0.0,0.0,0.0,0.0,0.0,1,0,0,0,0.0,0.0,0.0,0.0,97.1,1392,355,0,13,0,0,0,0,1.0,0.0,1,6,3,112,0,0.0,0,233,89,3,0,93,74,19,0,3,1,4,0,0,2,2,0,0,4,0.0,0,0,0,1,0
Nicolás González,ARG,FW,Juventus,Serie A,26,1998,14,11,877.0,9.7,4.0,4.0,1,1,2,3,2.1,0.0,0.5,2.1,2.6,1,0,0,0,0.0,0.0,0.0,0.0,97.1,1392,355,0,13,0,0,0,0,1.0,0.0,15,26,63,112,0,0.0,0,233,89,3,0,93,74,19,0,3,1,4,0,0,2,2,0,0,4,0.0,0,0,0,1,0
Urko González,ESP,MF,Espanyol,La Liga,23,2001,3,2,155.0,1.7,7.2,0.58,0,0,0,0,0.0,0.0,0.0,0.0,0.0,0,0,0,0,0.0,0.0,0.0,0.0,79.5,613,97,0,1,0,0,0,0,0.0,0.0,1,3,0,71,2,50.0,1,189,93,2,3,32,44,3,0,8,3,11,5,0,4,4,1,5,9,40.0,1,0,2,0,0
Urko González,ESP,MF,Real Sociedad,La Liga,23,2001,1,1,45.0,0.5,7.2,0.58,0,0,0,0,0.0,0.0,0.0,0.0,0.0,0,0,0,0,0.0,0.0,0.0,0.0,79.5,613,97,0,1,0,0,0,0,0.0,0.0,0,1,0,71,2,50.0,1,189,93,2,3,32,44,3,0,8,3,11,5,0,4,4,1,5,9,40.0,1,0,2,0,0
Anthony Gordon,ENG,FW,Newcastle,Premier League,23,2001,24,23,1928.0,21.4,85.7,0.51,6,5,5,11,7.4,4.6,4.9,5.8,10.7,92,11,49,15,30.6,2.29,0.1,16.3,72.0,8502,2894,49,50,43,9,104,15,4.3,0.51,98,75,179,1005,86,38.4,33,4867,2643,27,29,715,370,548,113,25,6,31,9,2,24,14,3,15,84,45.5,2,0,16,53,7
Leon Goretzka,GER,MF,Bayern,Bundesliga,30,1995,16,7,749.0,8.3,37.8,2.16,3,3,1,4,1.9,1.1,1.3,1.9,3.2,20,2,19,7,36.8,2.28,0.16,20.0,89.9,10083,2493,8,72,10,5,3,0,2.4,0.24,26,70,15,794,7,85.7,6,2580,1393,3,2,612,505,175,18,15,11,26,11,1,17,10,1,8,45,62.5,1,0,8,6,0
Mathieu Gorgelin,FRA,GK,Le Havre,Ligue 1,34,1990,5,5,450.0,5.0,22.7,-0.4,0,0,0,0,0.0,0.0,0.0,0.0,0.0,1,0,0,0,0.0,0.0,0.0,0.0,78.9,3563,2201,0,1,0,0,0,0,0.2,0.0,0,0,0,192,1,100.0,1,542,326,0,0,90,3,0,0,1,0,1,4,0,0,0,0,1,4,75.0,0,0,0,0,0
Andoni Gorosabel,ESP,DF,Athletic Club,La Liga,28,1996,11,9,751.0,8.3,34.8,0.24,0,0,1,1,0.3,0.8,1.0,0.3,1.4,21,1,2,1,50.0,0.24,0.0,22.2,85.5,5727,1633,8,37,6,0,19,4,2.52,0.12,10,27,28,540,4,50.0,2,879,360,10,9,305,280,141,7,22,7,29,26,0,9,5,3,10,33,35.0,1,0,12,0,1
Robin Gosens,GER,DF,Fiorentina,Serie A,30,1994,23,21,1848.0,20.5,82.1,0.68,2,2,4,6,1.3,1.4,1.9,1.3,3.2,51,10,16,5,31.3,0.78,0.13,15.1,76.8,13023,5076,21,57,26,1,43,9,2.48,0.49,25,80,56,1184,8,37.5,3,2633,1330,21,3,709,519,264,37,48,14,62,67,0,20,14,7,29,46,68.0,5,0,17,16,4
Robin Gosens,GER,DF,Union Berlin,Bundesliga,30,1994,1,1,90.0,1.0,82.1,0.68,0,0,0,0,0.0,1.4,0.1,0.0,0.2,51,10,16,5,31.3,0.78,0.13,15.1,76.8,13023,5076,21,57,26,1,43,9,2.48,0.49,1,4,5,1184,8,37.5,3,2633,1330,21,3,709,519,264,37,48,14,62,67,0,20,14,7,29,46,68.0,5,0,17,16,4
Mario Götze,GER,MF,Eint Frankfurt,Bundesliga,32,1992,17,14,1122.0,12.5,56.7,1.28,2,2,2,4,1.4,1.5,1.8,1.4,3.2,34,2,6,4,66.7,0.48,0.33,11.6,78.7,6285,1704,21,37,11,3,24,1,2.73,0.16,18,54,67,704,15,40.0,6,1775,894,18,13,502,332,256,31,29,6,35,7,0,10,12,3,19,68,18.2,1,0,11,11,1
Amine Gouiri,ALG,FW,Marseille,Ligue 1,25,2000,3,2,187.0,2.1,9.4,3.85,2,2,3,5,1.7,1.2,2.2,1.7,3.9,23,5,13,7,53.8,6.26,0.15,15.9,83.7,1067,294,11,1,3,1,16,0,11.07,2.41,7,6,27,108,3,33.3,1,342,186,4,2,79,25,81,23,1,0,1,1,0,2,0,1,1,4,0.0,0,0,2,1,1
Amine Gouiri,ALG,MF,Rennes,Ligue 1,25,2000,19,11,1037.0,11.5,9.4,3.85,3,3,2,5,3.5,1.2,0.4,3.5,3.9,23,5,13,7,53.8,6.26,0.15,15.9,83.7,1067,294,11,1,3,1,16,0,11.07,2.41,22,46,63,108,3,33.3,1,342,186,4,2,79,25,81,23,1,0,1,1,0,2,0,1,1,4,0.0,0,0,2,1,1
Lucas Gourna-Douath,FRA,MF,Roma,Serie A,21,2003,2,2,137.0,1.5,6.1,1.31,0,0,0,0,0.1,0.1,0.0,0.1,0.1,1,0,1,0,0.0,0.66,0.0,15.8,92.5,1155,227,1,8,0,0,2,0,0.66,0.0,2,7,6,96,1,0.0,0,194,90,0,2,72,59,25,2,5,0,5,1,0,1,2,0,2,4,0.0,2,0,4,2,1
Jeffrey Gouweleeuw,NED,DF,Augsburg,Bundesliga,33,1991,21,21,1864.0,20.7,94.1,-0.34,0,0,2,2,1.3,2.0,1.3,0.5,1.8,22,3,8,0,0.0,0.39,0.0,20.9,81.2,18003,8213,8,93,16,2,13,2,1.06,0.14,15,88,10,1262,9,55.6,5,3763,2103,14,5,747,615,87,26,33,22,55,110,0,24,12,3,18,75,70.5,7,0,18,6,2
Kamil Grabara,POL,GK,Wolfsburg,Bundesliga,26,1999,20,20,1775.0,19.7,89.6,0.46,0,0,0,0,0.0,0.1,0.0,0.0,0.0,6,0,0,0,0.0,0.0,0.0,0.0,66.2,15418,10477,2,27,2,1,0,0,0.3,0.0,0,2,0,821,1,100.0,1,2126,1294,0,0,478,23,0,0,0,0,0,8,2,1,0,0,0,25,100.0,2,0,0,0,0
Jonathan Gradit,FRA,DF,Lens,Ligue 1,32,1992,15,14,1215.0,13.5,61.4,-0.15,0,0,0,0,0.3,0.4,0.4,0.3,0.7,14,0,9,3,33.3,0.67,0.0,19.9,83.2,11464,4894,5,65,6,1,7,2,1.04,0.0,9,71,2,892,5,40.0,2,2042,1084,8,3,594,492,55,8,23,16,39,64,1,13,9,2,13,42,65.2,3,0,24,6,0
José Gragera,ESP,MF,Espanyol,La Liga,24,2000,10,7,569.0,6.3,26.3,-1.27,0,0,0,0,0.0,0.1,0.0,0.0,0.1,7,0,2,0,0.0,0.32,0.0,20.3,87.6,3436,848,1,14,0,0,0,0,1.11,0.0,1,14,3,284,4,25.0,1,457,216,3,1,164,190,21,4,25,5,30,13,0,9,14,0,16,18,68.8,0,0,18,8,0
Samuel Grandsir,FRA,MF,Le Havre,Ligue 1,28,1996,6,0,84.0,0.9,4.2,-7.5,0,0,0,0,0.0,0.3,0.6,0.0,0.6,4,0,0,0,0.0,0.0,0.0,0.0,62.5,357,133,3,8,2,1,5,1,4.29,0.0,5,6,5,42,2,0.0,0,182,102,0,1,23,22,16,0,5,0,5,0,0,2,3,2,5,9,0.0,0,0,2,0,0
Alberto Grassi,ITA,MF,Empoli,Serie A,29,1995,16,15,1176.0,13.1,52.3,-0.61,0,0,0,0,0.5,0.3,0.2,0.5,0.7,14,1,3,1,33.3,0.23,0.0,14.0,75.8,5868,1736,5,27,5,1,5,0,1.07,0.08,10,35,11,584,6,50.0,3,1253,514,14,10,317,322,86,10,25,20,45,25,1,15,12,4,13,69,45.5,6,0,16,22,1
Ryan Gravenberch,NED,MF,Liverpool,Premier League,22,2002,25,25,2135.0,23.7,94.9,1.48,0,0,2,2,0.9,2.8,2.7,0.9,3.5,48,6,13,3,23.1,0.55,0.0,23.5,89.4,17703,4655,21,105,28,6,5,1,2.02,0.25,49,127,39,1603,46,52.2,24,5123,2658,34,15,1147,944,352,18,47,44,91,36,0,25,22,9,24,130,73.9,5,0,36,35,0
Archie Gray,ENG,DF,Tottenham,Premier League,18,2006,18,10,975.0,10.8,43.3,0.0,0,0,0,0,0.0,0.1,0.0,0.0,0.0,2,0,1,1,100.0,0.09,0.0,24.6,88.7,11041,3532,0,24,0,0,5,0,0.18,0.0,3,25,7,818,7,57.1,4,2493,1029,3,7,608,370,50,1,10,8,18,33,2,12,4,3,4,45,61.5,0,0,6,5,0
Jack Grealish,ENG,FW,City,Premier League,29,1995,15,6,608.0,6.8,27.0,0.89,0,0,1,1,0.8,1.5,1.7,0.8,2.4,40,2,13,4,30.8,1.92,0.0,16.7,87.0,4826,815,22,16,13,0,20,0,5.91,0.3,66,43,111,438,25,52.0,13,2560,1591,8,12,358,132,276,65,9,2,11,4,1,10,2,3,5,20,14.3,3,0,3,21,0
Jacob Greaves,ENG,DF,Ipswich Town,Premier League,24,2000,15,15,1350.0,15.0,60.0,-0.93,1,1,0,1,0.7,0.1,0.0,0.7,0.7,8,0,7,3,42.9,0.47,0.14,9.1,86.6,9655,3648,2,36,0,0,0,0,0.53,0.0,2,32,4,840,2,50.0,1,1441,550,6,2,524,326,36,13,23,16,39,87,2,19,13,1,11,30,63.4,3,0,8,11,1
Mason Greenwood,ENG,FW,Marseille,Ligue 1,23,2001,22,22,1865.0,20.7,94.2,1.11,14,9,3,17,10.9,6.3,4.0,6.0,10.1,82,15,71,30,42.3,3.43,0.13,20.0,78.3,12465,2927,27,51,49,10,81,11,3.96,0.72,85,97,193,1176,90,44.4,40,4698,2459,36,31,960,497,608,102,30,8,38,5,2,3,12,8,15,67,50.0,1,0,15,28,1
Michael Gregoritsch,AUT,FW,Freiburg,Bundesliga,30,1994,13,4,414.0,4.6,20.9,-0.22,1,1,1,2,1.2,0.3,0.2,1.2,1.4,15,5,11,4,36.4,2.39,0.09,15.0,64.1,1071,270,4,7,3,0,1,0,3.25,1.08,6,17,21,145,6,50.0,3,320,163,8,8,100,69,61,21,3,0,3,6,0,2,0,2,2,13,45.7,2,0,4,5,3
Dominik Greif,SVK,GK,Mallorca,La Liga,27,1997,19,19,1710.0,19.0,79.2,-0.21,0,0,0,0,0.0,0.1,0.0,0.0,0.0,3,0,0,0,0.0,0.0,0.0,0.0,70.6,14439,11416,0,10,1,0,0,0,0.16,0.0,0,0,0,684,0,0.0,0,1940,1072,1,0,331,8,0,0,0,0,0,5,1,0,0,0,0,26,85.7,1,0,0,3,0
Antoine Griezmann,FRA,FW,Atleti,La Liga,33,1991,24,20,1737.0,19.3,80.4,0.83,8,7,4,12,6.0,3.8,4.7,4.4,9.1,65,9,32,13,40.6,1.66,0.22,17.0,72.6,11527,3256,34,79,30,7,109,7,3.37,0.47,33,100,113,1137,21,47.6,10,2660,1335,31,13,849,490,508,69,24,5,29,16,1,11,9,4,14,59,45.5,2,0,9,20,8
Vincenzo Grifo,ITA,FW,Freiburg,Bundesliga,31,1993,22,20,1553.0,17.3,78.4,0.06,6,6,7,13,5.8,5.1,4.2,3.5,7.6,83,10,48,18,37.5,2.78,0.13,21.3,77.7,14203,3852,43,70,31,7,90,4,4.81,0.58,35,84,94,1193,33,54.5,18,3309,1650,24,11,831,635,400,43,13,3,16,10,0,13,7,1,11,93,55.6,2,0,8,10,2
Florian Grillitsch,AUT,MF,Valladolid,La Liga,29,1995,2,1,70.0,0.8,3.2,-3.86,0,0,0,0,0.0,0.1,0.1,0.0,0.1,4,0,1,1,100.0,1.29,0.0,15.3,75.0,241,120,1,2,1,1,1,0,5.07,0.0,0,1,1,32,3,66.7,2,93,54,1,2,25,20,6,3,0,0,0,1,0,2,0,0,0,1,0.0,0,0,0,2,0
Florian Grillitsch,AUT,MF,Hoffenheim,Bundesliga,29,1995,8,8,601.0,6.7,3.2,-3.86,0,0,0,0,0.2,0.1,0.2,0.2,0.3,4,0,1,1,100.0,1.29,0.0,15.3,75.0,241,120,1,2,1,1,1,0,5.07,0.0,4,44,4,32,3,66.7,2,93,54,1,2,25,20,6,3,0,0,0,1,0,2,0,0,0,1,0.0,0,0,0,2,0
Álex Grimaldo,ESP,DF,Leverkusen,Bundesliga,29,1995,20,20,1731.0,19.2,87.4,1.3,2,2,4,6,2.1,5.7,5.6,2.1,7.7,91,8,33,11,33.3,1.72,0.06,21.0,82.3,16226,4733,51,73,37,4,137,16,4.73,0.42,62,110,183,1518,35,37.1,13,3903,2116,40,9,1094,569,743,65,17,13,30,23,2,13,5,4,8,95,57.1,5,1,10,18,6
Pascal Groß,GER,MF,Dortmund,Bundesliga,33,1991,20,18,1461.0,16.2,73.8,-0.06,0,0,2,2,0.8,3.6,2.1,0.8,2.9,54,5,13,3,23.1,0.8,0.0,20.1,82.4,19338,5706,35,82,21,2,119,10,3.33,0.31,24,114,70,1457,5,20.0,1,3374,1577,12,4,1045,793,400,25,31,8,39,15,1,22,18,5,19,58,32.1,4,1,12,7,0
Brajan Gruda,GER,FW,Brighton,Premier League,20,2004,11,5,367.0,4.1,16.3,-0.74,0,0,0,0,0.3,0.5,0.5,0.3,0.8,16,0,3,2,66.7,0.74,0.0,18.6,72.7,1287,426,10,4,7,0,13,1,3.91,0.0,14,13,39,192,17,35.3,6,808,399,6,16,125,64,103,22,9,2,11,3,0,7,5,2,4,15,40.0,0,0,3,6,1
Marco Grüll,AUT,FW,Werder Bremen,Bundesliga,26,1998,20,12,994.0,11.0,50.2,-0.72,5,5,1,6,3.3,1.4,1.6,3.3,4.9,32,3,19,8,42.1,1.72,0.26,14.4,75.4,2532,657,9,17,12,2,19,3,2.9,0.27,19,29,74,399,33,33.3,11,1338,506,34,36,296,174,199,45,9,3,12,5,0,11,3,5,6,33,25.0,1,0,18,25,6
Albert Grønbaek,DEN,MF,Southampton,Premier League,23,2001,1,1,69.0,0.8,3.1,0.0,0,0,0,0,0.1,0.0,0.0,0.1,0.1,1,0,2,0,0.0,2.61,0.0,22.4,90.0,85,27,0,2,0,0,0,0,1.3,0.0,1,0,1,22,2,0.0,0,34,7,2,1,12,8,11,2,4,0,4,0,0,1,1,2,1,4,0.0,0,0,0,0,0
Albert Grønbaek,DEN,MF,Rennes,Ligue 1,23,2001,16,9,813.0,9.0,3.1,0.0,2,2,1,3,1.5,0.0,1.0,1.5,2.5,1,0,2,0,0.0,2.61,0.0,22.4,90.0,85,27,0,2,0,0,0,0,1.3,0.0,23,30,58,22,2,0.0,0,34,7,2,1,12,8,11,2,4,0,4,0,0,1,1,2,1,4,0.0,0,0,0,0,0
Vicente Guaita,ESP,GK,Celta Vigo,La Liga,38,1987,20,20,1800.0,20.0,83.3,-0.2,0,0,0,0,0.0,0.0,0.0,0.0,0.0,1,0,0,0,0.0,0.0,0.0,0.0,81.4,11137,7012,0,1,0,0,0,0,0.05,0.0,0,0,0,613,0,0.0,0,1747,1068,2,0,256,4,0,0,0,0,0,12,1,0,0,0,0,48,100.0,0,0,0,3,0
Sergi Guardiola,ESP,FW,Rayo,La Liga,33,1991,7,0,166.0,1.8,8.0,2.17,0,0,0,0,0.9,0.1,0.1,0.9,1.0,6,0,4,1,25.0,2.17,0.0,10.3,67.4,386,117,3,1,1,0,2,0,3.25,0.0,0,2,13,68,1,0.0,0,143,51,5,3,53,27,33,10,3,0,3,2,0,0,3,0,2,4,28.6,0,0,4,6,0
Nemanja Gudelj,SRB,DF,Sevilla,La Liga,33,1991,22,21,1868.0,20.8,86.5,0.05,0,0,1,1,0.4,0.9,0.6,0.4,1.0,28,2,14,3,21.4,0.67,0.0,27.1,86.3,15976,4768,13,59,6,1,29,0,1.35,0.1,10,46,5,1293,5,60.0,3,2426,1094,14,3,804,647,117,3,31,21,52,66,0,19,17,4,15,55,63.3,4,0,18,13,0
Gabriel Gudmundsson,SWE,DF,Lille,Ligue 1,25,1999,21,15,1325.0,14.7,66.9,0.2,2,2,0,2,0.6,1.5,1.0,0.6,1.6,24,0,15,4,26.7,1.02,0.13,18.6,82.5,10714,2915,14,48,17,1,50,10,1.63,0.0,57,74,93,960,40,40.0,16,3766,2015,16,17,638,422,309,29,26,10,36,24,3,14,13,6,19,57,62.5,3,0,24,31,4
Gonçalo Guedes,POR,MF,Wolves,Premier League,28,1996,22,7,740.0,8.2,32.9,-0.49,2,2,4,6,2.2,0.6,1.1,2.2,3.2,22,8,18,7,38.9,2.19,0.11,19.9,73.4,3017,752,11,13,14,0,16,5,2.68,0.97,28,28,54,350,20,25.0,5,1531,762,33,13,233,154,169,25,14,4,18,3,0,9,5,7,4,31,25.0,1,0,14,14,3
Axel Gueguin,FRA,FW,Montpellier,Ligue 1,19,2005,1,0,23.0,0.3,1.2,0.0,0,0,0,0,0.0,0.1,0.0,0.0,0.0,0,0,0,0,0.0,0.0,0.0,0.0,83.3,75,34,0,0,0,0,1,0,0.0,0.0,0,1,1,9,1,0.0,0,4,1,1,0,4,3,4,1,1,0,1,0,0,0,1,0,1,0,0.0,0,0,4,0,0
Marc Guéhi,ENG,DF,Crystal Palace,Premier League,24,2000,24,24,2160.0,24.0,96.0,-0.17,3,3,2,5,1.6,1.1,1.1,1.6,2.7,24,3,11,6,54.5,0.46,0.27,9.5,82.4,21074,8799,8,91,8,5,10,2,1.0,0.12,11,100,7,1549,12,83.3,10,4122,2103,13,10,964,648,94,23,40,15,55,116,1,44,11,2,22,110,60.4,5,0,12,20,0
Mattéo Guendouzi,FRA,MF,Lazio,Serie A,25,1999,25,25,2203.0,24.5,97.9,0.53,1,1,3,4,0.9,2.1,2.6,0.9,3.5,78,6,19,4,21.1,0.78,0.05,20.9,90.1,23854,6347,28,203,19,6,16,3,3.19,0.25,69,219,41,1608,19,73.7,14,6541,3754,18,12,1227,1035,355,25,22,23,45,29,1,22,12,5,12,114,50.0,3,0,19,24,1
Javier Guerra,ESP,MF,Valencia,La Liga,22,2003,23,18,1525.0,16.9,70.6,-0.3,1,1,2,3,1.1,1.8,2.0,1.1,3.1,37,4,25,4,16.0,1.48,0.04,24.2,75.5,9187,2758,13,62,14,3,33,4,2.18,0.24,24,76,43,918,43,41.9,18,2665,1340,35,36,609,516,229,26,36,10,46,27,1,8,14,10,18,95,45.8,1,0,17,22,0
Raphaël Guerreiro,POR,DF,Bayern,Bundesliga,31,1993,16,14,1155.0,12.8,58.3,2.18,1,1,2,3,0.9,4.1,2.5,0.9,3.4,46,7,12,4,33.3,0.94,0.08,18.4,88.4,12159,3076,25,59,17,6,24,1,3.58,0.55,29,61,89,1103,16,43.8,7,2575,1241,14,9,823,504,413,37,13,9,22,12,1,8,4,3,8,75,40.0,0,0,5,6,0
Evann Guessand,CIV,FW,Nice,Ligue 1,23,2001,22,22,1880.0,20.9,94.9,0.72,9,9,6,15,6.9,4.0,4.2,6.9,11.1,73,14,47,20,42.6,2.25,0.19,12.5,76.3,4520,1259,28,36,21,7,26,4,3.49,0.67,66,62,115,669,71,47.9,34,2947,1806,51,52,496,316,309,92,33,12,45,12,0,16,14,10,21,73,42.9,2,0,32,50,8
Ander Guevara,ESP,MF,Alaves,La Liga,27,1997,22,15,1406.0,15.6,65.1,-0.06,0,0,1,1,0.4,0.4,0.5,0.4,0.9,27,5,7,1,14.3,0.45,0.0,21.7,77.2,9890,2829,8,73,6,0,3,0,1.73,0.32,11,80,13,873,13,53.8,7,1743,874,13,15,477,549,130,9,37,8,45,32,1,18,21,1,23,81,41.3,1,0,23,14,0
Pape Gueye,SEN,MF,Villarreal,La Liga,26,1999,22,18,1546.0,17.2,71.6,0.47,2,2,0,2,2.3,1.3,0.8,2.3,3.0,34,6,38,11,28.9,2.21,0.05,17.7,79.7,11365,3857,11,83,15,6,12,2,1.98,0.35,27,106,52,993,25,32.0,8,2778,1463,29,16,693,563,208,46,41,18,59,35,1,18,17,7,20,88,50.0,5,1,25,47,4
Morgan Guilavogui,GUI,FW,St. Pauli,Bundesliga,26,1998,18,16,1308.0,14.5,66.1,0.14,5,5,1,6,5.8,1.6,1.7,5.8,7.5,41,2,32,9,28.1,2.2,0.16,13.9,66.3,3636,964,22,24,8,1,10,3,2.82,0.14,28,31,95,645,37,43.2,16,1530,709,42,19,424,289,275,71,31,11,42,27,0,25,16,5,16,53,50.0,5,0,33,23,8
Frederic Guilbert,FRA,DF,Lecce,Serie A,30,1994,20,20,1588.0,17.6,70.6,-0.45,0,0,0,0,0.2,1.3,1.2,0.2,1.4,22,1,6,0,0.0,0.34,0.0,26.3,77.2,12099,5206,10,50,12,3,34,8,1.25,0.06,28,53,32,1093,29,41.4,12,2443,1238,19,6,523,524,201,3,48,31,79,81,3,18,23,6,24,58,60.0,2,2,20,16,1
Luis Guilherme,BRA,MF,West Ham,Premier League,19,2006,7,0,57.0,0.6,2.5,-3.16,0,0,0,0,0.0,0.1,0.0,0.0,0.1,6,0,1,0,0.0,1.58,0.0,23.7,81.5,367,116,2,0,3,0,5,2,9.47,0.0,1,2,6,44,4,0.0,0,152,73,1,0,26,11,21,2,1,2,3,1,0,6,0,0,0,4,50.0,0,0,0,2,0
Hugo Guillamón,ESP,MF,Valencia,La Liga,25,2000,11,4,363.0,4.0,16.8,-1.49,0,0,0,0,0.1,0.3,0.0,0.1,0.1,7,1,2,1,50.0,0.5,0.0,24.6,81.9,2607,748,2,11,4,0,1,1,1.73,0.25,0,15,5,227,2,50.0,1,364,129,3,3,146,128,37,1,11,5,16,9,1,3,9,1,8,21,55.6,2,0,6,4,1
Bruno Guimarães,BRA,MF,Newcastle,Premier League,27,1997,25,25,2159.0,24.0,96.0,0.5,2,2,6,8,2.2,4.1,5.1,2.2,7.3,85,14,29,6,20.7,1.21,0.07,17.9,82.7,16369,5578,36,120,46,20,15,4,3.55,0.58,32,182,58,1475,58,41.4,24,5452,2316,37,63,1106,767,395,39,55,21,76,27,3,22,19,8,34,122,58.3,4,0,37,83,2
Carlos Guirao,ESP,MF,Betis,La Liga,21,2003,2,2,110.0,1.2,0.0,0.0,0,0,0,0,0.0,0.0,0.0,0.0,0.0,0,0,0,0,0.0,0.0,0.0,0.0,78.3,539,117,0,3,0,0,0,0,0.0,0.0,1,2,2,60,1,100.0,1,134,60,1,2,34,38,10,1,5,3,8,2,0,1,4,0,3,6,66.7,0,0,4,0,0
Bahereba Guirassy,FRA,FW,Nantes,Ligue 1,18,2006,13,2,297.0,3.3,15.0,-0.91,2,2,0,2,0.6,0.1,0.1,0.6,0.6,8,2,5,3,60.0,1.52,0.4,14.7,69.7,951,222,1,4,1,1,5,0,2.42,0.61,13,6,29,157,24,37.5,9,616,308,8,12,100,62,74,12,8,0,8,3,0,8,2,3,5,20,35.7,0,0,3,2,0
Serhou Guirassy,GUI,FW,Dortmund,Bundesliga,28,1996,19,19,1691.0,18.8,85.4,-0.37,9,7,1,10,10.7,1.4,2.4,9.1,11.5,27,4,50,17,34.0,2.66,0.14,12.5,73.7,3626,562,14,18,7,7,0,0,1.44,0.21,10,24,78,579,21,28.6,6,1334,440,46,20,454,308,227,87,3,3,6,23,0,7,0,2,2,27,51.5,2,0,12,36,7
Marc Guiu,ESP,FW,Chelsea,Premier League,19,2006,3,0,73.0,0.8,3.2,0.0,0,0,0,0,0.0,0.0,0.0,0.0,0.0,1,0,0,0,0.0,0.0,0.0,0.0,68.8,110,4,1,0,0,0,0,0,1.22,0.0,0,0,3,22,1,0.0,0,30,8,2,0,12,8,12,3,1,0,1,0,0,0,1,0,1,2,0.0,0,0,0,0,0
Péter Gulácsi,HUN,GK,RB Leipzig,Bundesliga,34,1990,21,21,1845.0,20.5,93.2,0.15,0,0,0,0,0.0,0.0,0.0,0.0,0.0,1,0,0,0,0.0,0.0,0.0,0.0,82.9,12404,7389,0,1,0,0,0,0,0.05,0.0,0,0,0,683,0,0.0,0,1555,793,1,0,307,14,0,0,0,0,0,7,3,0,0,0,0,24,85.7,0,0,0,0,0
Arda Güler,TUR,MF,Real Madrid,La Liga,19,2005,16,6,608.0,6.8,28.1,0.89,1,1,3,4,1.8,1.9,1.7,1.8,3.5,35,6,19,8,42.1,2.81,0.05,18.9,86.1,5125,1195,18,33,14,3,17,2,5.18,0.89,17,38,47,466,26,42.3,11,1473,716,12,6,354,188,218,26,16,3,19,6,0,10,3,7,6,28,50.0,1,0,10,20,4
Gerard Gumbau,ESP,MF,Rayo,La Liga,30,1994,11,4,473.0,5.3,22.9,-0.57,0,0,1,1,0.5,0.5,1.0,0.5,1.5,17,1,6,3,50.0,1.14,0.0,19.2,68.6,2636,915,10,20,3,0,25,1,3.23,0.19,1,18,16,265,3,33.3,1,378,143,4,2,158,137,71,6,13,3,16,10,0,6,5,1,11,12,41.7,2,0,12,4,2
Robert Gumny,POL,DF,Augsburg,Bundesliga,26,1998,4,1,147.0,1.6,7.4,0.0,0,0,0,0,0.2,0.3,0.4,0.2,0.5,5,0,2,2,100.0,1.22,0.0,16.4,74.7,858,356,2,2,1,0,2,1,3.06,0.0,3,6,6,94,4,25.0,1,187,83,2,1,45,33,34,2,2,0,2,5,0,1,1,0,2,8,50.0,2,0,3,3,0
İlkay Gündoğan,GER,MF,City,Premier League,34,1990,22,16,1430.0,15.9,63.6,0.69,0,0,2,2,1.6,3.0,2.0,1.6,3.7,50,6,16,4,25.0,1.01,0.0,18.4,89.5,15819,2970,26,72,16,7,45,1,3.15,0.38,38,95,59,1272,24,54.2,13,4257,1992,18,15,1010,613,475,43,17,12,29,17,0,9,9,4,10,74,61.1,1,0,10,18,0
Christian Günter,GER,DF,Freiburg,Bundesliga,31,1993,21,21,1790.0,19.9,90.4,-0.15,2,2,1,3,0.7,3.2,1.3,0.5,1.9,38,2,18,6,33.3,0.91,0.11,22.5,75.1,10944,3239,20,42,20,2,88,15,1.91,0.1,16,34,82,1019,5,40.0,2,1684,800,8,3,602,422,318,22,18,8,26,35,0,19,6,1,16,49,29.4,0,0,12,3,4
Jon Guridi,ESP,MF,Alaves,La Liga,29,1995,22,18,1434.0,15.9,66.4,-0.19,2,1,0,2,1.7,0.6,0.6,0.9,1.5,32,6,14,8,57.1,0.88,0.07,16.8,77.3,6318,1584,12,42,8,1,13,2,2.01,0.38,20,60,55,651,14,35.7,5,1851,825,24,13,400,356,210,36,25,10,35,8,0,17,16,4,13,67,42.9,4,0,22,11,4
Gorka Guruzeta,ESP,FW,Athletic Club,La Liga,28,1996,23,13,1188.0,13.2,55.0,0.76,5,5,2,7,3.7,0.2,0.7,3.7,4.4,20,1,36,13,36.1,2.73,0.14,13.0,75.0,2824,286,11,12,0,0,2,0,1.52,0.08,4,15,42,408,11,54.5,6,722,227,28,16,264,207,168,50,10,5,15,14,0,21,9,1,4,40,31.0,2,0,31,15,3
Malo Gusto,FRA,DF,Chelsea,Premier League,21,2003,21,15,1366.0,15.2,60.7,0.53,0,0,1,1,1.5,1.4,1.0,1.5,2.5,40,3,18,2,11.1,1.19,0.0,21.1,86.4,14609,3562,14,78,11,1,37,4,2.64,0.2,34,79,67,1185,10,30.0,3,3137,1585,8,11,792,575,329,34,34,16,50,30,2,25,13,2,22,80,35.3,3,0,15,14,1
Miguel Gutiérrez,ESP,DF,Girona,La Liga,23,2001,21,21,1778.0,19.8,82.3,0.05,1,1,4,5,1.4,3.5,3.5,1.4,4.9,53,7,23,8,34.8,1.16,0.04,22.1,83.3,15595,3850,29,42,39,3,111,19,2.68,0.35,45,84,151,1317,40,47.5,19,4037,1706,28,16,881,493,553,41,31,12,43,24,2,11,13,2,20,114,28.6,2,0,19,20,5
Albert Guðmundsson,ISL,MF,Fiorentina,Serie A,27,1997,14,9,683.0,7.6,30.4,0.4,4,2,0,4,2.6,0.5,0.9,1.1,1.9,23,2,15,5,33.3,1.98,0.13,22.8,78.4,2782,656,8,23,2,0,17,0,3.03,0.26,19,26,30,307,12,50.0,6,1259,553,13,7,205,151,119,17,6,5,11,5,1,4,2,2,2,27,25.0,1,0,8,14,0
Joško Gvardiol,CRO,DF,City,Premier League,23,2002,24,23,2108.0,23.4,93.7,0.77,5,5,0,5,4.2,2.2,1.6,3.8,5.4,53,6,34,11,32.4,1.45,0.15,13.4,90.4,24422,6193,19,141,17,1,19,1,2.26,0.26,57,165,87,1972,33,60.6,20,6461,3600,17,13,1439,896,630,73,38,25,63,70,6,29,11,10,25,93,62.1,1,0,10,16,2
Emmanuel Gyasi,GHA,DF,Empoli,Serie A,31,1994,25,25,2207.0,24.5,98.1,-0.57,2,2,1,3,2.6,1.0,0.5,2.6,3.1,20,3,12,6,50.0,0.49,0.17,9.5,78.7,9240,3371,8,34,9,1,22,3,0.82,0.12,15,37,73,986,26,61.5,16,1730,619,28,17,479,509,226,29,46,5,51,59,0,19,14,6,25,104,32.0,4,0,30,11,8
Christian Gytkjær,DEN,FW,Venezia,Serie A,34,1990,18,2,300.0,3.3,13.9,-0.6,1,1,0,1,0.7,0.1,0.1,0.7,0.9,3,0,6,2,33.3,1.8,0.17,15.4,56.7,473,50,3,3,1,0,0,0,0.9,0.0,2,1,20,101,0,0.0,0,196,47,11,5,81,55,39,9,3,0,3,4,0,1,1,0,1,8,30.0,0,0,6,2,3
Erling Haaland,NOR,FW,City,Premier League,24,2000,25,25,2210.0,24.6,98.2,0.65,19,18,3,22,18.3,1.7,2.7,16.8,19.5,58,7,92,51,55.4,3.75,0.2,12.0,64.8,2332,457,24,8,5,1,3,1,2.36,0.29,17,16,98,513,27,37.0,10,1207,444,37,20,388,165,317,158,7,4,11,21,0,9,2,3,4,19,53.8,2,0,20,12,4
Nicolas Haas,SUI,MF,Empoli,Serie A,29,1996,10,2,287.0,3.2,12.8,-0.31,0,0,0,0,0.0,0.0,0.1,0.0,0.1,8,0,1,0,0.0,0.31,0.0,31.7,81.8,1517,372,2,5,0,0,0,0,2.51,0.0,2,9,2,155,1,0.0,0,258,105,3,3,83,86,25,1,11,4,15,6,0,2,5,2,8,19,37.5,1,0,11,3,0
Janik Haberer,GER,MF,Union Berlin,Bundesliga,30,1994,17,11,876.0,9.7,44.2,0.21,0,0,0,0,0.4,1.3,0.1,0.4,0.6,20,0,9,1,11.1,0.92,0.0,21.0,75.1,5214,1468,2,24,4,1,10,0,2.05,0.0,5,32,13,516,3,0.0,0,870,356,1,5,293,288,92,10,16,8,24,20,0,9,9,2,11,48,28.0,0,0,12,6,1
Robin Hack,GER,FW,Gladbach,Bundesliga,26,1998,21,16,1276.0,14.2,64.4,0.71,2,2,4,6,2.4,1.9,1.5,2.4,3.9,38,6,32,13,40.6,2.26,0.06,20.9,78.5,5956,1631,12,30,18,8,25,6,2.68,0.42,30,53,85,673,40,40.0,16,2275,1041,33,24,466,326,240,45,15,5,20,17,0,10,5,3,12,69,50.0,4,0,15,13,5
Saad El Haddad,MAR,MF,Venezia,Serie A,19,2005,3,0,30.0,0.3,1.4,-3.0,0,0,0,0,0.0,0.0,0.0,0.0,0.0,2,0,0,0,0.0,0.0,0.0,0.0,78.6,169,13,1,1,0,0,0,0,6.0,0.0,1,1,6,22,0,0.0,0,110,35,4,2,15,14,8,1,0,0,0,0,0,0,0,0,0,1,0.0,0,0,1,1,0
Munir El Haddadi,MAR,FW,Leganés,La Liga,29,1995,15,6,512.0,5.7,23.7,0.0,2,2,0,2,0.6,0.3,0.6,0.6,1.2,8,1,8,4,50.0,1.41,0.25,21.0,69.0,1236,323,3,5,2,1,8,0,1.41,0.18,5,14,24,211,15,20.0,3,514,116,14,12,156,107,75,7,11,0,11,1,1,6,4,2,8,25,30.8,1,1,11,21,5
Amadou Haidara,MLI,MF,RB Leipzig,Bundesliga,27,1998,19,13,1002.0,11.1,50.6,0.72,0,0,1,1,0.6,1.0,0.8,0.6,1.4,21,2,12,0,0.0,1.08,0.0,19.7,81.1,9287,2787,4,49,12,6,11,2,1.89,0.18,6,47,15,874,9,66.7,6,1555,630,5,7,581,555,115,9,22,12,34,46,0,28,12,1,13,65,56.4,5,0,16,8,0
Massadio Haïdara,MLI,DF,Brest,Ligue 1,32,1992,11,10,786.0,8.7,39.7,0.57,0,0,0,0,0.2,0.3,0.2,0.2,0.4,7,0,6,0,0.0,0.69,0.0,20.3,77.8,4793,1968,2,25,3,0,26,0,0.8,0.0,15,38,35,518,12,41.7,5,963,586,10,3,280,262,105,6,11,12,23,47,0,5,4,0,7,30,68.4,3,1,11,18,0
Antoine Hainaut,FRA,DF,Parma,Serie A,22,2002,18,7,819.0,9.1,36.4,-0.66,1,1,0,1,0.6,0.9,0.4,0.6,1.0,13,2,5,2,40.0,0.55,0.2,19.6,75.2,4366,1839,4,22,10,0,16,4,1.43,0.22,20,28,27,488,19,52.6,10,1273,677,15,6,270,225,133,8,18,12,30,37,0,11,5,3,11,39,71.9,3,0,9,11,1
Mohamed Haj,TUN,MF,Parma,Serie A,19,2005,13,3,389.0,4.3,17.3,0.0,1,1,2,3,0.6,0.6,1.1,0.6,1.7,19,2,6,3,50.0,1.39,0.17,16.7,75.6,1509,482,8,12,5,0,7,3,4.36,0.46,6,12,24,181,12,33.3,4,427,174,9,1,117,74,83,17,2,4,6,5,0,3,1,0,1,13,55.6,3,0,4,10,0
Achraf Hakimi,MAR,DF,PSG,Ligue 1,26,1998,17,17,1478.0,16.4,74.6,2.07,2,2,5,7,2.2,4.4,5.1,2.2,7.3,79,8,22,8,36.4,1.34,0.09,18.7,88.7,18079,5304,39,89,27,2,62,8,4.81,0.49,73,118,203,1697,40,50.0,20,4427,2668,27,13,1293,687,710,60,38,23,61,11,2,18,15,8,29,101,43.8,2,0,11,21,6
Lewis Hall,ENG,DF,Newcastle,Premier League,20,2004,25,22,2009.0,22.3,89.3,0.67,0,0,3,3,0.4,3.5,4.0,0.4,4.5,59,4,11,1,9.1,0.49,0.0,18.8,81.7,20330,8080,31,105,15,3,102,4,2.64,0.18,37,114,72,1670,16,50.0,8,4117,2225,30,18,1017,728,387,45,45,16,61,69,2,30,18,8,31,107,51.8,3,0,8,19,1
Sébastien Haller,CIV,FW,Leganés,La Liga,30,1994,8,5,404.0,4.5,18.7,-1.56,0,0,0,0,0.4,0.2,0.2,0.4,0.6,4,0,4,1,25.0,0.89,0.0,14.1,60.0,648,93,1,4,0,2,0,0,0.89,0.0,3,4,14,129,3,33.3,1,227,105,17,5,94,66,45,11,2,0,2,7,0,1,0,1,0,10,60.5,0,0,4,5,7
Ali Al Hamadi,IRQ,FW,Ipswich Town,Premier League,22,2002,11,0,134.0,1.5,6.0,-2.69,0,0,0,0,0.4,0.0,0.1,0.4,0.4,8,0,4,0,0.0,2.69,0.0,15.7,83.3,278,29,2,0,0,0,0,0,5.37,0.0,4,3,14,53,7,57.1,4,187,111,7,4,36,20,30,9,1,0,1,2,0,0,0,1,0,4,35.7,3,0,8,3,1
Andreas Hanche-Olsen,NOR,DF,Mainz 05,Bundesliga,28,1997,11,5,542.0,6.0,27.4,0.0,0,0,1,1,0.2,0.4,0.2,0.2,0.5,2,1,3,0,0.0,0.5,0.0,10.5,82.4,3835,1221,1,14,0,0,0,0,0.33,0.17,1,16,3,325,0,0.0,0,596,275,2,1,197,142,9,4,7,3,10,30,1,13,3,1,2,13,71.4,3,1,14,2,0
Florent Hanin,ALG,DF,Angers,Ligue 1,35,1990,21,19,1646.0,18.3,83.1,-0.16,1,1,2,3,0.8,1.6,1.4,0.8,2.2,40,6,9,1,11.1,0.49,0.11,21.5,76.2,12343,5292,16,64,21,1,65,13,2.19,0.33,28,70,74,1214,11,36.4,4,2497,1356,20,3,687,523,297,14,40,31,71,65,2,13,10,7,33,83,34.3,1,0,7,20,0
Ridgeciano Haps,SUR,DF,Venezia,Serie A,31,1993,15,11,1013.0,11.3,46.9,-0.36,0,0,0,0,1.1,0.4,0.4,1.1,1.5,16,0,13,2,15.4,1.15,0.0,17.8,78.5,6173,2173,5,29,10,0,19,5,1.42,0.0,17,41,31,566,11,45.5,5,1568,958,5,4,333,262,106,18,17,6,23,39,0,14,2,1,10,38,36.4,3,0,10,11,0
Amine Harit,MAR,MF,Marseille,Ligue 1,27,1997,9,8,472.0,5.2,23.8,2.29,2,2,3,5,0.7,0.9,1.3,0.7,2.0,27,7,5,3,60.0,0.95,0.4,18.5,83.6,2667,787,16,18,6,3,6,0,5.15,1.33,12,33,21,273,17,47.1,8,1004,508,12,12,223,144,106,14,7,3,10,1,1,6,5,2,6,20,20.0,0,1,5,12,0
Marcus Harness,ENG,MF,Ipswich Town,Premier League,28,1996,2,0,45.0,0.5,2.0,-4.0,0,0,0,0,0.0,0.1,0.0,0.0,0.0,2,0,0,0,0.0,0.0,0.0,0.0,62.5,89,23,0,0,2,0,0,0,4.0,0.0,0,2,1,22,1,0.0,0,49,14,0,0,9,2,13,3,1,0,1,1,0,2,0,1,0,2,0.0,0,0,0,0,1
Phil Harres,GER,FW,Holstein Kiel,Bundesliga,22,2002,15,14,1143.0,12.7,57.7,-0.87,7,7,1,8,3.9,1.0,1.1,3.9,5.0,17,5,29,14,48.3,2.28,0.24,13.1,56.8,1822,273,8,10,2,0,2,1,1.34,0.39,8,9,50,349,17,29.4,5,734,270,47,22,234,190,122,43,10,4,14,10,0,10,4,3,10,30,44.7,1,0,26,17,4
Jack Harrison,ENG,FW,Everton,Premier League,28,1996,21,13,1156.0,12.8,51.4,-0.31,0,0,0,0,2.4,1.5,2.1,2.4,4.4,29,2,18,4,22.2,1.4,0.0,15.4,64.5,3121,1204,16,18,13,3,49,4,2.25,0.16,29,27,69,517,49,32.7,16,1603,780,34,31,350,182,245,43,22,6,28,20,2,9,6,7,15,47,20.0,0,0,8,19,3
Abdou Harroui,NED,MF,Hellas Verona,Serie A,27,1998,10,5,463.0,5.1,20.6,-0.78,1,1,2,3,2.2,0.6,0.4,2.2,2.6,15,3,15,4,26.7,2.92,0.07,17.7,79.2,2324,580,4,16,3,1,9,2,2.92,0.58,23,21,34,283,20,30.0,6,1241,631,12,10,203,144,105,17,9,2,11,5,0,5,3,0,6,22,53.3,1,0,10,3,0
Taylor Harwood-Bellis,ENG,DF,Southampton,Premier League,23,2002,23,22,1895.0,21.1,84.2,-1.42,1,1,0,1,1.6,0.5,0.8,1.6,2.3,29,2,16,6,37.5,0.76,0.06,10.3,88.0,25384,9146,11,135,6,3,9,0,1.38,0.09,19,92,7,1775,3,100.0,3,4466,2576,10,5,1297,822,131,28,21,25,46,91,6,49,8,3,14,87,62.1,7,0,25,11,0
Hans Hateboer,NED,DF,Rennes,Ligue 1,31,1994,21,15,1391.0,15.5,70.3,-0.13,0,0,0,0,0.4,1.2,1.4,0.4,1.8,23,1,7,0,0.0,0.45,0.0,14.8,84.2,13867,5009,13,66,10,0,29,4,1.49,0.06,19,77,54,1090,9,66.7,6,2868,1646,10,4,730,516,171,15,26,24,50,50,2,17,9,5,15,55,61.2,3,0,16,9,2
Kjetil Haug,NOR,GK,Toulouse,Ligue 1,26,1998,2,1,138.0,1.5,7.0,-0.65,0,0,0,0,0.0,0.0,0.0,0.0,0.0,0,0,0,0,0.0,0.0,0.0,0.0,56.8,737,571,0,1,0,0,0,0,0.0,0.0,0,0,0,42,0,0.0,0,113,61,0,0,15,1,0,0,0,0,0,2,0,0,0,0,0,1,0.0,0,0,0,0,0
Kai Havertz,GER,FW,Arsenal,Premier League,25,1999,21,21,1839.0,20.4,81.7,0.93,9,9,3,12,9.4,1.7,2.4,9.4,11.8,41,3,52,21,40.4,2.54,0.17,11.7,78.5,4833,1010,16,26,8,1,11,1,2.01,0.15,34,59,110,768,38,23.7,9,1957,922,42,22,575,282,403,103,16,6,22,31,1,22,6,7,9,39,45.9,4,0,36,21,14
Jan Paul van Hecke,NED,DF,Brighton,Premier League,24,2000,23,22,1970.0,21.9,87.6,0.09,0,0,1,1,0.8,1.1,1.0,0.8,1.7,41,3,10,2,20.0,0.46,0.0,15.6,89.2,28205,10705,12,152,11,3,10,4,1.87,0.14,39,168,5,1792,8,37.5,3,7442,5077,9,5,1278,922,124,21,31,19,50,82,2,27,13,1,20,93,58.7,4,0,16,11,0
Hwang Hee-chan,KOR,MF,Wolves,Premier League,29,1996,17,5,620.0,6.9,27.6,-1.45,2,2,0,2,0.8,0.3,0.1,0.8,0.9,9,1,5,3,60.0,0.73,0.4,17.4,81.2,1986,374,3,6,4,1,8,2,1.3,0.14,14,11,38,248,11,9.1,1,893,414,12,7,161,95,116,22,6,2,8,11,0,9,1,3,4,27,25.0,0,0,6,8,0
Dean Henderson,ENG,GK,Crystal Palace,Premier League,27,1997,25,25,2250.0,25.0,100.0,-0.12,0,0,0,0,0.0,0.0,0.0,0.0,0.0,2,0,1,0,0.0,0.04,0.0,14.9,61.2,13210,8492,1,9,0,0,0,0,0.08,0.0,0,0,0,872,0,0.0,0,2988,1326,2,0,390,2,1,1,2,1,3,15,0,0,0,0,1,19,90.9,3,0,0,0,0
Liam Henderson,SCO,MF,Empoli,Serie A,28,1996,24,16,1463.0,16.3,65.0,-0.68,0,0,2,2,0.2,1.8,2.6,0.2,2.8,41,3,9,1,11.1,0.55,0.0,29.6,74.1,7589,2463,25,55,13,3,53,7,2.52,0.18,9,65,33,709,7,71.4,5,1151,482,13,7,401,401,146,5,30,11,41,30,0,13,15,2,16,53,36.8,7,0,51,14,2
Ramon Hendriks,NED,DF,Stuttgart,Bundesliga,23,2001,16,6,675.0,7.5,34.1,0.4,0,0,0,0,0.2,0.8,0.3,0.2,0.5,8,0,4,1,25.0,0.53,0.0,13.0,83.4,5130,1976,3,30,2,0,7,1,1.07,0.0,5,19,18,465,5,80.0,4,951,440,4,3,260,228,56,7,12,14,26,35,0,7,5,0,4,22,59.4,2,0,7,11,0
Paul Hennrich,GER,MF,Hoffenheim,Bundesliga,19,2005,1,0,12.0,0.1,0.6,7.5,0,0,0,0,0.0,0.0,0.0,0.0,0.0,0,0,0,0,0.0,0.0,0.0,0.0,66.7,24,0,0,0,0,0,0,0,0.0,0.0,1,0,0,6,2,0.0,0,27,10,1,0,2,0,4,0,0,0,0,0,0,1,0,0,0,2,0.0,0,0,0,0,0
Benjamin Henrichs,GER,DF,RB Leipzig,Bundesliga,27,1997,15,10,935.0,10.4,47.2,-0.29,0,0,2,2,0.5,2.0,1.4,0.4,1.8,20,4,11,1,9.1,1.06,0.0,22.1,75.6,5784,2051,11,33,10,1,19,3,1.93,0.39,9,29,55,606,13,69.2,9,1285,438,9,6,345,269,154,8,32,15,47,33,0,22,10,4,16,60,61.5,3,0,13,9,0
Luis Henrique,BRA,DF,Marseille,Ligue 1,23,2001,22,20,1745.0,19.4,88.1,1.03,7,7,4,11,2.8,3.4,3.0,2.8,5.8,75,11,20,11,55.0,1.03,0.35,14.0,81.0,11327,3388,34,62,26,2,63,11,3.87,0.57,59,94,169,1026,56,58.9,33,3426,1886,17,12,803,403,471,63,12,5,17,22,0,10,6,2,7,79,0.0,0,0,6,6,6
Rico Henry,ENG,DF,Brentford,Premier League,27,1997,1,0,4.0,0.0,0.2,22.5,0,0,0,0,0.0,0.0,0.0,0.0,0.0,1,1,0,0,0.0,0.0,0.0,0.0,40.0,44,28,0,0,0,0,0,0,22.5,22.5,0,0,1,6,0,0.0,0,5,0,0,0,2,1,1,0,0,1,1,0,0,0,0,0,0,1,100.0,0,0,0,0,0
Mads Hermansen,DEN,GK,Leicester City,Premier League,24,2000,18,18,1575.0,17.5,70.0,-0.91,0,0,0,0,0.0,0.0,0.0,0.0,0.0,2,0,0,0,0.0,0.0,0.0,0.0,62.6,11154,8268,0,12,1,0,0,0,0.11,0.0,0,1,0,739,1,100.0,1,2316,1198,0,0,387,32,0,0,1,0,1,9,2,1,0,0,1,11,75.0,0,0,0,2,0
Mario Hermoso,ESP,DF,Roma,Serie A,29,1995,8,2,251.0,2.8,11.2,-1.79,0,0,0,0,0.1,0.1,0.0,0.1,0.1,4,0,1,0,0.0,0.36,0.0,10.1,90.1,3429,979,0,17,2,0,3,1,1.43,0.0,3,14,5,227,3,66.7,2,455,250,0,1,163,113,18,1,2,4,6,13,0,1,0,0,1,11,37.5,2,1,7,1,0
Mario Hermoso,ESP,DF,Leverkusen,Bundesliga,29,1995,2,1,113.0,1.3,11.2,-1.79,0,0,0,0,0.1,0.1,0.0,0.1,0.1,4,0,1,0,0.0,0.36,0.0,10.1,90.1,3429,979,0,17,2,0,3,1,1.43,0.0,0,7,1,227,3,66.7,2,455,250,0,1,163,113,18,1,2,4,6,13,0,1,0,0,1,11,37.5,2,1,7,1,0
Javi Hernández,ESP,DF,Leganés,La Liga,26,1998,18,15,1300.0,14.4,60.2,-0.62,0,0,1,1,0.3,0.7,0.9,0.3,1.2,17,2,6,1,16.7,0.42,0.0,21.2,73.1,6132,2331,10,25,6,1,27,2,1.18,0.14,20,32,47,695,17,52.9,9,1467,787,14,15,340,303,144,10,20,17,37,62,0,17,6,3,13,59,50.0,2,0,32,5,3
Aridane Hernández,ESP,DF,Rayo,La Liga,35,1989,4,2,204.0,2.3,9.9,-1.32,0,0,0,0,0.4,0.0,0.0,0.4,0.4,1,0,2,1,50.0,0.88,0.0,10.4,86.4,1653,641,0,8,0,0,0,0,0.44,0.0,1,16,0,116,1,0.0,0,317,177,1,0,57,65,3,2,2,2,4,17,0,2,0,0,1,8,90.0,0,0,1,4,0
Lucas Hernández,FRA,DF,PSG,Ligue 1,29,1996,8,4,375.0,4.2,18.9,1.92,0,0,0,0,0.0,0.1,0.0,0.0,0.0,5,0,1,0,0.0,0.24,0.0,27.5,90.4,5842,1732,0,26,0,1,0,0,1.2,0.0,1,18,2,407,0,0.0,0,665,379,3,1,290,249,26,0,13,1,14,14,1,4,5,1,9,20,88.9,1,0,5,2,0
Theo Hernández,FRA,DF,Milan,Serie A,27,1997,21,18,1669.0,18.5,77.3,0.75,3,3,2,5,2.0,2.2,2.4,1.2,3.6,66,7,28,8,28.6,1.51,0.11,20.2,84.1,13229,4094,31,62,18,3,73,6,3.56,0.38,58,74,87,1156,34,38.2,13,3704,2218,18,11,706,539,336,36,22,13,35,48,3,12,2,3,16,75,64.0,2,1,8,31,0
Hernani,BRA,MF,Parma,Serie A,30,1994,16,12,976.0,10.8,43.4,-1.01,3,0,1,4,2.7,0.8,0.8,0.4,1.2,30,2,14,3,21.4,1.29,0.0,32.4,77.0,6266,1873,18,40,11,2,15,2,2.77,0.18,24,63,28,586,16,31.3,5,1812,969,11,12,381,322,174,13,30,15,45,7,1,18,13,3,19,44,53.1,4,0,21,18,1
Jorge Herrando,ESP,DF,Osasuna,La Liga,23,2001,10,7,646.0,7.2,29.9,-0.84,0,0,0,0,0.4,0.0,0.0,0.4,0.4,1,0,3,1,33.3,0.42,0.0,10.7,81.2,5240,1876,0,15,0,0,0,0,0.14,0.0,3,18,1,409,0,0.0,0,1129,598,1,1,263,182,10,4,6,4,10,32,2,10,2,0,4,17,72.7,3,0,5,1,0
Ander Herrera,ESP,MF,Athletic Club,La Liga,35,1989,8,2,273.0,3.0,12.6,0.33,0,0,0,0,1.7,0.3,0.1,0.9,1.1,11,0,7,3,42.9,2.31,0.0,24.2,90.5,2856,628,2,25,1,0,1,0,3.64,0.0,2,16,5,237,5,40.0,2,431,196,3,2,169,151,49,6,8,2,10,10,0,1,7,0,4,14,60.0,2,0,6,3,0
Sergio Herrera,ESP,GK,Osasuna,La Liga,31,1993,24,24,2160.0,24.0,100.0,-0.17,0,0,0,0,0.0,0.1,0.0,0.0,0.0,2,0,0,0,0.0,0.0,0.0,0.0,69.9,19087,15401,0,23,0,0,0,0,0.08,0.0,0,2,0,879,0,0.0,0,2447,1300,1,0,339,8,0,0,1,0,1,20,1,1,0,0,0,19,75.0,4,0,0,2,0
Yangel Herrera,VEN,MF,Girona,La Liga,27,1998,17,15,1240.0,13.8,57.4,0.0,3,3,2,5,2.1,0.6,1.0,2.1,3.2,31,3,20,7,35.0,1.45,0.15,18.1,82.8,9141,2398,12,68,9,2,24,2,2.25,0.22,14,73,48,863,30,46.7,14,2487,1081,30,20,595,478,185,28,40,22,62,34,1,10,18,3,26,65,62.5,7,1,44,37,2
Juan Herzog,ESP,DF,Las Palmas,La Liga,21,2003,10,7,567.0,6.3,26.3,-0.95,0,0,0,0,0.3,0.0,0.0,0.3,0.3,0,0,5,0,0.0,0.79,0.0,9.5,84.2,4878,1660,0,9,0,0,0,0,0.0,0.0,0,13,1,376,1,0.0,0,572,245,1,0,240,139,14,10,7,9,16,30,0,6,0,0,7,19,76.0,0,0,1,4,0
Son Heung-min,KOR,FW,Tottenham,Premier League,32,1992,22,20,1671.0,18.6,74.3,0.54,6,6,7,13,5.2,4.2,6.5,4.4,10.9,96,11,44,21,47.7,2.37,0.14,17.5,79.6,8271,2127,41,29,42,4,58,5,5.17,0.59,71,87,209,907,66,40.9,27,3612,1860,23,22,697,287,540,95,16,4,20,15,1,8,8,5,9,67,33.3,1,0,4,22,11
Isak Hien,SWE,DF,Atalanta,Serie A,26,1999,21,18,1517.0,16.9,67.4,1.72,0,0,0,0,0.6,0.1,0.1,0.6,0.7,4,1,4,2,50.0,0.24,0.0,7.2,90.4,15416,4878,1,30,0,0,1,0,0.24,0.06,3,29,0,1057,9,55.6,5,2712,1102,17,6,640,512,27,7,36,20,56,50,1,19,17,0,22,88,62.0,6,0,21,14,0
Omar El Hilali,MAR,DF,Espanyol,La Liga,21,2003,23,23,2018.0,22.4,93.4,-0.58,0,0,2,2,0.0,1.0,0.6,0.0,0.6,16,2,1,0,0.0,0.04,0.0,32.6,78.1,14710,5511,5,57,5,1,28,3,0.71,0.09,23,62,30,1247,18,66.7,12,2734,1476,13,6,584,599,111,2,85,29,114,91,2,32,20,5,58,87,58.3,8,0,36,18,3
James Hill,ENG,DF,Bournemouth,Premier League,23,2002,5,3,179.0,2.0,8.0,0.0,0,0,1,1,0.0,0.2,0.2,0.0,0.3,6,1,1,0,0.0,0.5,0.0,26.1,59.1,1018,464,2,9,4,0,6,0,3.03,0.51,0,9,5,116,2,50.0,1,140,75,2,0,59,60,27,0,3,4,7,9,0,1,1,1,2,5,42.9,0,0,4,4,0
Piero Hincapié,ECU,DF,Leverkusen,Bundesliga,23,2002,22,19,1846.0,20.5,93.2,1.12,1,1,1,2,2.2,2.2,2.2,2.2,4.4,22,2,13,1,7.7,0.63,0.08,12.4,88.1,20669,6888,10,104,12,1,29,5,1.07,0.1,33,107,56,1653,8,12.5,1,4741,2788,15,4,1162,873,251,30,36,25,61,62,1,28,13,6,30,61,53.1,4,0,21,25,0
Jack Hinshelwood,ENG,MF,Brighton,Premier League,19,2005,13,12,974.0,10.8,43.3,0.18,1,1,0,1,0.8,0.7,0.3,0.8,1.1,21,2,8,3,37.5,0.74,0.13,15.5,83.6,7278,1752,7,23,5,0,21,0,1.94,0.18,10,39,28,659,7,14.3,1,1335,663,12,1,427,317,151,13,15,7,22,17,1,5,7,3,11,33,46.7,3,0,10,2,0
George Hirst,ENG,FW,Ipswich Town,Premier League,26,1999,13,1,230.0,2.6,10.2,0.0,1,1,1,2,1.0,0.1,0.3,1.0,1.2,6,2,4,3,75.0,1.57,0.25,9.6,53.8,301,99,3,0,3,0,1,0,2.35,0.78,4,9,17,84,1,0.0,0,257,94,13,7,71,26,45,12,1,1,2,5,0,0,0,0,1,4,63.6,1,0,5,2,0
Adam Hložek,CZE,FW,Hoffenheim,Bundesliga,22,2002,20,18,1489.0,16.5,75.2,-0.66,6,6,2,8,4.7,2.8,3.0,4.7,7.7,42,6,49,18,36.7,2.96,0.12,17.7,67.3,4138,1005,14,30,15,1,15,2,2.54,0.36,39,57,82,618,51,51.0,26,1999,948,39,31,444,269,296,86,19,4,23,18,0,12,6,6,8,53,50.0,2,0,14,23,4
Ki-Jana Hoever,NED,DF,Auxerre,Ligue 1,23,2002,19,16,1292.0,14.4,65.3,0.21,0,0,1,1,0.2,1.1,1.3,0.2,1.5,23,2,7,4,57.1,0.49,0.0,19.5,69.2,7455,3019,14,34,20,0,46,11,1.6,0.14,36,51,71,779,21,28.6,6,1943,995,22,9,428,339,233,18,30,14,44,38,0,19,9,5,21,51,57.1,2,1,15,7,0
Nicolas Höfler,GER,MF,Freiburg,Bundesliga,34,1990,15,7,755.0,8.4,38.1,-0.12,0,0,0,0,0.2,0.3,0.1,0.2,0.3,12,1,4,0,0.0,0.48,0.0,18.5,86.3,4797,1277,3,27,4,0,1,0,1.43,0.12,1,26,2,448,4,100.0,4,783,172,10,10,248,264,59,4,33,13,46,28,1,7,18,2,23,26,64.3,3,0,11,5,0
Jonas Hofmann,GER,MF,Leverkusen,Bundesliga,32,1992,5,3,233.0,2.6,11.8,0.77,1,1,0,1,0.5,0.4,0.2,0.5,0.7,11,0,5,3,60.0,1.93,0.2,17.3,86.3,1287,155,4,3,3,1,1,0,4.25,0.0,3,7,19,131,3,66.7,2,371,162,4,1,110,50,68,11,0,0,0,2,0,2,0,0,0,9,0.0,0,0,1,6,0
Philipp Hofmann,GER,FW,Bochum,Bundesliga,31,1993,22,17,1523.0,16.9,76.9,-0.89,2,2,3,5,3.3,2.2,3.8,3.3,7.1,37,3,33,11,33.3,1.95,0.06,13.6,62.2,4244,987,21,27,7,2,5,0,2.19,0.18,5,38,78,631,17,52.9,9,1053,297,36,20,486,384,185,64,11,2,13,24,0,9,3,5,9,39,55.8,4,0,22,18,2
Lucas Höler,GER,FW,Freiburg,Bundesliga,30,1994,20,11,1041.0,11.6,52.6,-0.43,2,2,3,5,4.3,1.3,1.3,3.5,4.7,32,4,19,8,42.1,1.64,0.11,12.4,66.4,2536,413,15,13,7,1,6,1,2.77,0.35,7,20,67,459,20,55.0,11,841,347,32,16,307,197,192,45,19,4,23,18,0,16,9,2,9,37,55.6,1,0,17,22,4
Mason Holgate,ENG,FW,Everton,Premier League,28,1996,1,0,6.0,0.1,0.3,-15.0,0,0,0,0,0.0,0.0,0.0,0.0,0.0,0,0,0,0,0.0,0.0,0.0,0.0,100.0,55,0,0,0,0,0,0,0,0.0,0.0,0,0,0,3,0,0.0,0,0,0,1,0,1,2,1,0,0,0,0,0,0,0,0,0,0,0,0.0,0,0,0,0,0
Benedict Hollerbach,GER,MF,Union Berlin,Bundesliga,23,2001,22,21,1705.0,18.9,86.1,-0.37,6,6,1,7,4.9,2.2,1.5,4.9,6.4,58,5,51,13,25.5,2.69,0.12,15.9,67.5,4236,947,21,13,17,3,49,3,3.07,0.26,68,46,139,760,77,39.0,30,3621,1733,68,70,551,297,393,101,30,2,32,9,0,25,16,7,15,75,28.8,2,0,28,39,11
Emil Holm,SWE,DF,Bologna,Serie A,24,2000,15,9,864.0,9.6,40.0,0.42,1,1,1,2,0.5,0.6,0.4,0.5,0.8,25,2,8,1,12.5,0.83,0.13,20.4,79.6,8665,2826,7,42,10,1,23,4,2.61,0.21,21,44,34,711,22,45.5,10,1817,903,23,7,390,309,210,23,29,8,37,38,1,15,13,3,17,37,70.0,3,0,13,20,1
Lewis Holtby,GER,MF,Holstein Kiel,Bundesliga,34,1990,17,12,1007.0,11.2,50.9,-1.88,0,0,1,1,0.5,1.3,1.3,0.5,1.7,27,3,5,0,0.0,0.45,0.0,24.0,77.3,6918,1981,17,20,3,1,33,1,2.41,0.27,8,30,21,646,12,50.0,6,1098,419,9,6,362,319,123,10,29,19,48,21,3,12,9,3,17,61,46.2,1,1,10,18,0
Gerrit Holtmann,PHI,DF,Bochum,Bundesliga,29,1995,14,8,732.0,8.1,37.0,-0.12,0,0,1,1,1.7,2.2,2.0,1.7,3.7,28,2,20,3,15.0,2.46,0.0,20.2,65.5,2864,941,10,9,16,0,57,10,3.44,0.25,34,19,62,362,15,33.3,5,1519,776,19,7,216,117,176,19,16,11,27,10,0,8,6,1,12,31,40.9,2,0,14,5,3
Franck Honorat,FRA,FW,Gladbach,Bundesliga,28,1996,12,12,984.0,10.9,49.7,0.73,2,2,4,6,3.3,3.2,3.7,3.3,7.0,49,5,20,5,25.0,1.83,0.1,15.2,67.8,4349,1565,29,18,13,0,80,9,4.48,0.46,41,31,88,503,19,36.8,7,1796,1038,14,7,307,170,259,40,9,4,13,21,1,7,2,3,2,47,36.4,0,0,5,2,3
Mathias Honsak,AUT,FW,Heidenheim,Bundesliga,28,1996,15,8,800.0,8.9,40.4,-1.69,3,3,1,4,3.3,1.5,1.2,3.3,4.5,27,5,23,8,34.8,2.59,0.13,15.8,70.8,3588,1010,8,16,7,0,26,6,3.05,0.56,26,16,37,418,17,47.1,8,1357,657,26,7,249,193,121,25,14,6,20,23,0,8,4,0,7,35,59.3,1,0,8,12,1
Dinko Horkaš,CRO,GK,Las Palmas,La Liga,25,1999,3,2,211.0,2.3,9.8,-1.71,0,0,0,0,0.0,0.0,0.0,0.0,0.0,0,0,0,0,0.0,0.0,0.0,0.0,85.6,1962,1465,0,1,0,0,0,0,0.0,0.0,0,0,0,103,0,0.0,0,228,127,0,0,59,3,0,0,0,0,0,2,0,0,0,0,0,7,0.0,1,0,1,0,0
Timo Horn,GER,GK,Bochum,Bundesliga,31,1993,1,1,90.0,1.0,4.5,2.0,0,0,0,0,0.0,0.0,0.0,0.0,0.0,0,0,0,0,0.0,0.0,0.0,0.0,50.0,946,847,0,2,0,0,0,0,0.0,0.0,0,0,0,44,0,0.0,0,100,71,0,0,16,1,0,0,0,0,0,1,0,0,0,0,0,0,0.0,0,0,0,0,0
Cédric Hountondji,BEN,DF,Angers,Ligue 1,31,1994,3,3,270.0,3.0,13.6,-2.0,0,0,0,0,0.0,0.0,0.0,0.0,0.0,1,0,0,0,0.0,0.0,0.0,0.0,85.0,1652,391,0,3,0,0,0,0,0.33,0.0,0,1,0,127,0,0.0,0,201,63,2,0,64,58,4,1,6,4,10,14,0,3,2,0,4,9,62.5,0,0,2,1,0
Ilyes Housni,FRA,FW,Le Havre,Ligue 1,19,2005,8,3,219.0,2.4,11.1,-2.88,0,0,0,0,0.2,0.3,0.2,0.2,0.4,4,0,4,0,0.0,1.64,0.0,13.6,60.4,406,79,1,1,0,0,4,0,1.64,0.0,7,3,19,88,8,37.5,3,348,113,7,7,59,35,41,11,6,1,7,2,0,2,3,2,4,6,0.0,0,0,5,4,1
Lukáš Hrádecký,FIN,GK,Leverkusen,Bundesliga,35,1989,20,20,1800.0,20.0,90.9,1.1,0,0,0,0,0.0,0.0,0.0,0.0,0.0,1,0,0,0,0.0,0.0,0.0,0.0,75.3,12300,9400,0,3,0,0,0,0,0.05,0.0,0,0,0,649,0,0.0,0,1971,1084,0,0,340,5,0,0,0,0,0,4,1,0,0,0,0,45,50.0,0,0,0,1,0
Robin Hranáč,CZE,DF,Hoffenheim,Bundesliga,25,2000,4,2,219.0,2.4,11.1,-1.64,0,0,0,0,0.0,0.0,0.0,0.0,0.0,1,0,0,0,0.0,0.0,0.0,0.0,86.4,2387,731,0,8,0,0,0,0,0.41,0.0,2,4,0,170,0,0.0,0,466,248,1,0,118,104,3,1,0,5,5,9,1,3,0,0,0,12,35.7,0,0,5,0,0
Callum Hudson-Odoi,ENG,FW,Forest,Premier League,24,2000,21,18,1548.0,17.2,68.8,0.99,3,3,2,5,1.9,2.0,2.0,1.9,4.0,73,10,28,11,39.3,1.63,0.11,18.6,82.7,7196,1478,34,22,19,2,56,6,4.24,0.58,95,49,141,750,46,58.7,27,3824,2500,33,19,577,237,454,53,15,12,27,5,1,6,6,4,10,60,9.1,1,0,7,13,7
Will Hughes,ENG,MF,Crystal Palace,Premier League,29,1995,22,17,1495.0,16.6,66.4,0.06,0,0,3,3,0.8,1.8,1.9,0.8,2.7,54,6,15,1,6.7,0.9,0.0,23.1,76.9,8904,3030,25,61,12,1,51,3,3.25,0.36,17,70,24,878,10,30.0,3,2150,976,16,21,505,462,236,12,53,13,66,14,1,24,26,11,30,93,53.8,8,0,45,23,0
Dean Huijsen,ESP,DF,Bournemouth,Premier League,19,2005,19,14,1334.0,14.8,59.3,1.01,2,2,0,2,1.5,0.8,0.8,1.5,2.3,26,2,11,2,18.2,0.74,0.18,10.1,83.6,14107,5534,11,85,2,1,6,0,1.75,0.13,23,64,3,1035,4,50.0,2,3288,2078,8,0,629,495,60,19,23,30,53,89,2,26,12,1,18,69,57.6,5,0,14,5,1
Mats Hummels,GER,DF,Roma,Serie A,36,1988,9,7,599.0,6.7,26.6,1.05,0,0,0,0,0.4,0.0,0.0,0.4,0.4,4,0,7,1,14.3,1.05,0.0,16.1,90.4,4240,1375,1,6,0,1,1,0,0.6,0.0,3,15,1,344,2,100.0,2,869,426,0,0,196,181,18,6,22,13,35,27,0,11,10,0,9,24,65.4,1,0,7,3,0
Omari Hutchinson,ENG,MF,Ipswich Town,Premier League,21,2003,23,23,1954.0,21.7,86.8,-1.11,2,2,2,4,1.8,1.5,2.3,1.8,4.0,53,5,29,13,44.8,1.34,0.07,20.5,77.2,7331,1263,20,34,15,4,47,7,2.44,0.23,60,53,106,901,104,40.4,42,4185,1971,60,49,630,380,385,64,27,9,36,13,1,21,9,6,10,76,22.2,5,0,23,30,3
Elseid Hysaj,ALB,DF,Lazio,Serie A,30,1994,6,2,204.0,2.3,9.1,2.21,0,0,2,2,0.0,0.9,0.9,0.0,0.9,6,2,0,0,0.0,0.0,0.0,0.0,81.1,2043,472,5,7,4,0,7,3,2.65,0.88,3,6,5,174,4,50.0,2,385,153,3,0,105,84,44,4,7,3,10,11,0,2,3,0,5,10,55.6,0,0,0,1,0
Hong Hyunseok,KOR,MF,Mainz 05,Bundesliga,25,1999,16,4,439.0,4.9,22.2,-0.21,0,0,1,1,0.5,0.3,0.6,0.5,1.1,14,2,5,2,40.0,1.03,0.0,10.5,77.6,1693,379,3,7,3,0,2,0,2.86,0.41,6,14,23,224,8,37.5,3,502,241,9,12,140,119,78,14,6,7,13,7,0,6,2,1,2,21,0.0,0,0,2,7,1
Pierre Højbjerg,DEN,MF,Marseille,Ligue 1,29,1995,21,21,1885.0,20.9,95.2,1.0,2,2,3,5,2.4,3.4,2.7,2.4,5.1,73,7,26,6,23.1,1.24,0.08,18.0,92.0,28943,8743,30,154,25,7,17,0,3.49,0.33,26,174,31,2238,17,29.4,5,5717,2715,25,16,1811,1451,359,41,45,34,79,27,1,26,21,4,31,122,62.1,4,0,17,29,0
Oscar Højlund,DEN,MF,Eint Frankfurt,Bundesliga,20,2005,11,3,311.0,3.5,15.7,0.29,1,1,0,1,0.9,0.1,0.5,0.9,1.4,10,1,5,2,40.0,1.45,0.2,18.0,86.3,2169,680,3,18,2,0,1,0,2.9,0.29,11,29,3,217,5,100.0,5,623,327,10,9,139,131,50,6,11,4,15,4,0,6,5,3,6,20,33.3,0,0,6,1,0
Rasmus Højlund,DEN,FW,Manchester Utd,Premier League,22,2003,20,14,1200.0,13.3,53.3,-0.82,2,2,0,2,2.5,0.7,1.1,2.5,3.6,22,1,16,8,50.0,1.2,0.13,14.4,76.7,1631,310,11,8,3,2,4,0,1.65,0.07,19,13,61,320,22,27.3,6,977,408,48,19,255,160,147,38,3,1,4,3,0,3,2,1,1,22,23.6,1,0,10,21,9
Pablo Ibáñez,ESP,MF,Osasuna,La Liga,26,1998,17,6,693.0,7.7,32.1,-1.04,0,0,1,1,1.3,0.2,1.5,1.3,2.8,11,2,13,3,23.1,1.69,0.0,21.9,76.2,3516,895,4,25,1,1,5,1,1.43,0.26,11,32,15,385,15,46.7,7,1322,579,10,7,239,231,92,22,11,12,23,15,0,13,5,1,5,40,44.8,2,0,13,14,0
Arijon Ibrahimović,GER,FW,Bayern,Bundesliga,19,2005,1,0,1.0,0.0,0.0,0.0,0,0,0,0,0.0,0.0,0.0,0.0,0.0,0,0,0,0,0.0,0.0,0.0,0.0,100.0,45,0,0,0,0,0,0,0,0.0,0.0,0,0,0,3,1,100.0,1,20,5,0,0,3,1,0,0,0,0,0,0,0,0,0,0,0,0,0.0,0,0,0,0,0
Stanis Idumbo,BEL,FW,Sevilla,La Liga,19,2005,8,3,232.0,2.6,10.7,0.0,1,1,0,1,0.6,0.1,0.6,0.6,1.3,5,0,3,1,33.3,1.16,0.33,25.4,82.7,681,97,4,1,0,1,0,0,1.94,0.0,8,3,16,95,16,50.0,8,565,259,10,8,64,41,38,5,8,4,12,1,0,3,3,2,5,15,100.0,0,0,1,4,0
Jay Idzes,IDN,DF,Venezia,Serie A,24,2000,22,22,1957.0,21.7,90.6,-0.74,1,1,0,1,1.0,0.3,0.3,1.0,1.2,16,0,9,2,22.2,0.41,0.11,13.8,85.5,18177,6650,4,50,3,1,6,1,0.74,0.0,14,65,10,1416,6,16.7,1,3758,2000,15,5,814,601,92,13,30,17,47,90,0,32,9,2,21,63,46.6,3,0,31,6,1
Iglesias,ESP,DF,Getafe,La Liga,26,1998,24,20,1877.0,20.9,86.9,-0.05,0,0,1,1,0.5,1.4,1.5,0.5,1.9,40,4,12,2,16.7,0.58,0.0,28.6,55.0,8725,4522,15,56,19,0,64,12,1.92,0.19,23,55,45,1091,23,43.5,10,1898,986,24,10,358,511,279,9,58,35,93,92,1,30,25,6,36,71,51.9,3,0,32,23,0
Borja Iglesias,ESP,FW,Celta Vigo,La Liga,32,1993,24,15,1251.0,13.9,57.9,-0.22,5,5,0,5,4.7,0.9,1.1,4.7,5.8,21,3,23,13,56.5,1.65,0.22,13.3,74.0,3149,479,10,12,5,4,1,0,1.51,0.22,8,17,61,420,17,47.1,8,881,256,39,22,309,224,176,45,7,3,10,6,0,7,4,2,6,36,28.6,2,0,29,22,11
Igor,BRA,DF,Brighton,Premier League,27,1998,12,9,903.0,10.0,40.1,0.0,0,0,0,0,0.0,0.3,0.2,0.0,0.2,11,0,1,0,0.0,0.1,0.0,14.1,92.1,11358,3723,1,35,2,3,2,1,1.1,0.0,9,44,0,764,4,75.0,3,2837,1782,1,0,568,353,38,1,4,4,8,39,1,23,1,1,4,40,57.1,4,0,9,6,0
Kelechi Iheanacho,NGA,FW,Sevilla,La Liga,28,1996,9,5,400.0,4.4,18.5,-0.9,0,0,0,0,1.5,0.2,0.3,1.5,1.8,12,0,9,2,22.2,2.03,0.0,13.9,75.0,831,125,5,1,1,0,0,0,2.7,0.0,6,5,17,108,4,50.0,2,236,126,10,4,81,50,49,14,1,0,1,1,0,0,1,0,0,7,20.0,0,0,5,1,7
Jonathan Ikone,FRA,FW,Como,Serie A,26,1998,3,0,68.0,0.8,3.0,-2.65,0,0,0,0,0.1,0.0,0.0,0.1,0.1,1,0,1,0,0.0,1.32,0.0,18.3,76.9,174,33,0,1,0,0,0,0,1.32,0.0,2,2,4,27,1,0.0,0,83,50,0,3,14,8,14,3,6,0,6,0,0,3,1,4,3,2,0.0,0,0,1,2,1
Jonathan Ikone,FRA,FW,Fiorentina,Serie A,26,1998,14,1,334.0,3.7,3.0,-2.65,0,0,0,0,0.8,0.0,0.1,0.8,0.9,1,0,1,0,0.0,1.32,0.0,18.3,76.9,174,33,0,1,0,0,0,0,1.32,0.0,12,13,39,27,1,0.0,0,83,50,0,3,14,8,14,3,6,0,6,0,0,3,1,4,3,2,0.0,0,0,1,2,1
George Ilenikhena,FRA,FW,Monaco,Ligue 1,18,2006,17,5,578.0,6.4,29.2,1.71,3,3,2,5,4.1,0.5,1.3,4.1,5.4,13,3,16,6,37.5,2.49,0.19,12.7,70.0,798,142,7,2,2,1,0,0,2.03,0.47,8,6,44,140,13,15.4,2,360,165,10,13,120,52,82,31,1,1,2,0,0,0,1,0,1,8,46.4,0,0,12,8,9
Andrej Ilic,SRB,FW,Union Berlin,Bundesliga,24,2000,4,1,161.0,1.8,0.0,0.0,2,1,0,2,1.9,0.1,0.1,1.1,1.2,2,0,7,2,28.6,3.91,0.14,14.0,68.4,274,54,2,2,0,0,1,0,1.12,0.0,1,2,13,63,1,0.0,0,83,17,5,0,42,24,32,11,1,0,1,3,0,2,1,0,1,5,52.2,0,0,3,1,2
Ivan Ilić,SRB,MF,Torino,Serie A,23,2001,12,8,716.0,8.0,31.8,0.38,1,1,0,1,0.9,0.7,0.6,0.9,1.6,25,6,9,4,44.4,1.13,0.11,20.1,83.7,5796,1495,6,32,13,2,25,2,3.14,0.75,23,33,35,484,12,33.3,4,1863,854,15,9,381,286,147,9,3,4,7,6,0,0,2,1,1,19,30.8,3,0,8,18,1
Rareş Ilie,ROU,MF,Nice,Ligue 1,21,2003,2,0,13.0,0.1,0.7,0.0,0,0,0,0,0.0,0.2,0.4,0.0,0.4,7,0,1,0,0.0,6.92,0.0,16.3,80.0,160,84,4,1,2,0,3,0,48.46,0.0,2,3,1,13,4,75.0,3,64,48,0,0,8,1,10,3,1,0,1,0,0,0,0,0,1,2,0.0,0,0,0,0,0
Samuel Iling-Junior,ENG,FW,Bologna,Serie A,21,2003,7,0,118.0,1.3,5.5,0.76,1,1,0,1,0.1,0.2,0.1,0.1,0.3,7,0,4,1,25.0,3.05,0.25,19.0,71.3,1038,245,1,4,3,0,9,1,5.29,0.0,5,7,27,110,7,42.9,3,367,190,3,1,79,31,73,6,3,2,5,2,0,1,1,1,2,8,0.0,0,0,2,1,0
Danny Ings,ENG,FW,West Ham,Premier League,32,1992,14,1,277.0,3.1,12.3,0.0,1,1,2,3,2.3,0.1,1.3,2.3,3.5,12,2,14,5,35.7,4.55,0.07,15.5,67.4,783,124,6,3,1,1,3,0,3.9,0.65,6,5,26,135,7,57.1,4,322,116,5,6,93,50,70,26,4,1,5,4,0,5,2,0,2,8,50.0,0,0,0,2,0
Alessio Iovine,ITA,DF,Como,Serie A,34,1991,9,3,377.0,4.2,16.8,-0.24,0,0,0,0,0.0,0.2,0.2,0.0,0.2,5,0,1,0,0.0,0.24,0.0,26.0,75.3,3009,899,3,6,3,0,15,3,1.19,0.0,9,6,7,255,1,100.0,1,608,327,1,0,140,116,58,3,5,3,8,21,1,7,3,0,2,16,22.2,2,0,5,6,0
Tim Iroegbunam,ENG,MF,Everton,Premier League,21,2003,9,4,411.0,4.6,18.3,-1.53,0,0,1,1,0.2,0.1,0.2,0.2,0.4,10,1,5,0,0.0,1.09,0.0,22.5,70.6,1418,532,3,9,1,0,0,0,2.19,0.22,5,11,9,190,15,46.7,7,527,265,6,10,86,92,46,12,21,9,30,7,1,8,6,5,11,38,87.5,2,0,10,9,0
Jackson Irvine,AUS,MF,St. Pauli,Bundesliga,31,1993,22,22,1980.0,22.0,100.0,-0.32,0,0,5,5,2.1,2.3,2.6,1.9,4.4,39,4,25,8,32.0,1.14,0.0,12.8,70.7,8303,3156,22,73,12,6,14,2,1.77,0.18,16,89,41,1005,20,35.0,7,1432,755,31,10,545,550,213,46,44,29,73,47,1,22,21,4,21,103,53.8,2,0,33,13,2
Andy Irving,SCO,MF,West Ham,Premier League,24,2000,9,1,165.0,1.8,7.3,-1.64,0,0,0,0,0.1,0.1,0.2,0.1,0.4,5,0,4,2,50.0,2.18,0.0,26.2,87.6,1682,426,1,14,1,1,2,1,2.69,0.0,0,9,4,147,1,100.0,1,304,137,1,3,103,87,23,0,7,1,8,5,0,5,3,1,4,10,50.0,2,0,6,1,0
Alexander Isak,SWE,FW,Newcastle,Premier League,25,1999,23,23,1888.0,21.0,83.9,0.33,17,16,5,22,14.2,3.1,3.8,13.4,17.2,73,11,64,30,46.9,3.05,0.25,14.6,73.8,5006,1198,35,28,17,5,11,0,3.48,0.52,62,59,146,727,71,46.5,33,2651,1395,48,38,509,276,418,130,10,2,12,12,1,14,3,6,3,40,33.3,1,0,19,11,16
Gustav Isaksen,DEN,FW,Lazio,Serie A,23,2001,25,19,1435.0,15.9,63.8,0.38,3,3,2,5,2.6,1.6,1.1,2.6,3.7,57,7,35,14,40.0,2.2,0.09,19.0,76.1,6135,1053,19,13,15,2,78,7,3.57,0.44,58,23,172,659,60,46.7,28,3248,1672,24,22,494,219,393,75,10,8,18,12,0,12,6,0,5,42,34.4,4,0,16,27,2
Isco,ESP,MF,Betis,La Liga,32,1992,9,7,628.0,7.0,29.1,0.0,2,1,1,3,2.1,1.0,1.4,1.3,2.7,42,4,13,2,15.4,1.86,0.08,20.7,81.9,5367,1689,20,52,16,1,30,1,6.02,0.57,12,63,49,489,24,45.8,11,1365,618,24,13,348,258,211,25,8,3,11,3,0,8,5,3,5,32,43.8,3,0,5,20,2
Ismaily,BRA,DF,Lille,Ligue 1,35,1990,6,4,329.0,3.7,16.6,0.55,0,0,0,0,0.1,0.7,0.1,0.1,0.3,9,0,3,1,33.3,0.82,0.0,23.7,89.4,3145,973,1,14,1,0,9,0,2.46,0.0,5,23,26,297,10,50.0,5,716,439,4,5,169,152,80,11,14,5,19,20,0,9,5,3,6,18,50.0,2,0,6,3,0
Ardian Ismajli,ALB,DF,Empoli,Serie A,28,1996,23,23,1968.0,21.9,87.5,-0.32,0,0,0,0,0.1,0.1,0.0,0.1,0.1,6,1,4,0,0.0,0.18,0.0,10.2,85.5,13283,4586,0,6,0,0,0,0,0.27,0.05,1,23,0,1087,0,0.0,0,2019,791,8,0,516,371,6,6,20,45,65,195,3,28,6,0,18,59,58.6,1,0,14,20,0
Yanis Issoufou,FRA,MF,Montpellier,Ligue 1,18,2006,4,1,77.0,0.9,3.9,-3.51,0,0,0,0,0.1,0.0,0.0,0.1,0.1,0,0,2,0,0.0,2.34,0.0,12.4,50.0,131,32,0,0,1,0,3,0,0.0,0.0,3,2,2,28,2,50.0,1,106,67,1,0,14,11,11,3,6,0,6,1,0,1,1,1,4,3,0.0,0,0,1,0,0
Ko Itakura,JPN,DF,Gladbach,Bundesliga,28,1997,21,21,1890.0,21.0,95.5,0.0,1,1,0,1,0.6,1.2,0.8,0.6,1.4,13,0,12,2,16.7,0.57,0.08,11.6,89.2,20563,6961,6,41,4,1,5,2,0.62,0.0,17,48,2,1507,13,53.8,7,4709,2489,7,7,1067,614,55,22,27,20,47,110,0,23,11,1,18,69,64.1,3,0,22,6,0
Hiroki Ito,JPN,DF,Bayern,Bundesliga,25,1999,1,1,67.0,0.7,3.4,0.0,0,0,0,0,0.0,0.0,0.0,0.0,0.0,0,0,0,0,0.0,0.0,0.0,0.0,76.2,496,186,0,0,0,0,0,0,0.0,0.0,0,4,0,53,0,0.0,0,106,20,1,0,30,24,3,0,0,1,1,9,0,1,0,0,0,4,100.0,1,0,2,0,0
Junya Ito,JPN,FW,Reims,Ligue 1,31,1993,22,22,1936.0,21.5,97.8,-0.28,4,4,3,7,3.5,7.9,5.8,3.5,9.3,98,8,22,9,40.9,1.02,0.18,13.1,66.5,9642,3728,66,55,56,7,192,23,4.56,0.37,87,103,208,1133,83,47.0,39,4546,2473,59,28,780,398,625,66,25,12,37,8,1,27,11,5,19,98,48.1,0,0,11,26,7
Marko Ivezić,SRB,DF,Holstein Kiel,Bundesliga,23,2001,15,12,1180.0,13.1,59.6,-0.76,0,0,0,0,0.3,0.2,0.2,0.3,0.4,10,0,5,0,0.0,0.38,0.0,15.6,87.1,10940,3846,3,22,2,1,1,0,0.76,0.0,2,25,8,818,4,25.0,1,1808,846,10,7,519,355,28,11,22,21,43,56,2,19,4,3,14,49,51.2,2,0,18,3,1
Alex Iwobi,NGA,FW,Fulham,Premier League,28,1996,25,25,2105.0,23.4,93.6,0.09,7,7,3,10,3.6,5.3,5.0,3.6,8.5,103,12,49,22,44.9,2.1,0.14,18.2,75.5,14003,4261,46,82,62,11,82,11,4.4,0.51,105,155,173,1321,68,51.5,35,5657,3161,46,31,1051,519,646,88,29,8,37,24,0,15,14,4,17,94,12.0,1,0,12,15,3
Armando Izzo,ITA,DF,Monza,Serie A,32,1992,23,22,1929.0,21.4,85.7,-0.7,0,0,1,1,0.3,0.3,0.7,0.3,1.0,18,1,5,1,20.0,0.23,0.0,14.9,87.6,19498,5960,9,45,6,2,6,1,0.84,0.05,11,63,9,1409,8,75.0,6,3562,1755,20,6,859,556,83,8,37,36,73,74,0,34,9,1,15,71,44.0,10,0,56,33,0
Fellipe Jack,BRA,DF,Como,Serie A,19,2006,6,0,126.0,1.4,5.6,0.0,0,0,0,0,0.0,0.0,0.1,0.0,0.1,2,0,0,0,0.0,0.0,0.0,0.0,76.5,1008,365,1,5,1,0,0,0,1.42,0.0,0,5,1,91,1,0.0,0,167,89,3,1,48,36,4,0,5,4,9,5,0,1,1,0,1,2,75.0,1,0,3,1,0
Nicolas Jackson,SEN,FW,Chelsea,Premier League,23,2001,23,22,1736.0,19.3,77.2,0.88,9,9,5,14,11.4,1.7,4.0,11.4,15.4,62,10,63,30,47.6,3.27,0.14,12.2,75.0,3020,691,25,17,6,1,3,1,3.22,0.52,41,27,94,544,50,34.0,17,2069,1116,52,33,396,226,285,115,17,2,19,15,0,12,5,8,10,36,33.3,5,0,21,23,15
Jérémy Jacquet,FRA,DF,Rennes,Ligue 1,19,2005,2,2,147.0,1.6,7.4,1.22,0,0,0,0,0.0,0.0,0.0,0.0,0.0,0,0,0,0,0.0,0.0,0.0,0.0,81.8,1116,315,0,3,0,0,0,0,0.0,0.0,0,5,0,96,3,66.7,2,148,68,0,0,49,48,6,0,5,11,16,13,0,0,1,1,3,6,66.7,0,0,1,1,0
Lee Jae-sung,KOR,MF,Mainz 05,Bundesliga,32,1992,21,20,1713.0,19.0,86.5,0.47,5,5,2,7,3.1,3.1,3.5,3.1,6.7,47,7,25,11,44.0,1.31,0.2,10.8,76.7,7155,1979,23,31,20,3,21,3,2.47,0.37,19,74,107,866,22,40.9,9,1487,599,49,19,583,387,335,77,27,24,51,27,0,22,13,5,14,79,40.0,4,0,17,25,4
Ivan Jaime Pajuelo,ESP,MF,Valencia,La Liga,24,2000,2,0,56.0,0.6,2.6,1.61,0,0,0,0,0.0,0.1,0.2,0.0,0.2,2,0,1,0,0.0,1.61,0.0,31.4,84.6,331,104,2,3,1,0,0,0,3.21,0.0,3,5,1,32,4,50.0,2,150,93,1,1,23,19,13,1,1,0,1,0,0,0,1,0,0,3,66.7,0,0,0,2,0
Kristijan Jakić,CRO,MF,Augsburg,Bundesliga,27,1997,19,18,1489.0,16.5,75.2,-0.3,0,0,1,1,0.5,1.3,0.6,0.5,1.1,26,4,9,3,33.3,0.54,0.0,17.7,80.1,8469,2677,9,49,8,3,11,0,1.57,0.24,19,68,32,850,18,44.4,8,1725,766,28,14,493,478,166,22,33,20,53,36,1,30,14,4,15,88,53.3,1,0,16,21,0
Karl Jakob Hein,EST,GK,Valladolid,La Liga,22,2002,24,24,2160.0,24.0,100.0,-1.54,0,0,0,0,0.0,0.1,0.0,0.0,0.0,3,0,0,0,0.0,0.0,0.0,0.0,73.4,19529,13678,0,19,0,0,0,0,0.12,0.0,0,0,0,983,0,0.0,0,2691,1685,0,0,466,14,0,0,0,0,0,16,1,0,0,0,0,31,100.0,0,0,0,2,0
Ismail Jakobs,SEN,DF,Monaco,Ligue 1,25,1999,2,2,180.0,2.0,9.1,1.5,0,0,0,0,0.0,0.2,0.2,0.0,0.2,8,1,0,0,0.0,0.0,0.0,0.0,81.0,1245,497,4,7,5,0,14,3,4.0,0.5,9,6,17,121,0,0.0,0,503,228,0,0,77,50,46,1,5,2,7,6,0,0,0,2,5,5,14.3,0,0,1,3,0
Jordan James,WAL,MF,Rennes,Ligue 1,20,2004,13,9,742.0,8.2,37.5,0.24,0,0,0,0,0.5,0.7,0.9,0.5,1.4,21,4,12,3,25.0,1.46,0.0,22.5,84.9,5759,1618,11,33,7,1,17,0,2.55,0.49,9,45,7,475,10,50.0,5,916,419,6,7,326,277,109,8,19,11,30,10,1,11,11,3,11,39,66.7,4,0,18,11,1
Reece James,ENG,DF,Chelsea,Premier League,25,1999,9,6,510.0,5.7,22.7,0.0,1,1,0,1,0.1,0.6,0.3,0.1,0.4,11,1,4,1,25.0,0.71,0.25,23.8,84.1,7038,2497,7,49,4,3,28,1,1.94,0.18,4,34,5,521,8,62.5,5,1143,555,4,2,327,281,86,2,7,6,13,10,1,9,3,0,7,26,79.2,1,0,4,6,0
Vitaly Janelt,GER,MF,Brentford,Premier League,26,1998,24,21,1792.0,19.9,79.6,-0.1,1,1,3,4,0.6,2.1,2.2,0.6,2.8,24,3,12,4,33.3,0.6,0.08,19.4,82.4,11759,3492,13,61,19,3,26,7,1.2,0.15,11,63,29,1025,11,27.3,3,2446,978,15,10,649,461,238,24,30,19,49,44,1,25,11,7,18,89,61.9,3,0,21,12,0
Adnan Januzaj,BEL,MF,Las Palmas,La Liga,30,1995,8,3,315.0,3.5,14.6,0.86,2,2,1,3,0.5,1.2,0.7,0.5,1.2,22,5,10,3,30.0,2.86,0.2,23.5,70.8,2424,865,9,15,5,5,34,2,6.29,1.43,13,20,30,232,18,22.2,4,863,395,15,3,168,105,109,10,6,0,6,2,0,4,5,0,4,17,12.5,3,0,2,11,0
Vitezslav Jaros,CZE,GK,Liverpool,Premier League,23,2001,1,0,12.0,0.1,0.5,0.0,0,0,0,0,0.0,0.0,0.0,0.0,0.0,0,0,0,0,0.0,0.0,0.0,0.0,75.0,302,273,0,2,0,0,0,0,0.0,0.0,0,0,0,8,0,0.0,0,29,8,0,0,5,0,0,0,0,0,0,0,0,0,0,0,0,0,0.0,0,0,0,0,0
Ali Jasim,IRQ,FW,Como,Serie A,21,2004,2,0,10.0,0.1,0.4,-9.0,0,0,0,0,0.0,0.0,0.0,0.0,0.0,1,0,0,0,0.0,0.0,0.0,0.0,77.8,71,35,0,2,0,0,1,0,9.0,0.0,1,1,1,11,0,0.0,0,54,36,0,0,8,4,1,0,1,0,1,0,0,0,0,0,0,1,100.0,0,0,1,0,0
Mikel Jauregizar,ESP,MF,Athletic Club,La Liga,21,2003,21,15,1310.0,14.6,60.6,0.55,1,1,0,1,0.5,0.8,1.1,0.5,1.6,48,6,12,2,16.7,0.82,0.08,23.9,82.6,10372,2977,16,73,6,4,22,1,3.3,0.41,9,72,20,846,22,45.5,10,1692,738,19,16,517,505,189,5,52,19,71,14,1,12,28,10,28,82,42.9,4,1,33,25,0
Dominik Javorček,SVK,DF,Holstein Kiel,Bundesliga,22,2002,10,3,299.0,3.3,15.1,-1.51,0,0,2,2,0.0,0.4,0.7,0.0,0.7,4,2,1,0,0.0,0.3,0.0,22.5,72.8,1737,735,3,5,1,0,15,1,1.2,0.6,6,3,19,180,4,75.0,3,403,240,3,1,96,51,48,2,3,4,7,19,1,5,0,0,0,5,37.5,1,0,5,3,0
Gaby Jean,FRA,DF,Lecce,Serie A,24,2000,14,11,1018.0,11.3,45.2,-0.44,0,0,0,0,0.0,0.1,0.1,0.0,0.1,3,0,0,0,0.0,0.0,0.0,0.0,84.9,8624,3450,1,15,1,0,1,1,0.27,0.0,3,19,2,703,1,100.0,1,1706,721,3,3,439,264,17,0,12,7,19,50,0,12,4,1,7,38,51.2,0,0,10,6,0
Daniel Jebbison,ENG,FW,Bournemouth,Premier League,21,2003,7,0,62.0,0.7,2.8,4.35,0,0,0,0,0.2,0.1,0.2,0.2,0.4,5,0,2,1,50.0,2.9,0.0,12.3,84.0,194,26,3,1,1,0,1,0,7.26,0.0,2,2,8,43,4,75.0,3,168,79,7,2,30,17,22,8,1,1,2,1,0,1,0,0,0,5,28.6,1,0,2,2,0
Finn Jeltsch,GER,DF,Stuttgart,Bundesliga,18,2006,1,0,3.0,0.0,0.2,0.0,0,0,0,0,0.0,0.0,0.0,0.0,0.0,0,0,0,0,0.0,0.0,0.0,0.0,100.0,99,13,0,1,0,0,0,0,0.0,0.0,1,0,1,8,0,0.0,0,33,31,1,0,5,4,2,0,0,0,0,0,0,1,0,0,0,1,0.0,0,0,1,0,0
Fredrik Jensen,FIN,MF,Augsburg,Bundesliga,27,1997,10,2,251.0,2.8,12.7,-0.36,0,0,0,0,0.2,0.2,0.1,0.2,0.3,5,0,5,0,0.0,1.79,0.0,18.7,59.3,863,269,2,3,1,0,8,0,1.79,0.0,4,9,20,120,3,33.3,1,250,130,2,4,76,44,61,14,1,1,2,6,0,6,0,1,1,10,44.4,0,0,0,1,0
Mathias Jensen,DEN,MF,Brentford,Premier League,29,1996,15,8,720.0,8.0,32.0,0.25,0,0,1,1,0.2,1.1,1.5,0.2,1.7,34,3,6,1,16.7,0.75,0.0,23.1,74.7,5369,1960,14,34,15,1,29,2,4.25,0.37,6,50,23,453,13,53.8,7,1068,506,6,6,284,186,165,9,9,6,15,9,1,10,2,1,8,38,61.5,1,0,6,10,0
Moritz Jenz,GER,DF,Mainz 05,Bundesliga,25,1999,11,10,880.0,9.8,44.4,0.41,0,0,0,0,0.7,0.3,0.2,0.7,0.9,8,0,4,2,50.0,0.41,0.0,7.8,84.3,7502,2632,2,20,2,0,0,0,0.82,0.0,1,26,3,629,2,0.0,0,1279,539,5,0,351,263,24,11,19,11,30,68,0,13,11,0,11,41,67.2,3,0,12,5,0
Gabriel Jesus,BRA,FW,Arsenal,Premier League,27,1997,17,6,608.0,6.8,27.0,1.48,3,3,0,3,3.0,0.5,0.7,3.0,3.7,18,4,20,7,35.0,2.96,0.15,11.1,76.8,2030,378,8,10,9,1,7,1,2.66,0.59,15,19,57,299,22,40.9,9,953,432,13,13,217,108,165,48,10,4,14,8,0,10,3,3,6,28,33.3,4,0,14,10,9
Juan Jesus,BRA,DF,Napoli,Serie A,33,1991,10,10,888.0,9.9,39.5,0.71,0,0,1,1,0.2,0.1,0.0,0.2,0.2,7,1,2,0,0.0,0.2,0.0,9.8,91.2,14180,4491,1,39,2,1,0,0,0.71,0.1,3,48,2,834,0,0.0,0,2228,1128,3,1,635,504,6,2,21,6,27,33,0,9,7,0,11,28,71.4,2,0,12,1,0
Alejandro Jiménez,ESP,FW,Milan,Serie A,19,2005,9,4,506.0,5.6,23.4,0.18,0,0,0,0,0.4,0.8,0.8,0.4,1.1,19,1,6,3,50.0,1.07,0.0,24.5,81.7,3135,707,5,17,3,1,15,1,3.38,0.18,27,18,42,314,22,59.1,13,1399,783,13,9,201,124,132,21,6,4,10,8,0,11,3,1,4,31,30.8,3,0,7,11,5
Raúl Jiménez,MEX,FW,Fulham,Premier League,33,1991,25,20,1597.0,17.7,71.0,0.06,9,6,3,12,9.1,1.7,2.8,6.7,9.5,43,6,66,23,34.8,3.72,0.09,14.7,70.6,4469,1012,14,21,8,3,15,3,2.42,0.34,25,35,87,652,37,43.2,16,1552,705,45,27,478,285,310,118,19,9,28,11,3,14,11,5,11,45,41.3,3,0,25,28,12
Kim Jisoo,KOR,DF,Brentford,Premier League,20,2004,2,0,29.0,0.3,1.3,0.0,0,0,0,0,0.0,0.0,0.0,0.0,0.0,0,0,0,0,0.0,0.0,0.0,0.0,88.9,514,163,0,1,0,0,0,0,0.0,0.0,0,2,0,29,0,0.0,0,57,22,0,1,22,12,3,0,0,0,0,2,0,0,0,0,0,0,0.0,0,0,1,0,0
João Pedro,BRA,FW,Brighton,Premier League,23,2001,19,16,1358.0,15.1,60.4,0.27,5,4,5,10,4.3,2.2,2.6,3.5,6.2,45,6,32,12,37.5,2.12,0.13,16.3,74.1,4813,1244,19,31,23,6,18,3,2.98,0.4,51,52,95,643,52,40.4,21,2786,1324,49,27,519,266,346,84,10,6,16,8,0,7,5,2,6,41,47.2,3,0,15,34,0
John Joe,IRL,MF,Getafe,La Liga,21,2003,4,0,48.0,0.5,2.2,0.0,0,0,0,0,0.1,0.0,0.0,0.1,0.1,0,0,2,0,0.0,3.75,0.0,20.9,80.0,193,48,0,0,0,0,0,0,0.0,0.0,1,0,6,33,5,40.0,2,102,47,4,1,23,10,18,1,0,0,0,1,0,1,0,0,0,3,50.0,1,0,1,2,0
John Joe,IRL,MF,Reims,Ligue 1,21,2003,3,3,194.0,2.2,2.2,0.0,0,0,0,0,0.0,0.0,0.0,0.0,0.0,0,0,2,0,0.0,3.75,0.0,20.9,80.0,193,48,0,0,0,0,0,0,0.0,0.0,1,7,1,33,5,40.0,2,102,47,4,1,23,10,18,1,0,0,0,1,0,1,0,0,0,3,50.0,1,0,1,2,0
Joelinton,BRA,MF,Newcastle,Premier League,28,1996,23,23,1914.0,21.3,85.1,0.42,4,4,1,5,3.7,1.8,1.6,3.7,5.2,48,6,39,11,28.2,1.83,0.1,13.9,83.2,9769,2787,19,69,12,7,14,1,2.26,0.28,33,98,96,1106,41,29.3,12,3026,1457,31,47,758,540,359,70,47,20,67,40,1,32,21,8,27,125,55.3,9,0,46,27,6
Jofre,ESP,MF,Espanyol,La Liga,23,2001,23,18,1488.0,16.5,68.9,-0.67,2,2,3,5,2.3,1.2,1.8,2.3,4.0,45,5,34,9,26.5,2.06,0.06,19.6,69.9,3536,1066,17,10,11,1,29,6,2.72,0.3,41,37,93,536,69,33.3,23,2548,1373,45,28,366,204,255,54,15,11,26,17,0,4,3,1,11,80,18.2,5,0,22,40,3
Þórir Jóhann Helgason,ISL,MF,Lecce,Serie A,24,2000,9,6,514.0,5.7,22.8,-0.18,0,0,1,1,0.6,0.5,0.7,0.6,1.3,19,3,7,3,42.9,1.23,0.0,23.0,65.9,2294,699,13,12,8,0,29,2,3.33,0.53,12,19,26,234,9,44.4,4,722,371,13,5,150,108,102,7,6,4,10,5,1,4,5,0,3,16,50.0,0,0,4,7,0
Carl Johansson,SWE,DF,Holstein Kiel,Bundesliga,30,1994,5,4,365.0,4.1,18.4,-1.97,0,0,0,0,0.0,0.1,0.3,0.0,0.3,5,0,1,1,100.0,0.25,0.0,10.8,87.0,3402,1167,4,2,2,0,0,0,1.23,0.0,0,8,0,273,0,0.0,0,323,117,2,0,155,82,12,10,4,6,10,25,1,7,0,0,2,14,58.1,0,0,2,0,0
Ben Johnson,ENG,DF,Ipswich Town,Premier League,25,2000,15,9,918.0,10.2,40.8,-1.37,0,0,1,1,0.4,0.4,0.6,0.4,1.0,15,4,3,2,66.7,0.29,0.0,14.4,74.8,3465,1453,6,14,1,1,15,1,1.47,0.39,10,17,19,438,18,38.9,7,990,383,16,11,204,155,105,6,29,11,40,31,0,12,8,3,18,34,56.5,2,0,15,5,1
Brennan Johnson,WAL,FW,Tottenham,Premier League,23,2001,22,16,1519.0,16.9,67.5,0.53,7,7,2,9,8.0,1.3,1.3,8.0,9.3,38,6,45,16,35.6,2.67,0.16,11.7,70.9,4222,1172,14,22,24,0,39,4,2.25,0.36,48,51,154,616,28,50.0,14,2134,1118,19,10,442,191,374,101,32,4,36,10,0,16,19,8,20,43,31.8,3,0,19,15,5
Karl-Johan Johnsson,SWE,GK,Strasbourg,Ligue 1,35,1990,3,3,270.0,3.0,13.6,0.33,0,0,0,0,0.0,0.0,0.0,0.0,0.0,0,0,0,0,0.0,0.0,0.0,0.0,82.9,2158,1272,0,0,0,0,0,0,0.0,0.0,0,0,0,142,0,0.0,0,445,248,0,0,84,0,0,0,0,0,0,3,0,0,0,0,0,2,100.0,0,0,1,0,0
Sam Johnstone,ENG,GK,Wolves,Premier League,31,1993,7,7,630.0,7.0,0.0,0.0,0,0,0,0,0.0,0.0,0.0,0.0,0.0,2,0,0,0,0.0,0.0,0.0,0.0,66.2,5548,4270,1,6,0,0,0,0,0.29,0.0,0,0,0,306,0,0.0,0,1221,756,0,0,179,2,0,0,0,0,0,7,0,0,0,0,0,9,100.0,0,0,0,0,0
Paul Joly,FRA,DF,Auxerre,Ligue 1,24,2000,15,8,749.0,8.3,37.8,-1.08,0,0,1,1,0.4,0.8,1.1,0.4,1.5,23,3,8,4,50.0,0.96,0.0,17.7,68.4,5593,1981,12,29,11,0,45,6,2.76,0.36,21,38,50,609,23,21.7,5,1355,689,19,9,335,279,152,11,36,20,56,27,5,13,12,1,24,36,58.8,3,1,7,20,0
Curtis Jones,ENG,MF,Liverpool,Premier League,24,2001,20,10,955.0,10.6,42.4,1.04,3,3,3,6,3.4,0.5,0.4,3.4,3.8,26,6,22,10,45.5,2.07,0.14,15.0,94.0,7911,1587,12,38,10,0,4,0,2.45,0.56,13,61,49,697,12,66.7,8,2037,892,16,25,540,374,225,39,22,3,25,6,1,8,16,4,11,48,50.0,3,1,10,18,0
Frenkie de Jong,NED,MF,Barcelona,La Liga,27,1997,12,3,472.0,5.2,22.8,2.1,2,2,1,3,0.6,1.2,1.3,0.6,1.9,19,6,4,3,75.0,0.76,0.5,18.4,93.2,5506,1615,8,54,1,3,4,0,3.62,1.14,10,38,8,411,4,50.0,2,1465,823,2,3,328,297,69,7,5,2,7,4,0,3,2,2,3,14,55.6,1,0,7,9,0
Joan Jordán,ESP,MF,Alaves,La Liga,30,1994,13,6,687.0,7.6,31.8,-0.26,4,2,2,6,3.0,0.8,0.5,1.5,2.0,25,3,9,3,33.3,1.18,0.22,24.0,69.0,5766,2076,12,48,5,0,52,2,3.27,0.39,4,53,19,489,4,75.0,3,763,423,6,2,277,287,134,7,18,5,23,10,0,8,8,2,11,26,50.0,1,0,12,9,1
Jorginho,ITA,MF,Arsenal,Premier League,33,1991,11,6,474.0,5.3,21.1,1.33,0,0,0,0,0.0,0.5,0.4,0.0,0.5,7,0,1,0,0.0,0.19,0.0,22.5,85.9,4223,991,3,26,8,2,0,0,1.33,0.0,8,32,2,346,2,50.0,1,1001,576,8,7,252,205,75,1,10,5,15,2,2,0,7,2,3,39,20.0,4,0,9,12,0
Jesse Joronen,FIN,GK,Venezia,Serie A,31,1993,8,7,703.0,7.8,32.5,-1.02,0,0,0,0,0.0,0.0,0.0,0.0,0.0,0,0,0,0,0.0,0.0,0.0,0.0,73.8,5362,3464,0,1,0,0,0,0,0.0,0.0,0,0,0,327,0,0.0,0,1068,567,0,0,171,0,0,0,0,0,0,4,1,0,0,0,0,11,100.0,0,0,1,0,0
Jota,POR,FW,Rennes,Ligue 1,25,1999,9,3,334.0,3.7,16.9,-0.54,1,1,0,1,1.3,0.4,0.3,1.3,1.6,7,1,4,2,50.0,1.08,0.25,9.7,72.0,1498,360,5,10,6,1,16,2,1.89,0.27,13,16,35,172,13,30.8,4,655,334,7,2,130,65,95,16,5,3,8,2,0,1,3,0,2,11,50.0,0,0,3,2,3
Diogo Jota,POR,FW,Liverpool,Premier League,28,1996,15,8,695.0,7.7,30.9,1.81,5,5,2,7,5.3,0.7,1.2,5.3,6.5,24,5,29,11,37.9,3.76,0.17,12.3,71.6,2019,528,7,16,2,0,7,1,3.11,0.65,25,20,55,296,22,36.4,8,1032,525,23,13,206,117,162,60,6,4,10,5,0,4,4,2,4,28,42.1,1,0,13,9,0
Antoine Joujou,FRA,MF,Le Havre,Ligue 1,21,2003,16,7,709.0,7.9,35.8,-0.76,0,0,1,1,0.5,2.2,2.0,0.5,2.5,25,2,9,1,11.1,1.14,0.0,19.7,63.0,1640,374,11,4,9,1,25,5,3.17,0.25,35,10,63,294,44,54.5,24,1534,790,23,13,184,101,151,31,10,8,18,14,0,11,3,1,8,37,12.5,1,0,4,5,2
Luka Jović,SRB,FW,Milan,Serie A,27,1997,5,1,104.0,1.2,4.8,0.0,0,0,0,0,0.3,0.2,0.2,0.3,0.4,2,0,2,0,0.0,1.73,0.0,11.2,76.9,299,51,2,2,1,1,2,1,1.73,0.0,2,4,8,30,1,100.0,1,79,21,1,0,27,16,13,4,0,1,1,0,0,0,0,0,0,1,40.0,1,0,2,2,0
Juanmi,ESP,FW,Getafe,La Liga,31,1993,3,3,231.0,2.6,10.7,0.39,0,0,0,0,0.6,0.0,0.0,0.6,0.6,2,0,3,2,66.7,1.17,0.0,16.9,64.2,406,55,1,0,0,0,0,0,0.78,0.0,1,0,6,77,1,100.0,1,123,40,8,3,42,39,29,5,6,1,7,3,0,2,4,2,4,12,25.0,1,0,3,1,2
Juanmi,ESP,FW,Betis,La Liga,31,1993,11,2,244.0,2.7,10.7,0.39,0,0,0,0,0.7,0.0,0.4,0.7,1.0,2,0,3,2,66.7,1.17,0.0,16.9,64.2,406,55,1,0,0,0,0,0,0.78,0.0,4,4,18,77,1,100.0,1,123,40,8,3,42,39,29,5,6,1,7,3,0,2,4,2,4,12,25.0,1,0,3,1,2
Juanpe,ESP,DF,Girona,La Liga,33,1991,8,7,597.0,6.6,27.6,-0.6,0,0,0,0,0.0,0.1,0.1,0.0,0.1,2,0,1,0,0.0,0.15,0.0,32.7,87.5,8898,2981,2,29,1,0,1,0,0.3,0.0,2,25,0,570,0,0.0,0,1563,889,3,1,391,231,12,0,8,8,16,45,1,14,3,0,5,19,73.1,2,0,3,2,0
Jubal,BRA,DF,Auxerre,Ligue 1,31,1993,19,19,1657.0,18.4,83.7,-0.11,3,1,0,3,3.2,0.5,0.4,0.8,1.3,7,1,15,5,33.3,0.81,0.07,16.8,84.2,10429,3270,2,18,5,0,0,0,0.38,0.05,0,20,2,868,1,100.0,1,1641,597,4,2,457,329,31,23,43,15,58,122,1,44,8,1,27,59,71.6,5,0,17,14,1
Anthony Jung,GER,DF,Werder Bremen,Bundesliga,33,1991,21,17,1549.0,17.2,78.2,-0.29,0,0,0,0,0.0,0.4,0.1,0.0,0.1,11,1,0,0,0.0,0.0,0.0,0.0,90.1,20199,7197,2,78,4,0,4,1,0.64,0.06,15,101,4,1402,7,85.7,6,3935,1937,9,2,964,602,64,1,28,22,50,65,1,18,10,1,17,69,65.0,1,0,7,13,2
Luiz Lúcio Reis Júnior,BRA,GK,Villarreal,La Liga,24,2001,7,6,558.0,6.2,25.8,0.81,0,0,0,0,0.0,0.0,0.0,0.0,0.0,0,0,0,0,0.0,0.0,0.0,0.0,75.3,3651,2627,0,2,0,0,0,0,0.0,0.0,0,0,0,193,0,0.0,0,517,371,0,0,77,4,0,0,0,0,0,8,0,0,0,0,0,8,100.0,0,0,0,1,0
Hamed Junior Traorè,CIV,MF,Auxerre,Ligue 1,25,2000,19,19,1551.0,17.2,0.0,0.0,9,9,1,10,5.6,2.1,2.1,5.6,7.8,53,5,51,20,39.2,2.96,0.18,18.9,72.1,4982,1645,21,37,20,7,36,4,3.08,0.29,49,73,114,708,78,32.1,25,2900,1438,48,42,489,324,321,62,34,5,39,9,0,9,17,9,16,76,33.3,4,0,23,31,6
Vinicius Júnior,BRA,FW,Real Madrid,La Liga,24,2000,18,16,1445.0,16.1,66.9,0.87,8,6,5,13,7.2,4.6,5.2,5.8,11.0,85,11,53,14,26.4,3.3,0.11,17.9,74.9,6299,1468,35,32,23,7,34,3,5.29,0.69,107,52,172,790,125,42.4,53,4838,2818,41,34,678,234,528,123,16,2,18,1,1,5,3,9,8,39,14.3,5,1,24,49,5
Josip Juranović,CRO,DF,Union Berlin,Bundesliga,29,1995,8,5,450.0,5.0,22.7,-0.2,0,0,0,0,0.0,1.1,0.9,0.0,0.9,29,2,1,1,100.0,0.2,0.0,29.1,68.3,3506,1519,12,23,8,0,31,5,5.83,0.4,8,31,22,301,5,60.0,3,610,310,5,2,153,131,100,0,11,1,12,12,0,3,2,2,5,30,25.0,1,0,3,0,0
David Jurásek,CZE,DF,Hoffenheim,Bundesliga,24,2000,8,4,392.0,4.4,19.8,-1.84,0,0,0,0,0.1,0.8,0.8,0.1,0.9,16,0,5,2,40.0,1.15,0.0,27.0,70.6,3743,1379,6,15,10,1,40,8,3.67,0.0,9,18,34,338,8,25.0,2,783,360,4,3,212,130,133,6,4,3,7,10,0,3,1,1,2,30,33.3,0,0,1,1,1
Stanko Jurić,CRO,MF,Valladolid,La Liga,28,1996,20,13,1298.0,14.4,60.1,-1.53,0,0,0,0,0.7,0.1,0.3,0.7,1.0,4,0,5,1,20.0,0.35,0.0,10.9,85.0,7971,2213,3,26,2,1,0,0,0.28,0.0,3,44,6,747,8,62.5,5,1530,632,18,10,421,374,49,8,39,16,55,46,0,24,16,2,19,73,75.0,5,0,32,7,0
James Justin,ENG,DF,Leicester City,Premier League,26,1998,24,24,2019.0,22.4,89.7,-1.16,2,2,1,3,1.4,0.5,0.5,1.4,1.9,27,1,22,6,27.3,0.98,0.09,15.1,77.9,12459,3977,10,54,12,1,37,5,1.2,0.04,32,58,64,1341,24,29.2,7,2500,1268,24,9,735,591,279,33,40,33,73,99,2,31,14,4,25,55,54.9,3,0,16,28,2
Filip Jørgensen,DEN,GK,Chelsea,Premier League,22,2002,4,4,360.0,4.0,16.0,0.0,0,0,0,0,0.0,0.0,0.0,0.0,0.0,1,0,0,0,0.0,0.0,0.0,0.0,86.6,1919,1096,0,1,0,0,0,0,0.25,0.0,0,0,0,135,0,0.0,0,442,258,0,0,90,1,0,0,0,0,0,0,2,0,0,0,0,4,0.0,0,0,1,0,0
Mohamed Kaba,FRA,MF,Lecce,Serie A,23,2001,9,0,201.0,2.2,8.9,-1.79,0,0,0,0,0.3,0.0,0.0,0.3,0.3,6,0,3,0,0.0,1.34,0.0,11.9,75.9,1100,352,0,8,1,1,0,0,2.69,0.0,2,11,5,126,3,0.0,0,389,155,6,3,88,70,23,5,9,2,11,5,1,4,5,0,4,10,50.0,1,0,4,6,0
Yusuf Kabadayı,GER,FW,Augsburg,Bundesliga,21,2004,5,0,71.0,0.8,3.6,0.0,1,1,0,1,0.6,0.0,0.0,0.6,0.7,4,0,4,1,25.0,5.07,0.25,19.7,64.0,251,69,1,0,1,0,1,0,5.07,0.0,2,3,8,42,6,33.3,2,246,73,6,0,30,16,25,2,1,0,1,0,0,1,1,0,0,6,0.0,0,0,1,1,1
Almugera Kabar,GER,DF,Dortmund,Bundesliga,18,2006,4,1,125.0,1.4,6.3,-1.44,0,0,0,0,0.0,0.0,0.1,0.0,0.1,2,0,0,0,0.0,0.0,0.0,0.0,91.2,1228,186,2,6,1,0,0,0,1.44,0.0,4,5,1,105,2,50.0,1,267,96,0,3,73,65,15,1,5,1,6,3,0,1,2,1,3,4,50.0,2,1,2,2,0
Christian Kabasele,BEL,DF,Udinese,Serie A,33,1991,13,9,916.0,10.2,40.7,-0.29,1,1,0,1,0.8,0.5,0.2,0.8,1.0,11,0,14,3,21.4,1.38,0.07,12.8,85.5,8358,2898,5,40,1,0,2,0,1.08,0.0,9,40,7,610,1,100.0,1,1776,974,8,3,401,301,50,22,12,10,22,44,1,9,7,0,7,29,63.0,0,0,18,12,0
Issa Kaboré,BFA,DF,Werder Bremen,Bundesliga,23,2001,7,2,208.0,2.3,0.0,0.0,0,0,0,0,0.4,0.1,0.6,0.4,1.0,8,2,4,0,0.0,1.73,0.0,15.2,76.8,1278,422,5,4,2,0,12,1,3.46,0.87,13,5,23,178,16,37.5,6,614,307,5,2,97,60,74,12,5,2,7,7,0,6,3,1,3,12,57.1,0,0,3,4,1
Yaya Kader Fofana,MLI,MF,Reims,Ligue 1,20,2004,12,8,634.0,7.0,32.0,0.71,1,1,1,2,0.6,1.0,1.7,0.6,2.3,22,5,13,4,30.8,1.85,0.08,20.1,76.3,2512,795,7,14,10,3,6,1,3.12,0.71,19,22,29,317,22,63.6,14,1359,773,14,8,220,156,92,17,17,3,20,2,0,11,5,4,11,33,28.6,4,0,16,7,0
Pavel Kadeřábek,CZE,DF,Hoffenheim,Bundesliga,32,1992,15,10,876.0,9.7,44.2,-0.82,0,0,0,0,0.3,0.9,1.0,0.3,1.3,23,1,6,1,16.7,0.62,0.0,15.1,68.0,5183,1886,14,24,11,0,46,9,2.36,0.1,6,20,55,561,6,83.3,5,878,428,3,3,349,217,197,16,16,14,30,28,1,9,2,6,8,13,64.0,5,0,14,5,1
Tino Kadewere,ZIM,MF,Nantes,Ligue 1,29,1996,8,6,475.0,5.3,24.0,0.0,1,1,2,3,1.6,0.5,1.0,1.6,2.5,17,2,7,5,71.4,1.33,0.14,16.0,73.8,1608,479,8,6,3,1,2,0,3.22,0.38,4,16,25,211,14,21.4,3,522,212,10,7,139,100,79,19,13,5,18,8,0,3,3,6,7,28,52.0,1,0,5,2,2
Ferdi Kadioglu,TUR,DF,Brighton,Premier League,25,1999,6,5,385.0,4.3,17.1,-0.7,1,1,0,1,0.4,0.3,0.2,0.4,0.6,13,2,4,1,25.0,0.94,0.25,15.1,82.3,2372,698,5,10,9,1,9,4,3.03,0.47,1,15,27,231,7,42.9,3,479,183,6,2,144,91,72,9,10,8,18,17,0,2,5,1,6,14,75.0,1,0,5,3,1
Arnaud Kalimuendo,FRA,FW,Rennes,Ligue 1,23,2002,21,20,1636.0,18.2,82.6,-0.11,9,5,0,9,8.0,1.4,1.1,4.5,5.6,26,2,34,14,41.2,1.87,0.15,16.5,78.1,4618,773,11,23,7,1,9,1,1.43,0.11,24,47,109,542,39,38.5,15,1578,651,36,41,427,261,246,76,10,3,13,8,0,6,4,2,8,37,29.8,2,0,15,27,8
Pierre Kalulu,FRA,DF,Juventus,Serie A,24,2000,19,18,1617.0,18.0,71.9,0.5,1,1,0,1,0.7,0.3,0.2,0.7,0.8,22,1,6,2,33.3,0.33,0.17,10.7,93.9,24113,7186,7,84,4,2,8,2,1.22,0.06,27,71,9,1680,10,30.0,3,7126,3812,13,3,1304,882,90,11,25,12,37,48,1,22,6,1,13,65,31.4,2,0,16,11,1
Justin-Noël Kalumba,FRA,MF,Angers,Ligue 1,20,2004,1,0,12.0,0.1,0.6,7.5,0,0,0,0,0.0,0.0,0.0,0.0,0.0,0,0,1,0,0.0,7.5,0.0,25.6,83.3,68,0,0,0,0,0,1,0,0.0,0.0,0,0,3,10,0,0.0,0,44,12,1,2,8,0,8,1,0,0,0,1,0,0,0,0,0,1,0.0,0,0,0,0,0
Daichi Kamada,JPN,MF,Crystal Palace,Premier League,28,1996,21,10,938.0,10.4,41.7,-0.19,0,0,0,0,0.7,0.9,1.1,0.7,1.8,33,1,13,4,30.8,1.25,0.0,20.5,79.2,6012,1635,15,37,10,3,20,2,3.17,0.1,16,57,38,575,8,50.0,4,1394,669,9,16,369,312,161,18,31,13,44,8,0,13,18,3,15,49,18.2,2,1,20,12,2
Waren Kamanzi,NOR,DF,Toulouse,Ligue 1,24,2000,17,8,767.0,8.5,38.7,0.59,0,0,0,0,0.4,0.2,0.3,0.4,0.6,15,1,4,0,0.0,0.47,0.0,15.9,81.9,4225,1083,6,21,5,1,12,0,1.76,0.12,15,26,46,450,19,52.6,10,1275,628,11,7,257,232,141,14,25,6,31,19,0,3,11,3,12,45,100.0,1,0,10,8,1
Boubacar Kamara,FRA,MF,Aston Villa,Premier League,25,1999,16,13,1051.0,11.7,46.7,-0.26,0,0,0,0,0.3,0.3,0.3,0.3,0.5,16,2,5,1,20.0,0.43,0.0,20.1,90.1,8699,2628,6,57,7,1,1,0,1.37,0.17,11,57,3,733,20,40.0,8,1840,854,5,8,492,419,88,6,40,13,53,32,3,12,13,4,15,58,50.0,2,0,18,20,0
Glen Kamara,FIN,MF,Rennes,Ligue 1,29,1995,13,8,662.0,7.4,33.4,-0.41,0,0,1,1,0.2,0.7,0.2,0.2,0.3,20,2,1,0,0.0,0.14,0.0,16.2,90.3,5500,1464,5,34,8,1,0,0,2.72,0.27,5,34,22,476,8,50.0,4,996,356,7,6,350,309,101,13,23,7,30,7,0,7,11,2,11,42,25.0,0,0,7,4,0
Hassane Kamara,CIV,DF,Udinese,Serie A,30,1994,19,14,1146.0,12.7,50.9,0.16,1,1,3,4,0.6,1.8,1.5,0.6,2.1,30,5,10,3,30.0,0.79,0.1,20.2,79.1,8467,2662,17,31,21,0,63,16,2.36,0.39,34,36,57,715,30,30.0,9,2082,1040,12,5,412,270,221,12,21,16,37,28,0,11,8,2,16,52,66.7,6,1,16,15,0
Willy Kambwala,FRA,DF,Villarreal,La Liga,20,2004,7,6,492.0,5.5,22.8,0.91,0,0,0,0,0.2,0.0,0.0,0.2,0.2,1,0,2,1,50.0,0.37,0.0,11.6,85.2,3696,1293,0,4,0,0,0,0,0.18,0.0,1,8,0,274,1,100.0,1,579,287,2,1,173,97,8,4,7,3,10,24,0,4,1,1,4,8,57.1,0,1,1,0,0
Jakub Kamiński,POL,DF,Wolfsburg,Bundesliga,22,2002,13,8,724.0,8.0,36.6,0.25,0,0,1,1,0.6,1.9,1.9,0.6,2.5,24,3,7,1,14.3,0.87,0.0,17.4,76.0,3121,928,13,13,7,0,24,2,2.98,0.37,19,23,30,354,10,40.0,4,1034,570,12,7,181,153,139,17,12,9,21,16,1,12,2,5,6,28,23.5,2,0,7,1,0
Kevin Kampl,SVN,MF,RB Leipzig,Bundesliga,34,1990,19,14,1209.0,13.4,61.1,0.07,1,1,0,1,0.6,2.5,1.4,0.6,2.0,37,4,5,2,40.0,0.37,0.2,18.7,90.2,13539,3963,15,67,21,4,25,3,2.75,0.3,16,90,23,1092,17,64.7,11,3366,1763,12,11,805,678,219,11,21,23,44,21,0,19,7,5,14,80,37.5,4,0,15,6,0
Nordine Kandil,FRA,MF,Strasbourg,Ligue 1,23,2001,1,0,10.0,0.1,0.5,0.0,0,0,0,0,0.0,0.0,0.0,0.0,0.0,0,0,0,0,0.0,0.0,0.0,0.0,50.0,51,6,0,0,0,0,0,0,0.0,0.0,1,0,0,8,1,100.0,1,31,21,0,0,7,6,0,0,0,0,0,1,0,0,0,0,0,0,50.0,0,0,2,0,0
Harry Kane,ENG,FW,Bayern,Bundesliga,31,1993,20,20,1614.0,17.9,81.5,2.57,21,12,7,28,15.8,4.2,3.3,8.8,12.1,61,16,68,29,42.6,3.79,0.18,16.1,79.7,6353,1457,25,41,24,13,12,2,3.4,0.89,20,57,94,621,41,43.9,18,1653,662,29,14,489,224,347,116,6,1,7,7,0,6,2,1,5,47,58.3,3,0,8,14,13
Lee Kang-in,KOR,FW,PSG,Ligue 1,23,2001,22,14,1287.0,14.3,65.0,1.54,6,6,4,10,2.9,5.3,4.6,2.9,7.5,80,4,34,12,35.3,2.38,0.18,18.7,86.9,12803,3174,47,77,38,11,77,6,5.6,0.28,42,112,105,1117,42,50.0,21,3557,1671,16,19,908,453,591,54,20,2,22,3,1,8,8,6,13,49,30.8,1,0,18,22,1
Yann Karamoh,FRA,MF,Torino,Serie A,26,1998,20,10,838.0,9.3,37.2,-0.11,0,0,1,1,1.2,0.9,0.9,1.2,2.1,22,2,23,6,26.1,2.47,0.0,17.1,67.7,2227,478,8,6,6,2,20,1,2.35,0.21,28,23,70,328,31,32.3,10,1496,743,21,18,268,120,172,42,5,0,5,3,0,6,1,2,2,30,41.7,1,0,10,12,2
Atakan Karazor,TUR,MF,Stuttgart,Bundesliga,28,1996,20,19,1569.0,17.4,79.2,0.29,1,1,2,3,1.1,1.5,1.7,1.1,2.8,24,4,7,2,28.6,0.4,0.14,16.6,86.8,15269,4642,10,83,8,4,2,0,1.38,0.23,10,82,17,1317,17,64.7,11,2557,1095,20,9,886,825,226,9,35,20,55,27,1,24,18,9,17,100,57.4,8,1,18,43,0
Jesper Karlsson,SWE,FW,Bologna,Serie A,26,1998,7,3,298.0,3.3,13.8,-0.6,1,1,0,1,0.7,0.1,0.1,0.7,0.8,9,1,6,2,33.3,1.81,0.17,20.3,75.0,962,159,2,2,2,0,4,1,2.72,0.3,6,6,31,128,6,33.3,2,557,207,6,9,106,48,68,6,1,0,1,3,0,4,0,1,0,8,33.3,1,0,6,4,1
Jesper Karlsson,SWE,FW,Lecce,Serie A,26,1998,6,1,113.0,1.3,13.8,-0.6,0,0,0,0,0.1,0.1,0.3,0.1,0.5,9,1,6,2,33.3,1.81,0.17,20.3,75.0,962,159,2,2,2,0,4,1,2.72,0.3,4,2,9,128,6,33.3,2,557,207,6,9,106,48,68,6,1,0,1,3,0,4,0,1,0,8,33.3,1,0,6,4,1
Jesper Karlström,SWE,MF,Udinese,Serie A,29,1995,24,23,2037.0,22.6,90.5,-0.27,0,0,2,2,0.5,0.9,0.7,0.5,1.2,32,2,9,0,0.0,0.4,0.0,19.1,82.2,13728,4459,11,86,13,0,11,3,1.41,0.09,12,82,26,1156,11,36.4,4,3004,1324,22,11,716,684,141,14,40,25,65,58,2,17,14,4,22,92,47.5,5,0,18,12,1
Lior Kasa,ISR,MF,Genoa,Serie A,19,2005,5,1,155.0,1.7,7.2,0.0,0,0,0,0,0.3,0.1,0.1,0.3,0.4,5,0,4,2,50.0,2.32,0.0,19.9,84.8,801,309,2,6,1,0,2,0,2.92,0.0,0,6,5,74,3,0.0,0,188,70,5,1,42,35,23,5,3,2,5,2,0,4,2,0,3,11,25.0,2,0,2,3,0
Grigoris Kastanos,CYP,MF,Hellas Verona,Serie A,27,1998,18,8,717.0,8.0,31.9,-1.0,1,1,1,2,0.7,0.8,1.5,0.7,2.2,20,2,17,5,29.4,2.13,0.06,24.1,71.0,2908,1038,9,25,6,2,16,1,2.51,0.25,7,27,21,333,12,0.0,0,801,289,7,8,194,167,117,10,19,7,26,4,0,14,6,7,12,40,43.5,2,0,10,14,0
Mikkel Kaufmann,DEN,FW,Heidenheim,Bundesliga,24,2001,9,3,372.0,4.1,18.8,-1.45,0,0,0,0,0.5,0.5,0.1,0.5,0.6,12,1,3,3,100.0,0.73,0.0,14.6,49.5,716,193,3,6,6,1,1,0,2.92,0.24,4,10,21,139,7,28.6,2,367,171,11,2,99,71,51,12,6,2,8,7,0,5,3,2,4,13,47.2,2,0,5,14,0
Michael Kayode,ITA,DF,Brentford,Premier League,20,2004,2,0,16.0,0.2,0.7,-5.63,0,0,0,0,0.0,0.1,0.2,0.0,0.2,2,0,0,0,0.0,0.0,0.0,0.0,50.0,186,66,2,0,1,0,3,1,11.25,0.0,1,0,3,16,0,0.0,0,30,7,0,0,6,3,8,1,0,0,0,0,0,0,0,0,0,1,100.0,0,0,1,0,0
Michael Kayode,ITA,DF,Fiorentina,Serie A,20,2004,5,1,127.0,1.4,0.7,-5.63,0,0,0,0,0.1,0.1,0.2,0.1,0.3,2,0,0,0,0.0,0.0,0.0,0.0,50.0,186,66,2,0,1,0,3,1,11.25,0.0,3,8,6,16,0,0.0,0,30,7,0,0,6,3,8,1,0,0,0,0,0,0,0,0,0,1,100.0,0,0,1,0,0
Moise Kean,ITA,FW,Fiorentina,Serie A,24,2000,23,22,1927.0,21.4,85.6,0.51,15,14,2,17,12.7,1.0,1.7,11.1,12.9,41,3,70,30,42.9,3.27,0.2,14.4,71.6,2613,465,14,8,8,1,9,1,1.91,0.14,29,22,103,494,71,46.5,33,1717,750,68,46,386,209,261,96,6,2,8,18,1,8,2,3,4,39,50.7,5,0,31,36,42
Michael Keane,ENG,DF,Everton,Premier League,32,1993,10,9,813.0,9.0,36.1,-1.0,2,2,0,2,0.4,0.0,0.1,0.4,0.5,6,0,8,3,37.5,0.89,0.25,14.8,81.9,5832,1865,2,17,0,0,1,0,0.66,0.0,1,12,3,409,1,0.0,0,736,234,0,2,236,167,18,14,10,10,20,50,0,9,2,1,7,23,57.6,4,0,9,0,0
Yassine Kechta,MAR,MF,Le Havre,Ligue 1,22,2002,20,15,1290.0,14.3,65.2,-0.84,1,1,0,1,1.1,1.0,1.0,1.1,2.1,31,2,19,8,42.1,1.33,0.05,26.7,79.2,5892,1847,11,34,13,2,11,5,2.16,0.14,27,52,57,616,9,33.3,3,1870,1007,27,18,383,331,155,14,41,13,54,21,1,17,16,5,25,69,21.7,4,0,24,23,2
Thilo Kehrer,GER,DF,Monaco,Ligue 1,28,1996,19,19,1710.0,19.0,86.4,0.79,4,4,0,4,1.2,0.4,0.3,1.2,1.4,19,3,8,7,87.5,0.42,0.5,8.5,89.2,21128,9192,3,81,1,1,1,0,1.0,0.16,9,90,2,1499,3,33.3,1,4226,2428,6,2,1000,791,41,13,33,25,58,85,1,14,9,0,21,101,59.2,0,0,12,17,1
Abdoulaye Keita,ESP,FW,Getafe,La Liga,22,2002,3,1,95.0,1.1,4.4,0.0,0,0,0,0,0.0,0.1,0.0,0.0,0.0,1,0,2,0,0.0,1.89,0.0,25.8,55.6,257,66,0,3,1,0,1,1,0.95,0.0,1,2,4,41,3,33.3,1,84,24,3,3,25,19,12,1,2,0,2,3,0,1,1,1,2,6,50.0,0,0,6,0,0
Mandela Keita,BEL,MF,Parma,Serie A,22,2002,17,11,739.0,8.2,32.8,-0.73,0,0,1,1,0.0,0.4,0.6,0.0,0.7,20,1,1,0,0.0,0.12,0.0,28.6,91.2,4691,1204,9,31,3,1,0,0,2.44,0.12,7,22,4,406,11,45.5,5,1200,533,13,8,260,252,74,0,25,7,32,12,1,9,17,4,12,46,61.5,6,1,13,16,0
Yannik Keitel,GER,MF,Stuttgart,Bundesliga,25,2000,8,1,157.0,1.7,7.9,-0.57,0,0,0,0,0.4,0.1,0.0,0.4,0.4,2,0,3,1,33.3,1.72,0.0,18.7,82.4,1491,467,1,12,3,0,1,0,1.15,0.0,2,8,2,139,1,100.0,1,311,135,2,1,104,92,26,2,5,2,7,3,0,3,3,1,4,5,50.0,1,0,1,3,0
Andu Kelati,GER,MF,Holstein Kiel,Bundesliga,22,2002,7,2,272.0,3.0,13.7,0.99,1,1,1,2,0.9,0.3,0.8,0.9,1.7,9,1,6,3,50.0,1.99,0.17,13.3,77.8,1740,499,4,11,3,1,6,2,2.98,0.33,2,18,10,152,3,66.7,2,293,121,8,4,99,85,41,9,7,3,10,3,0,4,4,1,4,18,0.0,2,1,4,4,0
Caoimhín Kelleher,IRL,GK,Liverpool,Premier League,26,1998,8,8,720.0,8.0,32.0,1.25,0,0,0,0,0.0,0.0,0.0,0.0,0.0,3,1,0,0,0.0,0.0,0.0,0.0,74.7,4749,2888,0,5,0,0,0,0,0.37,0.12,0,0,0,309,1,100.0,1,851,453,1,0,209,1,0,0,0,0,0,0,2,0,0,0,0,15,100.0,0,0,0,1,0
Thomas Keller,GER,DF,Heidenheim,Bundesliga,25,1999,2,2,104.0,1.2,5.3,-2.6,0,0,0,0,0.0,0.0,0.0,0.0,0.0,1,0,0,0,0.0,0.0,0.0,0.0,82.1,1087,443,0,2,0,0,0,0,0.87,0.0,0,6,0,90,0,0.0,0,175,82,2,0,54,42,2,0,6,2,8,11,0,3,1,0,5,2,80.0,1,0,4,4,0
Lloyd Kelly,ENG,DF,Newcastle,Premier League,26,1998,10,4,303.0,3.4,13.5,-1.49,0,0,1,1,0.4,0.1,0.5,0.4,0.9,2,1,3,0,0.0,0.89,0.0,7.3,80.7,2636,867,2,6,1,0,1,1,0.59,0.3,0,9,5,215,3,66.7,2,474,202,3,2,129,94,19,4,5,1,6,17,0,6,1,0,4,19,75.0,2,0,5,5,1
Lloyd Kelly,ENG,DF,Juventus,Serie A,26,1998,1,0,45.0,0.5,13.5,-1.49,0,0,0,0,0.0,0.1,0.0,0.0,0.0,2,1,3,0,0.0,0.89,0.0,7.3,80.7,2636,867,2,6,1,0,1,1,0.59,0.3,0,0,0,215,3,66.7,2,474,202,3,2,129,94,19,4,5,1,6,17,0,6,1,0,4,19,75.0,2,0,5,5,1
Aljoscha Kemlein,GER,MF,Union Berlin,Bundesliga,20,2004,15,11,922.0,10.2,46.6,-1.07,1,1,0,1,0.9,0.7,0.6,0.9,1.5,21,2,11,3,27.3,1.07,0.09,17.4,75.5,5960,1692,10,28,6,0,5,1,2.05,0.2,5,42,19,549,9,66.7,6,952,437,11,1,329,331,105,18,10,6,16,15,0,14,5,1,4,58,57.6,3,0,15,2,1
Marc-Oliver Kempf,GER,DF,Como,Serie A,30,1995,20,19,1698.0,18.9,75.5,-0.16,0,0,0,0,0.8,0.9,1.0,0.8,1.7,26,1,12,1,8.3,0.64,0.0,12.0,86.8,16900,6459,6,83,6,3,3,1,1.38,0.05,14,63,1,1316,5,80.0,4,3595,1840,5,3,843,609,59,15,22,28,50,86,1,17,10,1,13,73,72.9,3,0,10,10,0
Kenedy,BRA,MF,Valladolid,La Liga,29,1996,2,0,9.0,0.1,0.4,-10.0,0,0,0,0,0.0,0.0,0.0,0.0,0.0,0,0,1,0,0.0,10.0,0.0,7.2,50.0,10,0,0,0,0,0,0,0,0.0,0.0,1,0,2,5,1,0.0,0,15,4,0,1,3,1,4,2,0,0,0,0,0,1,0,0,0,1,0.0,0,0,0,0,0
Luca Kerber,GER,MF,Heidenheim,Bundesliga,22,2002,14,5,552.0,6.1,27.9,-0.33,1,1,0,1,0.4,0.3,0.4,0.4,0.8,5,1,5,3,60.0,0.82,0.2,14.7,73.9,2432,538,3,5,3,0,1,0,0.81,0.16,1,12,10,260,2,0.0,0,502,176,9,3,146,131,40,8,19,2,21,17,0,8,6,1,13,16,30.0,4,0,14,4,0
Milos Kerkez,HUN,DF,Bournemouth,Premier League,21,2003,25,25,2177.0,24.2,96.8,0.41,2,2,3,5,0.5,1.8,2.9,0.4,3.3,55,6,14,3,21.4,0.58,0.14,20.6,76.9,13312,4595,23,58,25,2,73,15,2.27,0.25,62,111,119,1336,31,41.9,13,3771,2269,33,11,718,559,449,40,33,30,63,73,1,23,14,3,18,112,29.5,3,0,22,27,1
Reda Khadra,GER,MF,Reims,Ligue 1,23,2001,4,0,78.0,0.9,3.9,0.0,0,0,0,0,0.0,0.0,0.0,0.0,0.0,2,0,0,0,0.0,0.0,0.0,0.0,73.3,338,98,1,1,1,1,3,0,2.25,0.0,4,4,7,38,7,57.1,4,305,185,1,0,25,12,22,1,1,0,1,1,0,0,0,0,1,7,0.0,0,0,0,3,0
Bilal El Khannouss,MAR,MF,Leicester City,Premier League,20,2004,20,15,1185.0,13.2,52.7,-1.75,2,2,1,3,0.5,1.5,1.9,0.5,2.4,32,2,15,3,20.0,1.14,0.13,23.5,75.4,7914,2073,19,53,16,5,41,4,2.43,0.15,32,66,41,703,32,68.8,22,2338,1023,20,18,466,381,237,18,32,4,36,4,0,14,18,5,17,47,58.3,2,0,21,5,0
Wahbi Khazri,TUN,FW,Montpellier,Ligue 1,34,1991,21,9,892.0,9.9,45.1,-1.82,1,1,1,2,1.6,1.7,2.1,1.6,3.7,30,2,26,5,19.2,2.62,0.04,24.4,65.5,3286,1039,16,25,6,2,41,4,3.03,0.2,17,29,41,407,19,26.3,5,1245,518,19,23,256,173,186,30,20,5,25,8,0,11,11,4,15,38,29.2,3,0,18,22,4
Rani Khedira,GER,MF,Union Berlin,Bundesliga,31,1994,20,19,1677.0,18.6,84.7,-0.16,0,0,0,0,0.6,0.7,0.4,0.6,0.9,23,1,8,0,0.0,0.43,0.0,17.6,73.5,6958,2280,7,46,6,0,13,1,1.23,0.05,7,52,20,850,5,40.0,2,1340,526,13,5,433,490,142,22,46,29,75,34,0,17,25,2,28,71,59.0,5,0,32,10,0
Abdukodir Khusanov,UZB,DF,City,Premier League,20,2004,2,2,143.0,1.6,6.4,2.52,0,0,0,0,0.0,0.0,0.0,0.0,0.0,1,0,1,0,0.0,0.63,0.0,23.9,90.4,1756,643,0,1,0,0,0,0,0.63,0.0,0,6,0,127,1,0.0,0,389,147,2,0,103,58,2,1,1,0,1,6,1,1,1,0,1,7,66.7,1,0,3,1,0
Abdukodir Khusanov,UZB,DF,Lens,Ligue 1,20,2004,13,11,975.0,10.8,6.4,2.52,0,0,0,0,0.2,0.0,0.3,0.2,0.6,1,0,1,0,0.0,0.63,0.0,23.9,90.4,1756,643,0,1,0,0,0,0,0.63,0.0,2,43,6,127,1,0.0,0,389,147,2,0,103,58,2,1,1,0,1,6,1,1,1,0,1,7,66.7,1,0,3,1,0
Kialonda,ANG,DF,Lecce,Serie A,27,1997,15,15,1350.0,15.0,60.0,-1.2,0,0,1,1,1.0,0.5,0.3,1.0,1.3,9,1,10,0,0.0,0.67,0.0,7.9,85.6,11710,3987,4,14,0,0,2,0,0.6,0.07,3,19,2,834,7,85.7,6,1706,760,9,1,526,260,35,24,24,17,41,73,1,30,6,0,7,35,69.6,3,0,6,12,0
Kiké,ESP,FW,Alaves,La Liga,35,1989,23,17,1527.0,17.0,70.7,0.18,10,8,0,10,5.3,1.1,0.8,3.7,4.5,26,4,32,14,43.8,1.89,0.25,16.3,66.0,3395,688,10,21,6,4,8,1,1.53,0.24,12,35,80,514,21,38.1,8,1205,402,56,24,410,248,238,65,9,0,9,12,0,3,6,2,8,55,53.9,5,1,36,33,16
Max Kilman,ENG,DF,West Ham,Premier League,27,1997,25,25,2178.0,24.2,96.8,-0.79,0,0,1,1,1.4,0.9,0.9,1.4,2.3,18,3,10,2,20.0,0.41,0.0,7.9,85.7,21072,7573,12,82,3,0,0,0,0.74,0.12,21,91,3,1515,17,70.6,12,3587,2098,10,1,1002,614,67,24,22,28,50,128,4,41,10,3,11,102,66.7,3,0,9,8,1
Joshua Kimmich,GER,MF,Bayern,Bundesliga,30,1995,22,22,1980.0,22.0,100.0,2.09,1,1,6,7,1.2,7.5,5.5,1.2,6.7,109,15,23,7,30.4,1.05,0.04,23.9,90.1,41332,11505,57,292,30,16,114,6,4.95,0.68,37,241,49,2715,16,56.3,9,8533,3631,14,5,2140,1651,709,12,37,16,53,19,2,18,25,5,23,137,60.0,3,0,12,15,2
Joshua King,ENG,MF,Fulham,Premier League,18,2007,5,1,80.0,0.9,3.6,1.13,0,0,0,0,0.2,0.7,0.4,0.2,0.6,4,0,1,0,0.0,1.13,0.0,5.3,86.5,477,92,3,2,1,0,1,0,4.5,0.0,1,4,9,54,7,57.1,4,176,70,1,3,36,19,28,7,5,1,6,1,0,2,3,0,3,3,0.0,0,0,2,2,0
Joshua King,NOR,FW,Toulouse,Ligue 1,33,1992,19,15,1176.0,13.1,3.6,1.13,4,4,2,6,4.5,0.7,1.6,4.5,6.1,4,0,1,0,0.0,1.13,0.0,5.3,86.5,477,92,3,2,1,0,1,0,4.5,0.0,25,23,75,54,7,57.1,4,176,70,1,3,36,19,28,7,5,1,6,1,0,2,3,0,3,3,0.0,0,0,2,2,0
Antonín Kinský,CZE,GK,Tottenham,Premier League,21,2003,4,4,360.0,4.0,16.0,-0.25,0,0,0,0,0.0,0.0,0.1,0.0,0.1,1,0,0,0,0.0,0.0,0.0,0.0,80.0,2699,1686,1,2,0,0,0,0,0.25,0.0,1,1,0,156,0,0.0,0,444,267,0,0,98,2,0,0,3,0,3,5,1,0,0,0,1,4,100.0,0,0,0,0,0
Cédric Kipré,CIV,DF,Reims,Ligue 1,28,1996,19,17,1512.0,16.8,76.4,-0.6,0,0,1,1,0.6,0.8,0.6,0.6,1.2,20,2,7,1,14.3,0.42,0.0,13.2,89.2,15460,5509,5,59,2,2,3,0,1.19,0.12,9,57,1,1110,7,100.0,7,3589,1928,9,2,745,477,43,15,31,22,53,105,2,24,7,1,21,56,65.9,3,0,17,6,0
Jakub Kiwior,POL,DF,Arsenal,Premier League,25,2000,8,2,327.0,3.6,14.5,-0.55,0,0,0,0,0.0,0.0,0.1,0.0,0.1,1,0,0,0,0.0,0.0,0.0,0.0,84.0,2623,792,1,8,0,0,0,0,0.28,0.0,1,8,0,202,2,50.0,1,333,153,0,0,138,103,8,0,4,1,5,16,1,5,1,0,2,9,62.5,0,0,5,1,0
Tim Kleindienst,GER,FW,Gladbach,Bundesliga,29,1995,21,21,1858.0,20.6,93.8,0.44,14,13,5,19,12.0,3.1,4.1,10.2,14.4,50,11,61,31,50.8,2.95,0.21,13.5,60.0,4190,988,18,18,13,6,12,1,2.42,0.53,30,38,100,779,26,38.5,10,1770,686,50,34,548,400,297,106,21,8,29,43,0,29,9,7,12,43,53.7,2,0,57,18,18
Lukas Klostermann,GER,DF,RB Leipzig,Bundesliga,28,1996,20,14,1263.0,14.0,63.8,0.36,0,0,0,0,0.2,0.5,0.0,0.2,0.3,12,2,3,1,33.3,0.21,0.0,15.9,87.4,13103,4534,1,61,6,0,10,1,0.86,0.14,14,66,22,1055,4,75.0,3,2210,1091,6,0,705,513,93,10,21,22,43,96,1,23,6,2,11,48,47.1,2,0,10,4,0
Justin Kluivert,NED,MF,Bournemouth,Premier League,25,1999,24,20,1606.0,17.8,71.4,0.67,11,5,5,16,8.8,2.0,3.3,4.1,7.4,66,10,44,19,43.2,2.47,0.11,20.1,71.9,5367,1444,31,28,17,2,51,3,3.7,0.56,49,69,108,700,56,39.3,22,2634,1491,35,16,441,236,407,96,18,11,29,20,1,18,9,5,8,60,26.1,6,0,32,18,5
Ansgar Knauff,GER,MF,Eint Frankfurt,Bundesliga,23,2002,20,11,1039.0,11.5,52.5,0.61,1,1,4,5,1.4,2.9,3.9,1.4,5.3,41,7,17,4,23.5,1.47,0.06,17.2,67.5,3431,1310,18,10,13,3,24,2,3.56,0.61,37,40,94,535,36,41.7,15,1862,1078,31,11,320,212,220,47,35,9,44,14,0,18,12,6,19,44,50.0,2,0,16,10,5
Magnus Knudsen,NOR,MF,Holstein Kiel,Bundesliga,23,2001,19,15,1182.0,13.1,59.7,-0.99,0,0,1,1,0.2,1.2,0.7,0.2,0.9,22,4,5,1,20.0,0.38,0.0,25.4,84.5,7482,2076,4,25,8,1,3,1,1.67,0.3,12,37,12,641,8,87.5,7,1496,677,17,7,401,362,64,3,36,10,46,23,0,14,14,5,23,54,23.8,6,0,23,5,0
Gregor Kobel,SUI,GK,Dortmund,Bundesliga,27,1997,20,20,1800.0,20.0,90.9,0.0,0,0,0,0,0.0,0.0,0.0,0.0,0.0,3,0,0,0,0.0,0.0,0.0,0.0,82.3,15814,10717,1,3,0,0,0,0,0.15,0.0,0,0,0,849,2,100.0,2,2642,1542,0,0,524,9,0,0,0,0,0,10,3,0,0,0,0,36,100.0,1,0,0,0,0
Robin Koch,GER,DF,Eint Frankfurt,Bundesliga,28,1996,20,20,1706.0,19.0,86.2,0.95,1,1,0,1,0.9,0.2,0.1,0.9,1.0,13,3,8,3,37.5,0.42,0.13,14.0,91.2,20773,7206,4,64,2,0,1,0,0.69,0.16,7,56,2,1431,2,50.0,1,3670,2015,8,2,951,647,40,19,14,16,30,110,3,30,5,2,7,67,63.2,3,0,15,7,1
Hervé Koffi,BFA,GK,Lens,Ligue 1,28,1996,5,5,450.0,5.0,22.7,-1.0,0,0,0,0,0.0,0.0,0.0,0.0,0.0,0,0,0,0,0.0,0.0,0.0,0.0,72.6,2631,1938,0,4,0,0,0,0,0.0,0.0,0,0,0,151,0,0.0,0,457,280,0,0,77,2,0,0,1,0,1,5,0,0,0,0,1,3,100.0,2,0,0,0,0
Magnus Kofod Andersen,DEN,MF,Venezia,Serie A,25,1999,14,7,695.0,7.7,32.2,0.0,1,1,1,2,0.3,0.6,0.5,0.3,0.7,20,3,8,2,25.0,1.04,0.13,25.0,79.9,3986,1038,9,18,3,0,16,0,2.59,0.39,7,24,18,370,4,50.0,2,1014,496,8,6,238,205,90,8,13,6,19,12,0,7,9,1,4,31,53.3,1,0,7,5,0
Derrick Köhn,GER,DF,Werder Bremen,Bundesliga,26,1999,20,13,1216.0,13.5,61.4,-0.37,2,2,2,4,0.7,2.0,1.7,0.7,2.4,36,3,12,4,33.3,0.89,0.17,15.4,80.0,7795,1881,16,21,15,1,44,6,2.66,0.22,32,36,110,809,39,38.5,15,2232,1189,21,11,520,325,282,28,18,9,27,22,0,18,8,3,9,52,33.3,2,0,13,16,4
Philipp Köhn,SUI,GK,Monaco,Ligue 1,26,1998,10,10,900.0,10.0,45.5,0.8,0,0,0,0,0.0,0.0,0.0,0.0,0.0,2,1,0,0,0.0,0.0,0.0,0.0,75.9,5664,4129,0,1,0,0,0,0,0.2,0.1,0,0,0,315,0,0.0,0,973,481,0,0,157,0,0,0,0,0,0,6,0,0,0,0,0,20,100.0,1,0,0,1,0
Dominik Kohr,GER,DF,Mainz 05,Bundesliga,31,1994,21,21,1843.0,20.5,93.1,0.63,0,0,0,0,0.4,1.6,0.5,0.4,0.9,25,1,10,2,20.0,0.49,0.0,23.9,81.3,16721,6066,10,65,13,2,12,3,1.22,0.05,22,86,28,1354,9,55.6,5,2866,1353,19,7,793,595,121,18,50,36,86,99,0,33,18,5,37,81,50.0,9,0,36,28,1
Koka,EGY,FW,Le Havre,Ligue 1,31,1993,5,3,285.0,3.2,14.4,0.63,1,1,0,1,2.4,0.0,0.3,2.4,2.7,3,0,9,4,44.4,2.84,0.11,10.7,90.9,698,64,3,2,1,0,0,0,0.95,0.0,0,3,6,67,6,50.0,3,127,23,0,5,51,42,18,14,1,1,2,3,0,1,1,0,1,8,53.8,0,0,4,2,1
Koke,ESP,MF,Atleti,La Liga,33,1992,23,14,1428.0,15.9,66.1,0.63,1,1,1,2,1.0,1.3,1.1,1.0,2.1,37,4,9,4,44.4,0.57,0.11,20.5,87.0,15295,4541,9,90,15,1,11,4,2.33,0.25,14,89,11,1255,18,44.4,8,3097,1416,13,6,884,721,232,9,37,17,54,23,1,17,18,6,21,93,53.3,4,0,19,10,0
Sead Kolašinac,BIH,DF,Atalanta,Serie A,31,1993,16,16,1326.0,14.7,58.9,1.15,0,0,1,1,0.7,1.0,1.0,0.7,1.7,21,3,8,2,25.0,0.54,0.0,14.3,89.0,12930,4285,9,74,7,0,7,1,1.43,0.2,35,99,36,1065,10,20.0,2,3048,2045,7,12,774,553,175,18,26,16,42,29,1,6,12,0,16,89,60.0,5,0,26,15,2
Randal Kolo Muani,FRA,FW,Juventus,Serie A,26,1998,4,4,351.0,3.9,15.6,1.03,5,4,1,6,2.1,0.1,0.3,1.3,1.6,7,3,8,6,75.0,2.05,0.5,13.4,57.8,336,37,4,3,2,0,3,0,1.79,0.77,6,2,28,95,16,50.0,8,246,94,12,5,59,32,55,22,4,0,4,1,0,2,3,1,1,10,23.1,0,0,11,5,3
Randal Kolo Muani,FRA,FW,PSG,Ligue 1,26,1998,10,2,358.0,4.0,15.6,1.03,2,1,1,3,4.7,0.1,0.9,3.9,4.7,7,3,8,6,75.0,2.05,0.5,13.4,57.8,336,37,4,3,2,0,3,0,1.79,0.77,8,5,35,95,16,50.0,8,246,94,12,5,59,32,55,22,4,0,4,1,0,2,3,1,1,10,23.1,0,0,11,5,3
Marco Komenda,CRO,DF,Holstein Kiel,Bundesliga,28,1996,12,10,714.0,7.9,36.1,-0.5,0,0,0,0,0.1,0.5,0.5,0.1,0.6,12,1,2,0,0.0,0.25,0.0,24.4,78.7,5562,2849,5,33,5,1,8,4,1.51,0.13,8,23,6,440,0,0.0,0,849,496,2,0,292,181,27,5,15,2,17,29,0,14,6,1,8,19,37.5,1,0,8,10,0
Mert Kömür,GER,MF,Augsburg,Bundesliga,19,2005,10,1,288.0,3.2,14.5,-0.94,1,1,1,2,0.4,0.2,0.3,0.4,0.7,11,1,6,4,66.7,1.87,0.17,20.8,75.5,966,206,5,2,0,0,6,0,3.43,0.31,7,3,23,142,12,50.0,6,453,184,11,10,94,67,54,9,2,3,5,3,1,5,0,1,1,19,53.8,1,0,2,5,1
Ibrahima Konaté,FRA,DF,Liverpool,Premier League,25,1999,19,18,1534.0,17.0,68.2,1.29,1,1,2,3,1.0,0.7,0.8,1.0,1.8,19,5,11,2,18.2,0.65,0.09,11.2,89.8,18960,6827,8,94,7,0,0,0,1.11,0.29,16,74,2,1341,2,50.0,1,3772,2165,6,2,953,693,93,15,24,9,33,79,1,18,5,1,16,61,77.8,5,0,16,10,0
Ismael Konate,CIV,FW,Empoli,Serie A,18,2006,5,0,24.0,0.3,1.1,-7.5,0,0,0,0,0.1,0.0,0.0,0.1,0.1,0,0,1,0,0.0,3.75,0.0,17.7,41.7,59,5,0,0,0,0,0,0,0.0,0.0,2,0,1,21,1,100.0,1,27,16,4,1,15,9,7,2,2,0,2,1,0,0,0,0,0,0,40.0,0,0,2,0,0
Geoffrey Kondogbia,CTA,DF,Marseille,Ligue 1,32,1993,15,12,1144.0,12.7,57.8,0.79,0,0,0,0,0.3,0.5,0.1,0.3,0.4,14,0,4,0,0.0,0.31,0.0,16.1,92.7,14126,4602,2,64,8,2,1,1,1.1,0.0,8,55,2,1086,10,60.0,6,3096,1559,8,6,839,630,94,6,35,11,46,37,2,11,14,1,21,52,58.8,1,0,8,8,0
Abdoul Koné,FRA,DF,Reims,Ligue 1,19,2005,3,1,120.0,1.3,6.1,-0.75,0,0,0,0,0.0,0.0,0.0,0.0,0.0,0,0,0,0,0.0,0.0,0.0,0.0,70.0,864,174,0,1,0,0,0,0,0.0,0.0,0,3,0,79,2,50.0,1,134,23,5,1,38,36,7,0,5,1,6,4,0,2,1,0,3,7,100.0,0,0,3,3,0
Amadou Koné,MLI,MF,Reims,Ligue 1,19,2005,13,7,598.0,6.6,30.2,-0.15,0,0,0,0,0.1,0.2,0.0,0.1,0.2,12,1,6,1,16.7,0.9,0.0,26.6,89.9,5246,1475,2,31,3,1,0,0,1.81,0.15,15,44,8,396,14,78.6,11,1740,876,10,7,274,251,53,2,26,8,34,9,0,10,12,0,18,39,37.5,1,1,9,26,0
Ismaël Koné,CAN,MF,Marseille,Ligue 1,22,2002,8,3,360.0,4.0,18.2,0.25,0,0,0,0,0.3,0.2,0.4,0.3,0.6,6,0,4,0,0.0,1.0,0.0,22.5,86.7,2484,457,4,9,1,1,3,0,1.5,0.0,2,10,10,221,8,25.0,2,659,237,4,6,170,115,65,5,8,4,12,2,1,4,3,2,4,14,28.6,0,0,4,11,1
Ismaël Koné,CAN,MF,Rennes,Ligue 1,22,2002,2,1,94.0,1.0,18.2,0.25,0,0,0,0,0.0,0.2,0.0,0.0,0.0,6,0,4,0,0.0,1.0,0.0,22.5,86.7,2484,457,4,9,1,1,3,0,1.5,0.0,1,4,1,221,8,25.0,2,659,237,4,6,170,115,65,5,8,4,12,2,1,4,3,2,4,14,28.6,0,0,4,11,1
Manu Koné,FRA,MF,Roma,Serie A,23,2001,22,19,1579.0,17.5,70.2,0.23,2,2,1,3,1.5,1.0,1.1,1.5,2.5,44,5,22,6,27.3,1.25,0.09,20.0,89.9,11203,2589,11,60,5,3,2,1,2.51,0.28,42,78,26,959,40,30.0,12,3781,1819,35,22,739,594,240,25,26,12,38,12,0,12,11,5,17,64,40.6,5,0,20,60,1
Ezri Konsa,ENG,DF,Aston Villa,Premier League,27,1997,22,22,1901.0,21.1,84.5,-0.24,1,1,0,1,0.6,0.4,0.2,0.6,0.8,16,3,5,2,40.0,0.24,0.2,9.1,91.8,16823,5295,3,71,1,6,5,0,0.76,0.14,14,56,11,1250,13,53.8,7,3783,1904,12,5,870,595,90,15,28,16,44,71,2,12,7,4,16,60,52.9,0,0,3,31,0
Teun Koopmeiners,NED,MF,Juventus,Serie A,26,1998,21,19,1614.0,17.9,71.7,0.78,1,1,3,4,3.3,2.8,2.5,3.3,5.8,48,3,36,8,22.2,2.01,0.03,18.4,81.1,10042,2679,32,53,15,3,89,3,2.68,0.17,28,74,83,942,17,47.1,8,2282,1113,33,16,628,443,351,39,25,8,33,22,2,28,16,3,16,42,47.2,3,0,28,9,3
Odilon Kossounou,CIV,DF,Atalanta,Serie A,24,2001,12,7,720.0,8.0,32.0,0.87,0,0,0,0,0.5,0.1,0.0,0.5,0.6,5,0,6,4,66.7,0.75,0.0,17.5,87.5,7371,2542,1,34,2,1,3,0,0.62,0.0,11,29,9,531,6,33.3,2,1629,877,8,3,362,288,57,10,11,7,18,14,0,10,4,0,7,45,69.6,1,0,12,5,0
Christian Kouamé,CIV,FW,Fiorentina,Serie A,27,1997,18,5,622.0,6.9,27.6,1.3,0,0,1,1,1.1,0.7,1.5,1.1,2.5,22,0,11,1,9.1,1.59,0.0,14.3,69.5,2017,386,9,10,4,0,6,1,3.19,0.0,7,16,46,286,20,35.0,7,713,288,17,13,205,127,132,35,13,2,15,10,0,3,4,5,8,20,60.4,1,0,13,14,2
Christian Kouamé,CIV,FW,Empoli,Serie A,27,1997,2,1,111.0,1.2,27.6,1.3,0,0,0,0,0.8,0.7,0.5,0.8,1.2,22,0,11,1,9.1,1.59,0.0,14.3,69.5,2017,386,9,10,4,0,6,1,3.19,0.0,3,3,10,286,20,35.0,7,713,288,17,13,205,127,132,35,13,2,15,10,0,3,4,5,8,20,60.4,1,0,13,14,2
Henri Koudossou,GER,DF,Augsburg,Bundesliga,25,1999,15,4,602.0,6.7,30.4,-0.15,0,0,0,0,0.1,0.4,0.5,0.1,0.6,12,2,2,0,0.0,0.3,0.0,19.5,76.9,3258,1142,6,5,7,0,17,3,1.79,0.3,12,15,35,362,13,53.8,7,798,356,12,1,172,140,102,8,17,11,28,33,0,8,10,1,10,34,50.0,1,0,4,2,2
Konstantinos Koulierakis,GRE,DF,Wolfsburg,Bundesliga,21,2003,20,18,1633.0,18.1,82.5,0.5,0,0,2,2,0.4,0.6,0.9,0.4,1.3,23,3,14,2,14.3,0.77,0.0,17.7,83.7,17496,6243,7,68,9,1,9,3,1.27,0.17,13,67,5,1279,7,57.1,4,3625,1942,13,2,812,601,69,21,32,22,54,98,1,26,10,2,16,57,60.0,3,0,21,8,1
Emmanuel Koum Mbondo,FRA,DF,Marseille,Ligue 1,19,2006,1,0,12.0,0.1,0.6,0.0,0,0,0,0,0.0,0.0,0.0,0.0,0.0,0,0,0,0,0.0,0.0,0.0,0.0,88.9,101,26,0,0,0,0,0,0,0.0,0.0,0,0,0,9,0,0.0,0,12,2,0,1,8,5,1,0,0,0,0,0,0,0,0,0,0,0,0.0,0,0,0,0,0
Jules Koundé,FRA,DF,Barcelona,La Liga,26,1998,23,21,1865.0,20.7,90.1,1.59,2,2,3,5,1.7,3.1,3.5,1.7,5.2,36,5,15,5,33.3,0.72,0.13,13.4,85.6,19667,5734,24,98,18,5,48,5,1.74,0.24,32,111,148,1684,38,39.5,15,3189,1705,31,11,1086,811,453,59,48,14,62,44,2,29,20,6,33,74,50.0,2,0,16,13,5
Boubakar Kouyaté,MLI,DF,Montpellier,Ligue 1,27,1997,6,3,306.0,3.4,15.5,-2.06,0,0,0,0,0.3,0.0,0.0,0.3,0.3,1,0,4,0,0.0,1.18,0.0,11.4,84.0,1660,479,0,0,0,0,0,0,0.3,0.0,1,1,0,160,0,0.0,0,375,154,0,0,79,72,4,3,10,5,15,31,0,8,4,0,5,11,73.3,4,1,8,4,1
Mateo Kovačić,CRO,MF,City,Premier League,30,1994,21,18,1549.0,17.2,68.8,0.76,4,4,1,5,1.4,2.5,3.4,1.4,4.8,52,5,32,8,25.0,1.86,0.13,22.0,93.3,18842,4944,26,133,20,8,0,0,3.02,0.29,43,110,14,1481,32,53.1,17,5807,2726,15,21,1202,831,461,14,46,15,61,16,0,15,26,7,27,79,61.5,5,0,18,18,0
Viktor Kovalenko,UKR,DF,Empoli,Serie A,29,1996,1,0,6.0,0.1,0.3,-15.0,0,0,0,0,0.0,0.0,0.0,0.0,0.0,0,0,0,0,0.0,0.0,0.0,0.0,50.0,12,4,0,0,0,0,0,0,0.0,0.0,0,0,1,4,0,0.0,0,3,1,0,0,3,2,1,0,0,0,0,0,0,0,0,0,0,0,0.0,0,0,0,0,0
Matej Kovar,CZE,GK,Leverkusen,Bundesliga,24,2000,2,2,180.0,2.0,9.1,0.0,0,0,0,0,0.0,0.0,0.0,0.0,0.0,0,0,0,0,0.0,0.0,0.0,0.0,83.3,1315,781,0,2,0,0,0,0,0.0,0.0,0,0,0,63,0,0.0,0,183,75,0,0,34,0,0,0,0,0,0,0,0,0,0,0,0,4,0.0,0,0,0,1,0
Mateusz Kowalski,POL,MF,Parma,Serie A,19,2005,1,1,56.0,0.6,2.5,1.61,0,0,0,0,0.4,0.0,0.0,0.4,0.4,0,0,1,0,0.0,1.61,0.0,3.7,66.7,95,24,0,1,0,0,0,0,0.0,0.0,0,0,2,18,0,0.0,0,31,10,2,2,14,10,6,2,0,0,0,1,0,1,0,0,0,0,0.0,0,0,1,0,0
Goduine Koyalipou,CTA,FW,Lens,Ligue 1,25,2000,5,5,326.0,3.6,16.5,0.28,1,1,0,1,1.0,0.3,0.4,1.0,1.5,9,0,15,4,26.7,4.14,0.07,16.1,67.4,822,149,4,3,3,0,1,0,2.48,0.0,9,7,31,136,14,35.7,5,428,233,12,5,98,66,66,20,1,0,1,3,0,0,1,0,1,8,20.0,0,0,4,1,2
Caleb Kporha,ENG,DF,Crystal Palace,Premier League,18,2006,2,0,13.0,0.1,0.6,-6.92,0,0,0,0,0.0,0.0,0.0,0.0,0.0,0,0,0,0,0.0,0.0,0.0,0.0,71.4,72,21,0,0,1,0,2,1,0.0,0.0,1,0,0,11,0,0.0,0,46,36,0,2,3,2,5,0,2,0,2,1,0,0,0,0,1,1,0.0,0,0,0,0,0
Emil Krafth,SWE,DF,Newcastle,Premier League,30,1994,4,2,242.0,2.7,10.8,0.74,0,0,0,0,0.0,0.0,0.1,0.0,0.1,3,0,1,0,0.0,0.37,0.0,14.6,80.3,1056,485,1,3,0,0,0,0,1.12,0.0,0,1,0,102,0,0.0,0,169,35,2,1,52,31,6,3,2,2,4,10,0,5,1,1,1,11,57.1,0,0,3,1,0
Alex Král,CZE,MF,Espanyol,La Liga,26,1998,24,23,2103.0,23.4,97.4,-0.51,0,0,1,1,0.8,1.5,1.5,0.8,2.3,35,1,13,1,7.7,0.56,0.0,15.4,72.1,7975,2088,11,57,10,6,29,4,1.5,0.04,40,66,58,901,44,52.3,23,3225,1554,39,23,540,512,198,37,46,21,67,32,0,24,22,2,30,101,57.1,1,0,24,18,0
Andrej Kramarić,CRO,MF,Hoffenheim,Bundesliga,33,1991,20,20,1709.0,19.0,86.3,-0.9,7,5,4,11,7.2,4.2,2.5,5.6,8.1,66,8,41,14,34.1,2.16,0.12,15.4,77.7,10034,2687,28,70,24,4,85,9,3.48,0.42,51,98,132,964,24,41.7,10,3226,1661,30,24,720,447,430,84,8,3,11,7,0,10,5,1,4,70,28.6,3,0,8,18,5
Frans Krätzig,GER,FW,Heidenheim,Bundesliga,22,2003,7,7,517.0,5.7,26.1,-1.04,1,1,1,2,0.5,0.5,0.6,0.5,1.1,16,1,6,3,50.0,1.04,0.17,19.8,75.0,2644,523,10,5,2,1,13,1,2.79,0.17,13,11,25,274,11,45.5,5,674,276,13,1,176,128,96,14,12,3,15,5,0,6,7,4,6,19,25.0,0,0,4,2,3
Frans Krätzig,GER,DF,Stuttgart,Bundesliga,22,2003,1,1,56.0,0.6,26.1,-1.04,0,0,0,0,0.0,0.5,0.0,0.0,0.0,16,1,6,3,50.0,1.04,0.17,19.8,75.0,2644,523,10,5,2,1,13,1,2.79,0.17,0,2,2,274,11,45.5,5,674,276,13,1,176,128,96,14,12,3,15,5,0,6,7,4,6,19,25.0,0,0,4,2,3
Tom Krauß,GER,MF,Bochum,Bundesliga,23,2001,3,2,197.0,2.2,9.9,0.91,0,0,0,0,0.1,0.2,0.3,0.1,0.4,11,0,2,0,0.0,0.91,0.0,24.0,77.4,1597,624,4,15,4,0,4,0,5.03,0.0,3,20,3,136,3,33.3,1,358,187,5,1,82,71,35,2,4,2,6,7,0,6,2,0,2,12,100.0,0,0,3,3,0
Ladislav Krejčí,CZE,DF,Girona,La Liga,25,1999,15,14,1270.0,14.1,58.8,-0.21,2,2,0,2,1.3,0.3,0.1,1.3,1.4,14,3,10,4,40.0,0.71,0.2,17.0,90.6,20276,7183,4,90,6,0,6,0,0.99,0.21,21,78,5,1363,6,33.3,2,4948,2937,10,4,1066,678,63,12,14,18,32,44,1,13,1,0,9,55,68.6,6,0,12,7,0
Rasmus Kristensen,DEN,DF,Eint Frankfurt,Bundesliga,27,1997,19,18,1615.0,17.9,81.6,0.67,1,1,2,3,0.6,4.2,2.2,0.6,2.8,43,5,11,2,18.2,0.61,0.09,11.7,78.6,13646,5778,12,100,26,2,48,7,2.39,0.28,43,128,104,1260,28,60.7,17,3385,1819,22,9,795,547,349,39,35,16,51,55,0,30,5,4,18,82,59.5,2,0,16,10,0
Thomas Kristensen,DEN,DF,Udinese,Serie A,23,2002,13,10,998.0,11.1,44.4,-0.63,0,0,0,0,0.0,0.4,0.3,0.0,0.3,8,0,0,0,0.0,0.0,0.0,0.0,82.2,8976,3324,3,33,3,1,5,1,0.72,0.0,11,44,7,653,5,80.0,4,1874,1064,8,3,396,328,35,5,19,12,31,40,0,12,8,1,14,34,66.7,3,0,14,1,1
Nikola Krstović,MNE,FW,Lecce,Serie A,24,2000,25,25,2057.0,22.9,91.4,-0.83,7,6,3,10,8.6,1.2,1.7,7.1,8.7,61,4,97,29,29.9,4.24,0.06,18.9,67.5,4376,1032,16,29,9,3,5,0,2.67,0.18,26,42,98,721,48,29.2,14,1735,705,56,27,527,341,337,100,13,5,18,17,0,9,4,5,6,51,43.3,2,0,39,36,13
Lukas Kübler,GER,DF,Freiburg,Bundesliga,32,1992,19,19,1491.0,16.6,75.3,-0.06,4,4,0,4,1.8,0.7,0.5,1.8,2.3,18,3,13,8,61.5,0.78,0.31,16.6,77.3,10840,3414,7,57,11,0,20,3,1.09,0.18,16,60,38,978,7,0.0,0,1776,785,10,5,526,513,173,18,34,45,79,40,3,27,15,3,17,62,64.3,5,0,19,15,1
Takefusa Kubo,JPN,MF,Real Sociedad,La Liga,23,2001,23,16,1481.0,16.5,68.6,0.06,4,4,0,4,2.8,2.0,2.7,2.8,5.5,76,6,27,10,37.0,1.64,0.15,15.5,70.2,5914,1867,32,37,28,5,52,8,4.62,0.36,94,70,147,840,98,43.9,43,4223,2471,53,32,619,317,452,78,20,9,29,8,1,27,7,6,13,77,38.9,4,0,14,39,4
Mohammed Kudus,GHA,MF,West Ham,Premier League,24,2000,20,20,1653.0,18.4,73.5,-0.82,3,3,1,4,5.0,1.9,2.0,5.0,6.9,73,2,55,15,27.3,2.99,0.05,15.2,83.8,7597,1225,19,30,20,2,50,10,3.98,0.11,65,55,150,826,137,44.5,61,3448,1629,46,64,640,333,402,88,28,3,31,4,1,21,14,8,19,90,22.2,0,1,21,37,14
Dejan Kulusevski,SWE,MF,Tottenham,Premier League,24,2000,25,23,2040.0,22.7,90.7,0.44,6,6,4,10,4.0,3.8,5.9,4.0,9.9,119,9,42,15,35.7,1.85,0.14,14.6,73.1,8099,2596,60,56,50,10,88,6,5.25,0.4,113,112,191,1113,104,32.7,34,5616,3007,64,66,795,366,654,142,35,10,45,8,1,24,10,14,19,102,45.0,3,0,35,31,5
Sael Kumbedi,FRA,DF,Lyon,Ligue 1,19,2005,8,7,580.0,6.4,29.3,0.93,0,0,0,0,0.2,0.4,0.2,0.2,0.4,9,1,1,1,100.0,0.16,0.0,11.0,85.9,3720,983,3,10,11,1,10,2,1.4,0.16,13,21,42,381,12,41.7,5,738,444,6,9,245,165,115,10,17,8,25,20,0,6,7,1,9,23,50.0,1,0,13,7,0
Marash Kumbulla,ALB,DF,Espanyol,La Liga,25,2000,22,21,1822.0,20.2,84.4,-0.49,2,2,0,2,1.1,0.2,0.0,1.1,1.1,11,1,8,3,37.5,0.4,0.25,13.3,84.3,14082,5700,1,31,2,0,3,1,0.54,0.05,9,47,2,1096,6,33.3,2,3003,1785,9,1,675,393,29,10,33,18,51,130,2,33,8,2,18,50,60.6,6,0,25,23,0
Daler Kuzyaev,RUS,MF,Le Havre,Ligue 1,32,1993,12,6,567.0,6.3,28.6,-1.75,1,1,0,1,0.2,0.7,0.6,0.2,0.8,4,0,4,3,75.0,0.63,0.25,22.3,81.2,3222,949,2,12,3,1,6,0,0.63,0.0,4,32,9,317,3,66.7,2,628,317,5,2,199,156,60,4,13,9,22,8,0,7,4,2,8,27,63.6,1,0,8,3,0
Khvicha Kvaratskhelia,GEO,FW,Napoli,Serie A,24,2001,17,15,1178.0,13.1,52.4,0.99,5,4,3,8,4.1,3.0,3.7,3.4,7.0,57,6,49,16,32.7,3.74,0.08,19.4,76.4,5985,1769,28,31,23,7,51,4,4.35,0.46,74,57,89,659,72,26.4,19,3292,1912,25,21,471,275,342,74,15,4,19,7,0,13,10,1,9,45,44.4,1,0,12,33,0
Khvicha Kvaratskhelia,GEO,FW,PSG,Ligue 1,24,2001,4,4,295.0,3.3,52.4,0.99,1,1,1,2,1.4,3.0,0.5,1.4,1.9,57,6,49,16,32.7,3.74,0.08,19.4,76.4,5985,1769,28,31,23,7,51,4,4.35,0.46,10,12,42,659,72,26.4,19,3292,1912,25,21,471,275,342,74,15,4,19,7,0,13,10,1,9,45,44.4,1,0,12,33,0
Moritz-Broni Kwarteng,GHA,MF,Bochum,Bundesliga,26,1998,7,0,172.0,1.9,8.7,-1.05,0,0,0,0,0.2,0.2,0.2,0.2,0.4,9,0,6,1,16.7,3.14,0.0,25.5,79.5,933,228,4,7,6,0,1,0,4.68,0.0,4,12,16,104,7,85.7,6,303,128,6,2,77,48,45,3,4,0,4,1,0,0,1,2,3,8,0.0,1,0,3,1,0
Giorgos Kyriakopoulos,GRE,DF,Monza,Serie A,29,1996,22,21,1850.0,20.6,82.2,-0.68,2,2,3,5,0.6,1.8,2.3,0.6,2.8,52,5,16,6,37.5,0.78,0.13,22.1,72.9,11162,4109,29,55,19,2,121,12,2.53,0.24,46,68,99,1133,39,41.0,16,3310,1740,21,14,607,451,383,23,33,18,51,53,0,24,15,3,22,57,46.2,4,0,17,28,3
Luca de la Torre,USA,MF,Celta Vigo,La Liga,26,1998,1,0,4.0,0.0,0.2,0.0,0,0,0,0,0.0,0.0,0.0,0.0,0.0,0,0,0,0,0.0,0.0,0.0,0.0,80.0,55,0,0,0,0,0,0,0,0.0,0.0,0,0,0,8,1,0.0,0,28,24,0,0,4,8,0,0,0,0,0,0,0,0,0,0,0,0,0.0,0,0,1,0,0
Rémy Labeau Lascary,GLP,FW,Lens,Ligue 1,21,2003,14,6,637.0,7.1,32.2,0.57,2,2,1,3,2.5,0.6,1.1,2.5,3.6,20,5,14,5,35.7,1.98,0.14,13.2,73.0,1772,335,7,7,9,1,19,6,2.83,0.71,17,7,71,275,26,46.2,12,911,355,32,7,198,92,151,31,16,1,17,7,0,5,6,3,10,21,46.2,5,0,23,9,10
Gaëtan Laborde,FRA,FW,Nice,Ligue 1,30,1994,16,10,957.0,10.6,48.3,1.22,9,5,2,11,7.3,0.8,1.7,4.2,5.9,29,4,34,12,35.3,3.2,0.15,16.4,67.8,2383,487,11,14,6,1,15,1,2.73,0.38,20,22,74,384,18,33.3,6,878,489,21,13,264,194,156,59,15,5,20,10,0,12,6,1,10,23,47.2,0,0,12,9,4
Nediljko Labrović,CRO,GK,Augsburg,Bundesliga,25,1999,15,15,1350.0,15.0,68.2,-1.0,0,0,0,0,0.0,0.1,0.0,0.0,0.0,1,0,0,0,0.0,0.0,0.0,0.0,70.2,10392,7820,0,10,1,0,0,0,0.07,0.0,0,0,0,546,0,0.0,0,1571,923,0,0,238,9,0,0,0,0,0,12,1,0,0,0,0,14,85.7,0,0,0,2,0
Alexandre Lacazette,FRA,FW,Lyon,Ligue 1,33,1991,19,15,1277.0,14.2,64.5,0.78,7,5,2,9,8.9,3.7,3.0,6.6,9.6,42,4,33,20,60.6,2.33,0.15,12.8,70.1,3474,965,20,22,21,4,15,4,2.96,0.28,14,52,107,492,23,39.1,9,937,343,36,13,390,181,292,98,9,5,14,5,0,6,5,1,4,14,41.2,2,0,25,19,9
Younes Lachaab,FRA,MF,Lille,Ligue 1,20,2005,2,0,9.0,0.1,0.5,0.0,0,0,0,0,0.1,0.0,0.0,0.1,0.1,2,0,1,0,0.0,10.0,0.0,23.8,50.0,4,0,0,0,0,0,0,0,20.0,0.0,1,0,1,8,1,100.0,1,31,12,2,0,3,0,8,4,1,1,2,0,0,0,0,1,1,0,0.0,0,0,1,0,0
Maxence Lacroix,FRA,DF,Crystal Palace,Premier League,24,2000,22,22,1975.0,21.9,87.8,0.0,1,1,1,2,2.0,0.6,0.4,2.0,2.4,22,4,21,4,19.0,0.96,0.05,12.1,81.8,17032,6826,4,58,2,2,5,1,1.0,0.18,8,48,4,1287,13,61.5,8,3238,1520,15,3,755,465,56,24,45,42,87,127,1,28,11,1,27,104,54.9,4,0,25,13,1
Alban Lafont,FRA,GK,Nantes,Ligue 1,26,1999,12,12,1080.0,12.0,54.5,-0.42,0,0,0,0,0.0,0.0,0.0,0.0,0.0,2,0,0,0,0.0,0.0,0.0,0.0,69.8,7058,5292,2,10,0,0,0,0,0.17,0.0,0,0,0,408,0,0.0,0,1065,545,0,0,212,7,0,0,1,0,1,8,1,2,0,0,1,11,100.0,1,0,0,0,0
Yoel Lago,ESP,DF,Celta Vigo,La Liga,20,2004,2,2,135.0,1.5,6.3,-1.33,0,0,0,0,0.0,0.0,0.0,0.0,0.0,0,0,0,0,0.0,0.0,0.0,0.0,90.2,2244,782,0,6,0,1,0,0,0.0,0.0,0,10,0,152,2,50.0,1,381,208,2,1,127,64,2,0,2,2,4,2,0,1,0,1,1,6,50.0,0,0,1,1,0
Konrad Laimer,AUT,DF,Bayern,Bundesliga,27,1997,18,9,861.0,9.6,43.5,1.78,1,1,1,2,1.2,2.3,2.2,1.2,3.4,31,3,7,3,42.9,0.73,0.14,17.2,87.0,7359,1791,10,49,13,2,15,4,3.24,0.31,43,61,58,707,14,42.9,6,2177,1312,16,11,513,339,252,32,25,4,29,12,0,9,13,3,13,39,33.3,6,0,18,7,1
Stefan Lainer,AUT,DF,Gladbach,Bundesliga,32,1992,14,3,445.0,4.9,22.5,-0.61,0,0,0,0,0.0,0.3,0.4,0.0,0.4,6,1,1,0,0.0,0.2,0.0,8.9,81.3,3647,1219,4,15,3,2,10,3,1.21,0.2,11,15,15,338,6,66.7,4,983,490,2,4,197,154,73,1,12,6,18,18,0,7,3,1,6,16,16.7,2,0,6,4,0
Kenny Lala,MAD,DF,Brest,Ligue 1,33,1991,19,18,1696.0,18.8,85.7,-0.11,2,0,1,3,2.2,2.6,1.7,0.6,2.3,42,3,7,4,57.1,0.37,0.0,25.8,76.9,16878,6472,19,79,26,1,77,8,2.23,0.16,37,81,48,1286,14,64.3,9,3749,1950,16,10,753,588,280,5,47,19,66,50,0,19,17,4,29,91,30.8,2,0,11,7,0
Adam Lallana,ENG,MF,Southampton,Premier League,36,1988,13,5,341.0,3.8,15.2,-1.06,0,0,2,2,0.2,0.5,0.9,0.2,1.1,9,2,3,0,0.0,0.79,0.0,18.1,86.2,2785,912,4,20,9,1,4,3,2.38,0.53,5,23,10,302,12,41.7,5,798,350,10,6,235,146,69,6,7,4,11,5,0,4,3,0,5,19,33.3,4,0,7,8,0
Mathis Lambourde,FRA,FW,Hellas Verona,Serie A,19,2006,5,0,52.0,0.6,2.3,1.73,1,1,0,1,0.1,0.1,0.1,0.1,0.2,2,1,1,1,100.0,1.73,1.0,13.5,66.7,101,27,1,0,0,0,1,0,3.4,1.7,1,0,7,20,3,33.3,1,52,10,1,6,15,5,8,3,3,0,3,0,0,2,1,0,1,2,33.3,1,0,3,0,0
Mohamed Lamine Bayo,GUI,FW,Lille,Ligue 1,26,1998,12,4,309.0,3.4,15.6,-0.29,2,2,1,3,2.2,0.2,0.5,2.2,2.7,12,2,10,4,40.0,2.91,0.2,12.2,70.7,509,90,4,1,2,0,0,0,3.51,0.58,4,4,20,98,4,50.0,2,272,107,13,5,70,46,44,17,1,0,1,4,0,0,0,1,1,5,50.0,1,0,6,2,0
Tariq Lamptey,GHA,DF,Brighton,Premier League,24,2000,11,7,609.0,6.8,27.1,-1.48,2,2,2,4,0.4,0.4,0.4,0.4,0.8,12,2,6,2,33.3,0.89,0.33,18.5,83.4,3959,936,4,11,5,0,19,4,1.77,0.3,23,10,37,397,23,30.4,7,1671,812,7,4,229,176,117,6,10,4,14,19,1,10,4,0,7,29,10.0,0,0,8,5,0
Will Lankshear,ENG,FW,Tottenham,Premier League,19,2005,3,0,11.0,0.1,0.5,0.0,0,0,0,0,0.0,0.0,0.0,0.0,0.0,0,0,0,0,0.0,0.0,0.0,0.0,0.0,0,0,0,0,0,0,0,0,0.0,0.0,0,0,1,3,0,0.0,0,3,0,2,0,3,2,1,0,0,0,0,0,0,0,0,0,0,0,0.0,0,0,2,0,0
Gianluca Lapadula,PER,FW,Cagliari,Serie A,35,1990,12,1,310.0,3.4,13.8,0.58,0,0,0,0,1.4,0.2,0.1,1.4,1.4,13,0,15,3,20.0,4.35,0.0,12.8,60.3,433,77,3,3,1,0,3,0,3.77,0.0,7,7,16,96,2,100.0,2,229,112,6,1,71,32,58,22,2,0,2,1,0,0,0,1,0,5,57.9,1,0,9,1,1
Cyle Larin,CAN,FW,Mallorca,La Liga,29,1995,20,16,1206.0,13.4,55.8,-0.52,5,4,2,7,4.8,0.2,1.3,4.0,5.3,15,3,24,10,41.7,1.79,0.17,12.4,67.1,1761,255,6,7,1,0,3,0,1.12,0.22,12,10,69,374,16,12.5,2,1087,373,43,39,291,166,172,48,7,1,8,8,0,11,2,4,3,31,37.0,4,0,20,24,18
Gautier Larsonneur,FRA,GK,Saint-Etienne,Ligue 1,27,1997,22,22,1980.0,22.0,100.0,-1.36,0,0,0,0,0.0,0.0,0.0,0.0,0.0,1,1,0,0,0.0,0.0,0.0,0.0,63.8,13675,10512,0,8,0,0,0,0,0.05,0.05,0,0,0,883,0,0.0,0,2302,1450,0,0,428,8,0,0,1,0,1,16,0,1,0,0,0,25,66.7,4,0,0,8,0
Hugo Larsson,SWE,MF,Eint Frankfurt,Bundesliga,20,2004,21,17,1516.0,16.8,76.6,0.89,3,3,0,3,2.7,1.3,1.1,2.7,3.8,40,1,14,8,57.1,0.83,0.21,14.9,88.5,10436,3198,17,62,12,0,4,3,2.37,0.06,14,75,21,915,10,50.0,5,2027,931,13,7,632,500,167,14,22,20,42,21,1,27,8,4,11,80,44.4,1,0,12,5,1
Juanmi Latasa,ESP,FW,Valladolid,La Liga,23,2001,17,5,629.0,7.0,29.1,-2.43,0,0,0,0,1.4,0.2,0.2,1.4,1.6,11,0,18,1,5.6,2.58,0.0,13.0,57.3,1013,185,4,5,2,0,3,1,1.57,0.0,1,9,23,184,7,57.1,4,263,62,13,13,142,91,81,33,1,0,1,6,1,2,1,0,0,12,61.5,4,1,23,17,4
Toni Lato,ESP,DF,Mallorca,La Liga,27,1997,6,3,268.0,3.0,12.4,0.67,0,0,0,0,0.0,0.5,0.3,0.0,0.3,11,1,0,0,0.0,0.0,0.0,0.0,71.4,2073,774,4,9,8,0,16,7,3.69,0.34,8,12,19,192,3,0.0,0,460,233,3,1,93,68,76,3,7,3,10,10,0,3,1,4,5,14,33.3,0,1,5,1,0
Roméo Lavia,BEL,MF,Chelsea,Premier League,21,2004,10,8,532.0,5.9,23.6,-0.34,0,0,1,1,0.2,0.3,0.7,0.2,0.9,11,2,1,0,0.0,0.17,0.0,16.0,91.6,4376,1179,6,31,3,3,0,0,1.86,0.34,3,17,6,336,12,58.3,7,919,395,1,6,241,201,53,1,17,11,28,5,0,6,9,3,10,28,77.8,4,0,10,3,0
Valentino Lazaro,AUT,DF,Torino,Serie A,28,1996,24,19,1683.0,18.7,74.8,0.11,0,0,5,5,0.7,2.7,2.7,0.7,3.4,37,7,12,2,16.7,0.64,0.0,20.4,75.5,11146,3120,24,35,15,0,112,9,1.98,0.37,28,55,94,1055,29,34.5,10,2284,1085,24,9,658,464,399,20,25,7,32,34,1,20,12,3,11,66,42.4,3,0,23,10,2
Darko Lazović,SRB,DF,Hellas Verona,Serie A,34,1990,23,17,1370.0,15.2,60.9,-0.66,1,0,3,4,2.0,1.7,3.4,1.2,4.6,23,4,16,2,12.5,1.05,0.0,18.9,61.5,4688,1753,18,17,15,2,70,7,1.51,0.26,21,34,83,609,22,31.8,7,1603,743,9,7,357,225,253,25,19,11,30,39,0,19,12,2,9,53,31.6,0,0,9,5,4
Manuel Lazzari,ITA,DF,Lazio,Serie A,31,1993,18,12,986.0,11.0,43.8,0.37,0,0,1,1,0.1,1.1,0.9,0.1,1.0,27,2,4,1,25.0,0.37,0.0,30.4,78.2,7080,1894,14,30,17,1,78,12,2.46,0.18,49,52,75,658,17,52.9,9,2463,1451,20,3,438,301,249,9,19,6,25,11,0,7,8,2,13,32,26.7,1,0,7,22,0
Julien Le Cardinal,FRA,DF,Brest,Ligue 1,27,1997,10,10,883.0,9.8,44.6,-0.61,0,0,1,1,0.4,0.2,0.2,0.4,0.6,9,2,8,3,37.5,0.82,0.0,11.1,85.1,9453,3592,3,30,0,0,2,0,0.92,0.2,5,22,1,648,6,66.7,4,2013,1008,1,4,423,286,22,11,16,26,42,45,0,11,7,0,10,32,60.5,2,0,10,8,0
Jérémy Le Douaron,FRA,FW,Brest,Ligue 1,26,1998,2,1,102.0,1.1,5.2,-3.53,0,0,0,0,0.2,0.0,0.0,0.2,0.2,0,0,2,1,50.0,1.76,0.0,11.3,78.6,181,36,0,0,0,0,0,0,0.0,0.0,1,1,7,23,1,0.0,0,64,27,1,1,19,9,14,3,1,0,1,0,0,1,0,1,0,2,60.0,0,0,2,0,2
Enzo Le Fée,FRA,MF,Roma,Serie A,25,2000,6,4,318.0,3.5,14.1,0.57,0,0,0,0,0.2,0.2,0.1,0.2,0.3,9,0,4,2,50.0,1.13,0.0,24.9,85.9,3851,949,3,26,2,1,7,0,2.55,0.0,15,28,3,297,8,50.0,4,1198,684,4,4,221,189,66,6,7,5,12,2,0,9,2,0,4,22,33.3,1,0,6,5,0
Robin Le Normand,ESP,DF,Atleti,La Liga,28,1996,14,12,1103.0,12.3,51.1,0.9,0,0,0,0,0.3,0.9,0.5,0.3,0.8,6,0,4,0,0.0,0.33,0.0,9.5,89.4,10690,3267,3,32,2,0,1,0,0.49,0.0,6,36,4,777,1,100.0,1,2262,1172,6,2,572,379,23,8,13,6,19,49,1,10,1,0,8,39,58.5,6,0,24,12,2
Nicola Leali,ITA,GK,Genoa,Serie A,32,1993,17,17,1530.0,17.0,70.8,-0.06,0,0,0,0,0.0,0.0,0.0,0.0,0.0,1,0,0,0,0.0,0.0,0.0,0.0,76.2,11507,8103,0,4,0,0,0,0,0.06,0.0,0,0,0,575,0,0.0,0,1546,973,0,0,263,9,0,0,0,0,0,9,1,0,0,0,0,13,100.0,1,0,1,4,0
Rafael Leão,POR,FW,Milan,Serie A,25,1999,22,17,1520.0,16.9,70.4,0.77,5,5,5,10,5.8,3.9,4.6,5.8,10.4,79,10,51,21,41.2,3.02,0.1,17.2,75.0,6966,1804,38,27,34,7,37,5,4.68,0.59,80,63,175,751,91,48.4,44,3779,2013,30,22,626,302,433,110,8,6,14,1,0,9,4,3,7,39,56.0,2,0,8,32,5
Benjamin Lecomte,FRA,GK,Montpellier,Ligue 1,33,1991,19,19,1710.0,19.0,86.4,-1.53,0,0,0,0,0.0,0.1,0.1,0.0,0.1,5,0,0,0,0.0,0.0,0.0,0.0,67.3,14117,11571,2,18,1,0,0,0,0.26,0.0,0,1,0,755,0,0.0,0,2551,1646,0,0,374,12,0,0,0,0,0,13,1,0,0,0,0,21,100.0,0,0,0,2,0
Pierre Lees-Melou,FRA,MF,Brest,Ligue 1,31,1993,9,6,547.0,6.1,27.6,0.0,1,1,1,2,0.8,0.9,0.9,0.8,1.7,21,3,12,6,50.0,1.97,0.08,22.0,86.5,6177,1976,5,36,5,0,8,0,3.46,0.49,13,47,14,444,9,33.3,3,1464,716,9,3,310,263,79,12,18,7,25,7,0,4,8,3,14,53,50.0,2,0,10,7,0
Jordan Lefort,FRA,DF,Angers,Ligue 1,31,1993,22,22,1980.0,22.0,100.0,-0.36,0,0,1,1,0.3,1.1,1.1,0.3,1.3,21,1,5,0,0.0,0.23,0.0,15.6,82.6,18033,8816,9,63,9,4,10,4,0.95,0.05,2,62,11,1401,10,40.0,4,4121,2680,8,1,919,511,72,13,35,23,58,123,1,36,6,1,20,68,62.8,1,0,9,11,1
Diogo Leite,POR,DF,Union Berlin,Bundesliga,26,1999,21,20,1763.0,19.6,89.0,-0.2,0,0,1,1,0.9,2.3,0.8,0.9,1.7,26,0,15,7,46.7,0.77,0.0,14.9,79.2,15991,6893,11,88,9,0,8,3,1.33,0.0,17,91,13,1380,13,69.2,9,2832,1523,12,5,767,671,155,29,49,40,89,100,1,48,16,4,26,82,57.7,3,0,15,26,2
Maxim Leitsch,GER,DF,Mainz 05,Bundesliga,26,1998,14,6,674.0,7.5,34.0,0.13,1,1,0,1,1.2,0.2,0.2,1.2,1.4,7,0,6,1,16.7,0.8,0.17,12.4,78.1,5085,1676,2,26,0,0,3,0,0.93,0.0,4,25,5,473,1,0.0,0,759,329,8,3,240,224,35,13,12,10,22,42,1,12,4,2,4,36,38.8,2,0,10,4,0
Florian Lejeune,FRA,DF,Rayo,La Liga,33,1991,23,23,2065.0,22.9,99.8,0.13,0,0,2,2,2.4,0.9,1.1,2.4,3.5,20,3,37,9,24.3,1.61,0.0,24.7,82.4,21940,9299,9,106,5,0,4,2,0.87,0.13,18,85,5,1456,4,75.0,3,4321,2721,10,3,921,611,77,25,27,17,44,108,0,24,9,2,18,97,57.5,4,0,30,11,0
Stefan Lekovic,SRB,DF,Monza,Serie A,21,2004,3,2,197.0,2.2,8.8,-2.74,0,0,0,0,0.1,0.0,0.0,0.1,0.1,3,0,1,0,0.0,0.46,0.0,9.2,87.5,1582,562,0,10,0,0,0,0,1.37,0.0,1,11,0,124,2,50.0,1,283,126,2,0,85,57,10,1,2,4,6,3,0,3,0,0,1,12,37.5,0,0,3,3,0
Iñigo Lekue,ESP,DF,Athletic Club,La Liga,31,1993,8,5,452.0,5.0,20.9,-0.4,0,0,0,0,0.0,0.1,0.2,0.0,0.2,7,0,0,0,0.0,0.0,0.0,0.0,75.8,3293,1154,4,19,0,0,10,0,1.39,0.0,8,24,12,306,6,66.7,4,626,326,2,1,162,139,75,1,9,4,13,15,2,4,2,0,6,23,75.0,1,0,4,2,0
Nunzio Lella,ITA,MF,Venezia,Serie A,24,2000,1,0,5.0,0.1,0.2,0.0,0,0,0,0,0.0,0.0,0.0,0.0,0.0,1,0,0,0,0.0,0.0,0.0,0.0,100.0,6,0,0,0,0,0,0,0,15.0,0.0,0,0,0,1,0,0.0,0,2,0,0,0,3,1,0,0,0,0,0,0,0,0,0,0,0,0,0.0,0,0,1,1,0
Thomas Lemar,FRA,MF,Atleti,La Liga,29,1995,1,0,7.0,0.1,0.3,0.0,0,0,0,0,0.0,0.0,0.0,0.0,0.0,1,0,0,0,0.0,0.0,0.0,0.0,100.0,152,63,1,0,1,0,0,0,12.86,0.0,0,2,0,8,1,0.0,0,25,7,0,0,7,6,1,0,0,0,0,0,0,0,0,0,0,0,0.0,0,0,0,1,0
Félix Lemaréchal,FRA,MF,Strasbourg,Ligue 1,21,2003,15,9,865.0,9.6,43.7,0.62,1,1,1,2,1.1,0.7,1.4,1.1,2.5,27,4,10,4,40.0,1.04,0.1,16.2,77.9,3237,548,14,12,5,1,8,1,2.81,0.42,14,27,38,425,25,48.0,12,1013,459,25,14,265,206,144,26,20,12,32,11,0,20,11,2,15,32,20.0,2,0,18,7,3
Mario Lemina,GAB,MF,Wolves,Premier League,31,1993,17,15,1364.0,15.2,60.6,-1.12,1,1,3,4,1.4,1.2,1.1,1.4,2.5,26,5,18,5,27.8,1.19,0.06,21.9,80.4,9479,2966,10,43,13,6,10,4,1.71,0.33,8,48,21,809,16,62.5,10,2068,1038,21,11,482,378,119,18,51,27,78,50,3,12,19,5,31,73,61.0,4,0,17,8,4
Clément Lenglet,FRA,DF,Atleti,La Liga,29,1995,13,13,1103.0,12.3,51.1,0.9,1,1,1,2,1.4,0.3,0.8,1.4,2.1,10,2,6,2,33.3,0.49,0.17,18.3,87.3,13275,5391,3,40,0,0,1,0,0.82,0.16,11,54,0,872,1,100.0,1,3194,2023,5,1,639,404,30,9,12,15,27,58,0,15,3,0,6,43,42.3,6,0,16,12,1
Bernd Leno,GER,GK,Fulham,Premier League,32,1992,25,25,2250.0,25.0,100.0,0.2,0,0,1,1,0.0,0.0,0.1,0.0,0.1,4,1,0,0,0.0,0.0,0.0,0.0,81.6,18568,10710,2,9,2,0,0,0,0.16,0.04,0,0,0,979,0,0.0,0,2410,1379,0,0,583,7,0,0,2,0,2,6,4,1,0,0,2,41,100.0,3,0,0,3,0
Donovan Léon,GUF,GK,Auxerre,Ligue 1,32,1992,20,20,1800.0,20.0,90.9,-0.2,0,0,2,2,0.0,0.1,0.4,0.0,0.4,9,2,0,0,0.0,0.0,0.0,0.0,58.2,13748,11410,3,17,2,0,0,0,0.45,0.1,0,1,0,751,1,100.0,1,2324,1427,0,0,303,2,1,0,0,0,0,18,1,0,0,0,0,22,85.7,2,0,0,4,0
Giovanni Leoni,ITA,DF,Parma,Serie A,18,2006,7,6,487.0,5.4,21.6,-0.74,1,1,0,1,0.1,0.0,0.0,0.1,0.1,1,0,1,1,100.0,0.18,1.0,9.0,87.5,3959,1346,0,9,0,0,2,0,0.18,0.0,0,12,3,295,2,100.0,2,858,409,4,1,189,154,12,2,3,10,13,11,0,8,1,0,1,16,77.8,0,1,3,4,0
Esteban Lepaul,FRA,FW,Angers,Ligue 1,24,2000,18,8,780.0,8.7,39.4,-0.23,5,5,0,5,3.4,1.1,0.6,3.4,4.0,11,1,21,9,42.9,2.42,0.24,12.1,70.7,1834,306,4,9,5,1,8,2,1.27,0.12,15,11,31,239,8,12.5,1,683,332,11,3,165,129,86,24,5,2,7,6,0,10,2,3,2,24,38.6,0,0,3,7,8
Johann Lepenant,FRA,MF,Nantes,Ligue 1,22,2002,18,16,1403.0,15.6,70.9,-0.26,2,2,1,3,1.1,1.4,0.9,1.1,1.9,28,6,15,4,26.7,0.96,0.13,16.8,79.2,6386,1609,7,45,10,1,13,0,1.8,0.38,20,65,49,685,22,59.1,13,1677,759,24,17,418,377,199,24,49,10,59,14,0,18,19,8,24,62,43.3,3,0,33,25,1
Jefferson Lerma,COL,MF,Crystal Palace,Premier League,30,1994,20,16,1338.0,14.9,59.5,-0.27,0,0,0,0,0.8,1.3,1.4,0.8,2.2,30,1,20,7,35.0,1.35,0.0,20.4,75.8,9037,3190,7,61,13,4,5,1,2.02,0.07,8,71,23,848,9,55.6,5,1427,662,7,12,500,467,155,20,18,24,42,34,1,24,9,2,6,103,47.6,4,0,21,26,0
Louis Leroux,FRA,MF,Nantes,Ligue 1,19,2006,6,0,82.0,0.9,4.1,0.0,0,0,0,0,0.0,0.1,0.2,0.0,0.2,5,1,0,0,0.0,0.0,0.0,0.0,83.3,455,121,3,5,1,0,3,0,5.49,1.1,2,5,2,50,1,0.0,0,188,102,2,0,22,30,13,1,5,2,7,3,0,1,2,1,4,7,0.0,0,0,1,1,0
Robert Lewandowski,POL,FW,Barcelona,La Liga,36,1988,22,21,1746.0,19.4,84.3,1.49,19,17,2,21,19.3,1.1,2.3,16.9,19.2,40,1,69,32,46.4,3.56,0.25,13.2,73.7,3497,740,18,22,8,1,3,0,2.06,0.05,18,38,103,567,22,68.2,15,1211,406,52,29,446,226,301,108,7,2,9,20,0,9,4,2,3,37,40.4,1,0,18,27,15
Jamie Leweling,GER,MF,Stuttgart,Bundesliga,23,2001,16,13,1002.0,11.1,50.6,0.36,1,1,1,2,0.7,1.9,2.4,0.7,3.1,33,6,17,11,64.7,1.53,0.06,20.2,71.0,3838,994,16,16,19,1,40,9,2.97,0.54,40,38,107,500,65,52.3,34,2826,1374,25,23,380,187,267,46,8,4,12,9,1,17,1,4,3,47,66.7,3,0,13,20,2
Rico Lewis,ENG,DF,City,Premier League,20,2004,20,17,1492.0,16.6,66.3,0.84,1,1,2,3,1.2,0.8,0.3,1.2,1.5,26,2,9,2,22.2,0.54,0.11,17.1,92.2,12814,2369,7,74,13,3,2,0,1.57,0.12,34,86,58,1105,16,37.5,6,3295,1722,17,16,794,562,344,41,25,11,36,35,1,23,10,4,15,76,29.4,5,1,10,25,0
Keane Lewis-Potter,ENG,DF,Brentford,Premier League,23,2001,25,23,2009.0,22.3,89.3,0.0,1,1,2,3,2.4,3.4,1.7,2.4,4.1,46,6,23,12,52.2,1.03,0.04,19.8,78.9,9866,2664,16,37,30,1,49,10,2.06,0.27,69,65,111,991,66,33.3,22,3991,2119,33,15,603,366,344,53,35,10,45,45,1,18,12,4,21,97,41.0,4,0,9,18,4
Myles Lewis-Skelly,ENG,DF,Arsenal,Premier League,18,2006,11,8,626.0,7.0,27.8,0.72,1,1,0,1,0.0,0.2,0.1,0.0,0.2,5,0,1,1,100.0,0.14,1.0,13.9,91.3,4775,1128,3,36,3,2,3,0,0.72,0.0,11,31,18,424,15,53.3,8,1033,590,3,5,276,235,123,9,19,6,25,10,0,0,9,0,13,29,37.5,2,1,5,18,0
Ben Lhassine Kone,CIV,MF,Como,Serie A,24,2000,4,0,51.0,0.6,2.3,1.76,0,0,0,0,0.0,0.0,0.0,0.0,0.0,0,0,1,0,0.0,1.76,0.0,34.9,95.8,452,148,0,3,1,0,0,0,0.0,0.0,0,3,1,35,1,100.0,1,115,17,5,5,23,22,6,0,2,1,3,1,0,0,0,1,2,7,0.0,1,0,1,1,0
Mattia Liberali,ITA,MF,Milan,Serie A,17,2007,1,1,61.0,0.7,2.8,0.0,0,0,0,0,0.1,0.0,0.0,0.1,0.1,1,0,2,0,0.0,2.95,0.0,17.7,77.4,362,80,1,4,1,0,2,0,1.48,0.0,1,5,4,38,1,0.0,0,121,71,1,2,30,21,16,2,2,0,2,0,0,0,1,1,1,4,100.0,0,0,1,0,0
Philipp Lienhart,AUT,DF,Freiburg,Bundesliga,28,1996,20,19,1711.0,19.0,86.4,-0.26,1,1,0,1,0.5,0.6,0.5,0.5,1.0,11,0,8,1,12.5,0.42,0.13,13.8,86.9,24490,8982,2,90,6,0,3,0,0.58,0.0,31,83,6,1636,9,44.4,4,6006,3342,5,1,1147,761,60,14,17,28,45,65,2,18,7,0,10,69,63.0,4,0,10,12,2
Matthijs de Ligt,NED,DF,Manchester Utd,Premier League,25,1999,23,19,1639.0,18.2,72.8,-0.33,1,1,0,1,1.9,0.3,0.3,1.9,2.2,12,0,15,6,40.0,0.82,0.07,8.4,90.7,17787,4619,5,51,2,0,5,1,0.66,0.0,6,42,4,1280,2,50.0,1,3779,1702,3,2,940,583,44,23,20,28,48,60,0,23,8,1,14,55,71.0,3,0,14,10,2
Pedro Lima,BRA,DF,Wolves,Premier League,18,2006,2,1,59.0,0.7,2.6,-3.05,0,0,0,0,0.0,0.1,0.1,0.0,0.1,3,0,0,0,0.0,0.0,0.0,0.0,72.4,378,152,2,1,3,0,5,2,4.58,0.0,3,3,9,37,2,0.0,0,76,47,1,0,22,6,24,2,1,1,2,4,0,0,0,1,0,2,0.0,0,0,1,0,0
Victor Lindelöf,SWE,DF,Manchester Utd,Premier League,30,1994,5,0,63.0,0.7,2.8,-1.43,0,0,0,0,0.0,0.0,0.0,0.0,0.0,2,0,0,0,0.0,0.0,0.0,0.0,92.1,534,171,1,4,2,0,1,1,2.9,0.0,0,5,1,51,0,0.0,0,121,73,0,0,29,19,6,2,3,2,5,4,0,1,0,0,0,2,40.0,1,0,2,0,0
Jesper Lindstrøm,DEN,FW,Everton,Premier League,24,2000,21,12,1027.0,11.4,45.6,-0.09,0,0,0,0,2.1,1.8,1.7,2.1,3.8,42,0,27,10,37.0,2.37,0.0,20.7,68.2,3869,1133,17,12,11,1,67,7,3.69,0.0,27,19,64,527,39,20.5,8,1389,672,26,19,288,169,264,36,37,11,48,17,0,13,15,2,20,58,33.3,2,0,12,7,1
Karol Linetty,POL,MF,Torino,Serie A,30,1995,20,15,1259.0,14.0,56.0,-0.14,1,1,0,1,0.6,0.4,0.2,0.6,0.8,16,0,12,3,25.0,0.86,0.08,21.8,84.2,6931,1693,6,38,8,1,4,1,1.14,0.0,13,42,14,611,17,23.5,4,1694,738,14,8,384,365,102,9,32,12,44,21,1,14,16,2,21,54,35.3,6,0,28,11,0
Samuel Lino,BRA,MF,Atleti,La Liga,25,1999,20,13,999.0,11.1,46.3,0.9,3,3,2,5,4.8,1.2,2.2,4.8,7.0,32,3,30,11,36.7,2.7,0.1,15.2,79.9,6786,1570,15,29,18,1,25,4,2.88,0.27,46,51,117,688,31,45.2,14,2729,1563,16,13,510,283,282,50,16,7,23,9,0,16,2,1,8,60,50.0,2,0,9,19,1
Pol Lirola,ESP,DF,Marseille,Ligue 1,27,1997,11,4,443.0,4.9,22.4,1.83,1,1,2,3,0.5,0.4,0.5,0.5,1.0,11,2,4,1,25.0,0.81,0.25,14.2,79.7,2830,509,5,3,2,0,10,1,2.23,0.41,7,11,30,284,2,50.0,1,633,296,4,3,183,127,84,11,9,2,11,7,0,5,4,0,6,15,33.3,1,1,8,6,0
Dailon Livramento,CPV,FW,Hellas Verona,Serie A,23,2001,17,6,649.0,7.2,28.8,-1.66,1,1,1,2,1.4,0.8,0.7,1.4,2.1,13,3,11,3,27.3,1.53,0.09,12.4,52.2,832,204,4,5,3,0,14,1,1.8,0.42,16,10,36,195,18,33.3,6,773,381,15,9,126,73,110,21,12,2,14,6,0,7,5,6,8,14,36.8,1,1,12,5,8
Valentino Livramento,ENG,DF,Newcastle,Premier League,22,2002,24,19,1692.0,18.8,75.2,0.32,0,0,0,0,0.1,0.6,0.7,0.1,0.8,22,0,3,1,33.3,0.16,0.0,20.3,84.1,12189,4262,10,56,17,0,30,4,1.17,0.0,46,85,61,1188,33,45.5,15,3697,1815,15,26,661,530,267,15,33,19,52,67,1,21,9,2,23,118,38.1,0,0,4,23,2
Marin Ljubicic,CRO,MF,Union Berlin,Bundesliga,22,2002,2,0,38.0,0.4,1.9,7.11,1,1,1,2,0.4,0.3,0.6,0.4,1.0,2,1,1,1,100.0,2.37,1.0,10.8,83.3,144,38,2,0,1,0,0,0,4.74,2.37,0,2,6,16,0,0.0,0,17,6,1,0,14,4,10,4,0,0,0,1,0,0,0,0,0,3,0.0,0,0,1,1,1
Javier Llabrés,ESP,FW,Mallorca,La Liga,22,2002,1,1,57.0,0.6,2.6,-1.58,0,0,0,0,0.0,0.1,0.1,0.0,0.1,3,0,1,0,0.0,1.58,0.0,19.7,83.3,294,88,1,0,1,0,4,1,4.74,0.0,3,3,8,29,0,0.0,0,160,69,1,2,19,9,14,0,0,0,0,0,0,1,0,0,0,3,100.0,0,0,0,1,1
Diego Llorente,ESP,DF,Betis,La Liga,31,1993,23,23,2034.0,22.6,94.2,0.04,1,1,0,1,1.2,0.3,0.3,1.2,1.5,15,2,7,2,28.6,0.31,0.14,11.0,86.1,22548,7368,6,57,3,0,1,0,0.66,0.09,5,67,3,1570,8,75.0,6,4415,2504,9,2,1018,673,37,16,27,39,66,123,1,23,9,1,14,77,60.2,3,0,17,17,0
Marcos Llorente,ESP,DF,Atleti,La Liga,30,1995,19,15,1310.0,14.6,60.6,0.89,2,2,2,4,0.6,2.3,2.8,0.6,3.4,31,4,12,5,41.7,0.82,0.17,19.5,84.3,10457,3013,16,42,17,0,38,11,2.13,0.27,47,58,97,950,18,38.9,7,2779,1545,15,4,638,392,285,34,33,15,48,29,1,13,8,3,24,79,50.0,0,1,9,14,2
Gautier Lloris,FRA,DF,Le Havre,Ligue 1,29,1995,21,21,1889.0,21.0,95.4,-1.1,2,2,1,3,1.1,0.5,0.9,1.1,2.0,16,2,10,2,20.0,0.48,0.2,12.6,87.1,17323,6559,5,61,3,0,2,0,0.76,0.1,12,82,7,1300,6,66.7,4,3068,1712,10,3,855,578,48,20,48,17,65,131,0,23,13,0,31,74,64.8,4,0,17,6,2
Giovani Lo Celso,ARG,MF,Betis,La Liga,28,1996,16,11,1035.0,11.5,47.9,0.0,7,5,1,8,4.1,3.5,3.5,1.8,5.2,63,5,24,11,45.8,2.09,0.21,22.6,76.7,8826,3158,27,69,26,8,78,1,5.47,0.43,14,97,47,836,40,35.0,14,2211,954,31,24,573,406,362,38,29,5,34,3,1,11,14,9,18,53,30.8,3,0,11,44,0
Stanislav Lobotka,SVK,MF,Napoli,Serie A,30,1994,21,20,1783.0,19.8,79.2,1.01,0,0,1,1,0.2,1.1,0.9,0.2,1.1,40,6,5,0,0.0,0.25,0.0,23.9,90.8,18881,4476,11,78,10,2,2,1,2.02,0.3,20,73,27,1328,10,70.0,7,3698,1470,8,9,973,783,217,7,36,17,53,38,0,19,17,9,23,129,50.0,3,0,16,24,0
Manuel Locatelli,ITA,MF,Juventus,Serie A,27,1998,23,21,1704.0,18.9,75.7,0.79,0,0,2,2,0.3,1.4,1.0,0.3,1.3,56,7,8,2,25.0,0.42,0.0,23.5,88.3,24263,7946,16,183,17,1,8,1,2.96,0.37,20,168,13,1622,11,36.4,4,4523,2358,10,4,1207,1021,184,7,42,16,58,46,0,38,21,2,28,79,67.6,5,0,29,11,1
Ruben Loftus-Cheek,ENG,MF,Milan,Serie A,29,1996,13,6,682.0,7.6,31.6,0.13,0,0,0,0,0.5,0.6,1.4,0.5,1.8,27,2,6,2,33.3,0.79,0.0,14.2,88.7,3834,738,12,28,5,1,5,1,3.57,0.26,20,37,29,348,13,53.8,7,1346,781,11,5,282,202,108,21,14,2,16,9,0,1,7,4,6,26,61.1,1,0,13,19,0
Elysée Logbo,FRA,FW,Le Havre,Ligue 1,20,2004,1,0,27.0,0.3,1.4,-3.33,0,0,0,0,0.2,0.0,0.0,0.2,0.2,0,0,1,0,0.0,3.33,0.0,3.7,75.0,36,0,0,0,0,0,0,0,0.0,0.0,0,0,2,6,0,0.0,0,41,7,0,3,4,3,2,2,0,0,0,0,0,0,0,0,0,1,0.0,0,0,0,0,0
Enzo Loiodice,FRA,MF,Las Palmas,La Liga,24,2000,15,5,504.0,5.6,23.3,-1.96,0,0,0,0,0.1,0.1,0.1,0.1,0.2,8,0,4,2,50.0,0.71,0.0,25.1,83.9,4467,1005,3,22,1,0,9,0,1.43,0.0,2,20,3,381,8,37.5,3,701,303,9,12,274,257,50,3,11,5,16,7,1,4,5,0,4,20,60.0,3,0,9,5,1
Sean Longstaff,ENG,MF,Newcastle,Premier League,27,1997,19,8,740.0,8.2,32.9,-0.24,0,0,0,0,0.6,0.2,0.2,0.6,0.8,14,2,6,1,16.7,0.73,0.0,13.5,84.5,4006,1081,4,24,1,2,5,0,1.71,0.24,4,38,20,390,6,33.3,2,1107,412,7,7,279,178,115,21,27,6,33,4,0,14,9,8,16,29,46.2,2,0,8,5,0
Ademola Lookman,NGA,FW,Atalanta,Serie A,27,1997,19,17,1323.0,14.7,58.8,1.16,10,9,5,15,6.5,4.5,4.0,5.7,9.7,88,12,51,20,39.2,3.47,0.18,14.9,73.9,5838,1637,36,20,17,2,61,4,5.99,0.82,73,40,171,758,57,38.6,22,2902,1634,40,31,585,260,468,105,21,2,23,3,1,13,8,4,9,35,50.0,3,0,21,13,21
Anthony Lopes,POR,GK,Nantes,Ligue 1,34,1990,7,7,630.0,7.0,0.0,0.0,0,0,0,0,0.0,0.0,0.0,0.0,0.0,0,0,0,0,0.0,0.0,0.0,0.0,58.6,4415,3535,0,3,0,0,0,0,0.0,0.0,0,0,0,239,0,0.0,0,711,480,1,0,100,1,0,0,1,0,1,2,1,0,0,0,0,4,100.0,0,0,0,0,0
David López,ESP,DF,Girona,La Liga,35,1989,21,20,1815.0,20.2,0.0,0.0,1,1,0,1,0.8,0.5,0.1,0.8,0.8,19,2,11,3,27.3,0.55,0.09,16.5,91.3,27294,9608,3,106,5,0,2,0,0.94,0.1,14,94,5,1753,9,66.7,6,5898,3369,10,6,1307,848,62,13,22,11,33,78,1,19,5,2,15,72,50.0,3,0,5,11,1
Diego López,ESP,MF,Valencia,La Liga,22,2002,24,22,1763.0,19.6,81.6,-0.26,3,3,4,7,3.2,3.3,3.7,3.2,6.9,45,5,28,8,28.6,1.43,0.11,15.6,69.8,6653,1588,24,31,17,3,53,5,2.3,0.26,56,52,139,800,54,29.6,16,2727,1389,41,12,545,302,440,64,20,9,29,7,0,17,11,4,12,63,19.6,2,0,14,24,12
Fer López,ESP,FW,Celta Vigo,La Liga,20,2004,5,2,144.0,1.6,6.7,2.5,0,0,0,0,0.2,0.3,0.4,0.2,0.6,7,2,4,1,25.0,2.5,0.0,21.9,83.9,749,219,2,5,4,1,0,0,4.37,1.25,6,11,12,80,5,60.0,3,409,219,6,7,63,35,41,3,4,1,5,2,0,2,3,1,1,5,0.0,0,0,2,1,0
Fermin López,ESP,MF,Barcelona,La Liga,21,2003,15,5,579.0,6.4,28.0,1.55,3,3,2,5,3.2,1.1,1.2,3.2,4.4,14,3,17,6,35.3,2.64,0.18,17.6,81.9,3409,852,6,27,9,2,16,3,2.18,0.47,15,28,48,356,25,40.0,10,1176,530,17,3,263,166,166,24,9,3,12,2,0,1,3,3,8,35,35.3,3,1,14,12,2
Javi López,ESP,DF,Real Sociedad,La Liga,22,2002,18,12,1186.0,13.2,54.9,-0.38,0,0,0,0,0.1,0.9,0.4,0.1,0.5,14,1,4,1,25.0,0.3,0.0,21.7,79.3,8115,2801,4,24,9,0,32,4,1.06,0.08,25,46,38,757,25,44.0,11,1991,837,18,12,405,343,198,10,23,3,26,35,1,14,9,3,12,62,35.0,2,0,15,15,0
Pau López,ESP,GK,Girona,La Liga,30,1994,1,0,45.0,0.5,2.1,-2.0,0,0,0,0,0.0,0.1,0.0,0.0,0.0,1,0,0,0,0.0,0.0,0.0,0.0,75.0,545,414,0,2,1,0,0,0,2.0,0.0,0,0,0,26,0,0.0,0,62,31,0,0,13,0,0,0,0,0,0,1,0,0,0,0,0,1,0.0,0,0,0,1,0
Roberto López,ESP,MF,Leganés,La Liga,24,2000,11,3,375.0,4.2,17.4,-1.2,0,0,1,1,0.5,0.4,0.8,0.5,1.3,14,1,5,0,0.0,1.2,0.0,29.3,74.6,2398,733,9,22,2,0,22,1,3.36,0.24,3,20,11,227,4,50.0,2,506,238,4,5,134,120,67,1,7,1,8,7,2,4,3,0,5,27,16.7,0,0,1,3,0
Unai López,ESP,MF,Rayo,La Liga,29,1995,20,16,1118.0,12.4,54.0,0.32,3,3,0,3,1.3,0.7,0.4,1.3,1.7,27,1,14,7,50.0,1.13,0.21,19.4,84.4,11418,2825,9,70,7,3,13,1,2.17,0.08,10,71,26,908,11,72.7,8,2212,908,18,10,668,523,177,13,19,19,38,12,0,12,5,5,12,83,42.9,7,1,13,11,1
Iker Losada,ESP,FW,Celta Vigo,La Liga,23,2001,3,1,125.0,1.4,5.8,-1.44,0,0,0,0,0.1,0.3,0.2,0.1,0.3,2,0,1,0,0.0,0.72,0.0,15.8,80.4,650,179,2,9,2,0,3,0,1.44,0.0,6,9,13,67,3,33.3,1,221,129,2,2,51,37,25,8,3,0,3,1,0,0,1,2,3,6,0.0,1,0,2,0,0
Iker Losada,ESP,MF,Betis,La Liga,23,2001,10,3,336.0,3.7,5.8,-1.44,0,0,0,0,0.5,0.3,0.3,0.5,0.8,2,0,1,0,0.0,0.72,0.0,15.8,80.4,650,179,2,9,2,0,3,0,1.44,0.0,9,14,16,67,3,33.3,1,221,129,2,2,51,37,25,8,3,0,3,1,0,0,1,2,3,6,0.0,1,0,2,0,0
Anthony Losilla,FRA,MF,Bochum,Bundesliga,38,1986,17,13,1079.0,12.0,54.5,-1.75,0,0,0,0,0.1,0.6,0.4,0.1,0.5,18,1,3,0,0.0,0.25,0.0,23.7,76.2,4704,1771,7,18,8,0,4,3,1.5,0.08,3,42,11,505,5,20.0,1,732,293,10,7,260,285,85,2,28,17,45,24,1,21,11,3,16,40,53.2,0,0,18,9,1
Jordan Lotomba,SUI,MF,Nice,Ligue 1,26,1998,2,0,35.0,0.4,1.8,-2.57,0,0,0,0,0.0,0.0,0.0,0.0,0.0,2,0,0,0,0.0,0.0,0.0,0.0,81.0,249,51,0,1,0,0,2,0,5.14,0.0,4,3,2,24,3,33.3,1,144,110,0,1,17,15,6,0,0,0,0,1,0,0,0,0,0,2,0.0,0,0,2,0,1
Tom Louchet,FRA,DF,Nice,Ligue 1,21,2003,14,6,574.0,6.4,29.0,0.78,1,1,0,1,0.1,0.8,0.7,0.1,0.9,20,0,6,1,16.7,0.94,0.17,20.6,82.1,4237,1545,9,22,6,0,24,2,3.14,0.0,12,21,25,421,10,30.0,3,792,416,10,6,237,185,120,13,19,12,31,16,0,9,2,4,12,26,80.0,1,0,7,7,0
Sandi Lovrić,SVN,MF,Udinese,Serie A,26,1998,24,22,1606.0,17.8,71.4,-0.28,2,2,3,5,2.3,1.6,2.2,2.3,4.6,58,9,36,10,27.8,2.02,0.06,21.8,78.9,8631,2424,23,61,13,2,50,3,3.25,0.5,44,75,53,851,39,46.2,18,3022,1322,35,20,530,435,269,31,38,17,55,17,0,28,13,4,24,92,0.0,2,0,34,25,0
Pol Lozano,ESP,MF,Espanyol,La Liga,25,1999,18,16,1274.0,14.2,59.0,-0.42,0,0,0,0,0.1,0.6,0.4,0.1,0.5,28,1,4,2,50.0,0.28,0.0,28.9,83.2,8470,2718,13,64,8,3,14,2,1.95,0.07,11,72,8,692,16,25.0,4,1853,901,11,9,402,409,105,0,38,17,55,17,0,20,21,4,25,68,37.5,7,0,38,11,0
Lorenzo Lucca,ITA,FW,Udinese,Serie A,24,2000,24,19,1675.0,18.6,74.4,0.21,9,9,0,9,4.2,0.3,0.6,4.2,4.8,19,2,39,16,41.0,2.1,0.23,14.3,63.7,2912,297,8,15,0,0,5,0,1.02,0.11,15,15,69,471,19,52.6,10,1278,419,51,23,355,246,189,75,9,5,14,22,0,11,2,5,6,33,46.7,7,0,50,40,9
Jhon Lucumí,COL,DF,Bologna,Serie A,26,1998,20,18,1609.0,17.9,74.5,0.56,0,0,1,1,0.4,0.6,0.3,0.4,0.8,24,2,9,2,22.2,0.5,0.0,11.8,90.1,20924,6447,7,66,0,0,3,0,1.34,0.11,18,63,6,1387,9,55.6,5,4386,2351,10,3,929,803,54,14,25,12,37,57,3,24,11,0,15,108,49.0,5,1,15,5,0
Yannik Lührs,GER,DF,Dortmund,Bundesliga,21,2003,3,1,127.0,1.4,6.4,-1.42,0,0,0,0,0.0,0.0,0.0,0.0,0.0,2,0,0,0,0.0,0.0,0.0,0.0,91.6,2551,603,1,5,0,0,0,0,1.41,0.0,2,1,1,176,0,0.0,0,536,147,0,1,140,84,4,0,1,2,3,4,0,0,0,0,1,5,80.0,0,0,2,0,0
José Luis Gayà,ESP,DF,Valencia,La Liga,29,1995,11,10,810.0,9.0,37.5,0.22,0,0,1,1,0.5,0.9,1.1,0.5,1.6,14,3,4,0,0.0,0.44,0.0,22.7,74.9,5906,1948,8,23,10,1,33,6,1.55,0.33,16,26,64,551,14,28.6,4,1319,684,9,1,308,251,144,5,29,13,42,24,0,7,8,2,19,45,60.0,2,0,13,9,2
José Luis Palomino,ARG,DF,Cagliari,Serie A,35,1990,9,3,386.0,4.3,17.2,0.0,1,1,0,1,0.5,0.0,0.0,0.5,0.5,3,0,1,1,100.0,0.23,1.0,4.3,85.8,3905,1264,0,8,1,0,0,0,0.7,0.0,0,10,0,253,1,0.0,0,566,232,1,1,157,85,9,1,8,7,15,14,0,6,4,2,5,15,40.0,1,0,2,1,0
Douglas Luiz,BRA,MF,Juventus,Serie A,26,1998,14,3,468.0,5.2,20.8,0.38,0,0,0,0,0.6,0.9,0.6,0.6,1.2,24,1,7,2,28.6,1.35,0.0,18.3,86.9,6197,1392,12,16,8,0,23,1,4.61,0.19,16,31,12,434,13,76.9,10,1554,882,6,6,313,239,121,8,12,2,14,3,0,4,4,1,8,26,62.5,2,0,11,5,0
Romelu Lukaku,BEL,FW,Napoli,Serie A,31,1993,23,22,1768.0,19.6,78.6,1.12,9,6,7,16,9.2,1.6,2.1,6.0,8.1,43,11,36,13,36.1,1.83,0.17,14.9,70.3,2715,349,21,8,3,5,2,0,2.19,0.56,20,18,147,465,18,22.2,4,1066,438,37,35,374,199,248,86,3,0,3,9,0,4,2,1,2,25,37.5,1,0,31,24,14
Castello Lukeba,FRA,DF,RB Leipzig,Bundesliga,22,2002,12,11,902.0,10.0,45.6,0.9,0,0,0,0,0.1,0.3,0.1,0.1,0.2,9,1,2,0,0.0,0.2,0.0,19.3,87.2,10955,4687,2,48,4,0,3,1,0.9,0.1,6,38,6,842,11,63.6,7,1959,1100,13,5,610,444,46,7,20,7,27,41,0,16,8,3,9,37,60.0,1,0,5,7,0
Dodi Lukebakio,BEL,FW,Sevilla,La Liga,27,1997,24,23,1982.0,22.0,91.8,-0.14,10,9,1,11,7.4,2.8,2.1,6.6,8.7,78,6,64,29,45.3,2.91,0.14,19.6,74.2,8100,1739,33,29,20,5,88,6,3.54,0.27,95,59,162,997,134,50.7,68,4529,2520,77,35,750,372,556,90,15,3,18,8,2,12,7,3,10,71,57.1,2,0,22,35,14
Saša Lukić,SRB,MF,Fulham,Premier League,28,1996,20,19,1582.0,17.6,70.3,0.06,0,0,2,2,0.8,1.1,2.5,0.8,3.3,39,2,11,1,9.1,0.63,0.0,19.2,88.4,13133,3278,19,72,10,1,41,4,2.22,0.11,29,66,21,1045,12,50.0,6,3203,1613,14,5,679,605,219,11,48,20,68,22,0,16,31,3,24,80,52.9,9,0,43,21,0
Milos Lukovic,SRB,FW,Strasbourg,Ligue 1,19,2005,2,0,12.0,0.1,0.6,-7.5,0,0,0,0,0.0,0.0,0.0,0.0,0.0,0,0,0,0,0.0,0.0,0.0,0.0,66.7,43,0,0,0,0,0,0,0,0.0,0.0,0,0,0,4,0,0.0,0,2,0,1,0,3,2,2,0,0,0,0,0,0,0,0,0,0,0,0.0,0,0,0,0,0
Joe Lumley,ENG,GK,Southampton,Premier League,30,1995,3,3,270.0,3.0,12.0,-1.67,0,0,0,0,0.0,0.0,0.0,0.0,0.0,0,0,0,0,0.0,0.0,0.0,0.0,70.2,2342,1476,0,2,0,0,0,0,0.0,0.0,0,0,0,164,0,0.0,0,476,296,0,0,108,3,0,0,0,0,0,3,3,0,0,0,0,2,66.7,0,0,0,0,0
Daniel Luna,COL,MF,Mallorca,La Liga,21,2003,2,0,20.0,0.2,0.9,0.0,0,0,0,0,0.0,0.0,0.0,0.0,0.0,1,0,0,0,0.0,0.0,0.0,0.0,61.5,88,16,0,1,0,0,3,0,4.5,0.0,1,0,2,17,3,33.3,1,36,15,0,0,11,5,12,1,0,0,0,0,0,1,0,0,0,2,0.0,0,0,0,1,0
Andriy Lunin,UKR,GK,Real Madrid,La Liga,26,1999,3,3,270.0,3.0,12.5,0.67,0,0,1,1,0.0,0.0,0.9,0.0,0.9,1,1,0,0,0.0,0.0,0.0,0.0,82.1,2157,1330,1,1,0,0,0,0,0.33,0.33,0,0,0,108,0,0.0,0,208,111,0,0,60,0,0,0,0,0,0,1,0,0,0,0,0,8,100.0,0,0,0,1,0
Massimo Luongo,AUS,MF,Ipswich Town,Premier League,32,1992,7,2,181.0,2.0,8.0,-1.99,0,0,0,0,0.0,0.0,0.0,0.0,0.0,0,0,0,0,0.0,0.0,0.0,0.0,73.6,551,135,0,1,0,0,1,0,0.0,0.0,0,5,1,72,0,0.0,0,140,25,2,3,41,24,16,1,8,2,10,2,0,4,1,1,5,10,100.0,0,0,1,2,0
Sebastiano Luperto,ITA,DF,Cagliari,Serie A,28,1996,25,25,2250.0,25.0,100.0,-0.52,1,1,3,4,2.0,0.6,1.2,2.0,3.2,23,4,18,5,27.8,0.72,0.06,11.6,84.9,18643,6291,6,62,3,0,5,0,0.92,0.16,18,69,6,1423,3,0.0,0,3712,2025,7,2,904,566,62,24,36,22,58,114,1,20,11,1,18,88,54.0,2,0,15,11,1
Zito Luvumbo,ANG,FW,Cagliari,Serie A,22,2002,16,12,994.0,11.0,44.2,-0.63,1,1,1,2,1.2,1.0,1.6,1.2,2.8,23,2,16,2,12.5,1.45,0.06,17.1,60.8,1914,497,10,11,8,0,41,3,2.08,0.18,41,23,81,319,45,42.2,19,1677,849,36,18,246,117,181,40,5,1,6,4,0,2,3,1,2,27,35.7,2,0,33,31,5
Charalambos Lykogiannis,GRE,DF,Bologna,Serie A,31,1993,12,9,745.0,8.3,34.5,0.36,0,0,4,4,0.1,1.1,1.3,0.1,1.4,24,5,4,2,50.0,0.48,0.0,23.8,73.5,7538,2511,13,39,8,0,67,7,2.9,0.6,9,40,17,579,7,42.9,3,1095,538,5,2,349,265,143,5,11,7,18,28,1,6,3,0,6,26,56.5,2,0,7,7,2
Senne Lynen,BEL,MF,Werder Bremen,Bundesliga,25,1999,20,20,1712.0,19.0,86.5,-0.32,0,0,0,0,0.7,0.8,0.5,0.7,1.1,15,0,13,1,7.7,0.68,0.0,21.4,82.5,11166,3009,6,50,8,2,4,0,0.79,0.0,6,60,20,1109,21,33.3,7,1925,690,26,11,623,615,153,9,53,38,91,49,5,39,22,4,27,125,45.2,6,0,20,18,0
Mathias Løvik,NOR,DF,Parma,Serie A,21,2003,2,0,39.0,0.4,1.7,-2.31,0,0,0,0,0.1,0.0,0.1,0.1,0.2,1,0,1,0,0.0,2.31,0.0,11.5,72.2,241,19,1,1,1,0,2,0,2.31,0.0,0,1,2,23,0,0.0,0,55,35,1,0,15,11,7,2,0,1,1,1,0,1,0,0,0,0,66.7,0,0,1,0,0
Othmane Maamma,MAR,FW,Montpellier,Ligue 1,19,2005,7,0,147.0,1.6,7.4,1.22,1,1,1,2,0.5,0.5,0.2,0.5,0.6,3,1,3,2,66.7,1.84,0.33,12.8,64.9,359,84,3,1,1,0,6,1,1.85,0.62,4,1,12,81,20,30.0,6,454,139,12,5,55,29,44,6,2,1,3,2,1,3,1,0,1,6,25.0,1,0,2,5,0
Ian Maatsen,NED,DF,Aston Villa,Premier League,22,2002,19,3,501.0,5.6,22.3,0.0,0,0,1,1,0.3,1.5,1.6,0.3,1.8,34,5,8,3,37.5,1.44,0.0,26.4,80.9,4867,1380,16,14,12,1,29,2,6.1,0.9,14,26,51,451,15,46.7,7,1303,624,11,12,276,167,168,25,12,9,21,15,1,5,5,1,7,37,63.6,2,0,5,4,2
Alexis Mac Allister,ARG,MF,Liverpool,Premier League,26,1998,24,22,1810.0,20.1,80.4,1.64,2,2,3,5,2.0,3.8,3.5,2.0,5.6,86,10,26,8,30.8,1.29,0.08,17.3,85.1,14524,3963,32,89,28,4,30,1,4.28,0.5,24,128,56,1322,31,38.7,12,2713,1382,18,18,892,698,429,46,67,16,83,17,1,51,40,8,42,102,42.9,6,0,46,27,1
Deiver Machado,COL,DF,Lens,Ligue 1,31,1993,18,11,1093.0,12.1,55.2,-0.25,1,1,0,1,1.8,1.3,0.9,1.8,2.6,32,3,15,4,26.7,1.24,0.07,18.7,82.7,6519,2096,12,24,14,0,37,10,2.63,0.25,27,33,48,696,27,51.9,14,2026,1072,17,14,406,303,235,19,24,10,34,16,0,13,9,4,17,51,56.0,5,2,21,13,4
Shuto Machino,JPN,FW,Holstein Kiel,Bundesliga,25,1999,20,12,1080.0,12.0,54.5,-1.25,7,6,1,8,3.4,1.5,1.4,2.6,3.9,37,5,24,11,45.8,2.0,0.25,18.2,64.7,4563,1637,12,19,11,0,14,4,3.09,0.42,13,37,60,498,8,50.0,4,1033,429,29,14,325,217,202,31,7,5,12,10,0,7,2,1,4,30,48.4,1,0,11,11,6
Darwin Machís,VEN,FW,Valladolid,La Liga,32,1993,9,5,362.0,4.0,16.8,-0.75,0,0,0,0,0.8,0.4,0.2,0.8,0.9,5,0,9,0,0.0,2.24,0.0,21.2,60.6,1586,510,3,8,1,0,28,0,1.24,0.0,5,13,17,176,5,20.0,1,579,279,4,2,119,84,66,4,4,2,6,7,0,3,2,0,3,13,75.0,0,0,2,3,2
Yvann Macon,FRA,DF,Saint-Etienne,Ligue 1,26,1998,5,4,304.0,3.4,15.4,-1.48,0,0,0,0,0.1,0.1,0.1,0.1,0.2,4,0,2,0,0.0,0.59,0.0,20.4,74.1,2129,623,4,12,2,0,9,0,1.18,0.0,8,15,23,207,6,50.0,3,569,271,5,2,134,100,62,7,6,0,6,6,1,7,3,1,3,14,16.7,1,0,9,2,0
James Maddison,ENG,MF,Tottenham,Premier League,28,1996,23,16,1363.0,15.1,60.6,0.53,9,9,4,13,5.7,4.8,2.8,5.7,8.4,68,13,36,17,47.2,2.38,0.25,16.0,80.9,12524,3843,27,87,29,10,78,5,4.5,0.86,36,125,71,1128,55,47.3,26,3876,1784,19,19,871,510,476,64,22,11,33,16,0,12,11,6,13,58,45.5,4,0,23,48,2
Eros Maddy,NED,DF,Auxerre,Ligue 1,24,2001,1,0,8.0,0.1,0.4,-11.25,0,0,0,0,0.0,0.0,0.0,0.0,0.0,0,0,0,0,0.0,0.0,0.0,0.0,100.0,36,9,0,0,0,0,0,0,0.0,0.0,1,0,4,5,1,0.0,0,26,11,1,1,4,2,3,0,0,0,0,0,0,0,0,0,0,0,0.0,0,0,2,0,0
Noni Madueke,ENG,FW,Chelsea,Premier League,22,2002,23,19,1453.0,16.1,64.6,0.5,7,7,3,10,7.6,2.5,3.6,7.6,11.2,61,8,64,25,39.1,3.96,0.11,14.7,78.2,5534,1368,25,10,29,1,46,6,3.78,0.5,110,53,179,703,69,39.1,27,3979,2500,38,23,544,191,453,138,16,7,23,9,0,11,8,1,11,60,45.0,3,0,17,18,3
Pablo Maffeo,ESP,DF,Mallorca,La Liga,27,1997,18,17,1409.0,15.7,65.2,-0.19,0,0,1,1,0.3,1.9,3.1,0.3,3.3,38,2,6,1,16.7,0.38,0.0,17.6,69.7,7606,3373,19,32,20,3,52,14,2.43,0.13,23,44,70,825,49,49.0,24,2158,1010,30,15,392,329,233,10,37,17,54,54,1,23,8,1,22,66,45.8,3,0,9,28,0
Gabriel Magalhães,BRA,DF,Arsenal,Premier League,27,1997,23,23,1988.0,22.1,88.4,1.27,3,3,1,4,2.5,1.1,0.8,2.5,3.3,29,6,20,5,25.0,0.91,0.15,9.2,89.7,21493,6567,12,127,8,1,8,0,1.31,0.27,5,100,9,1570,5,80.0,4,3539,2068,8,2,1151,811,186,36,22,12,34,75,2,37,7,5,14,48,62.2,3,0,16,15,0
Soungoutou Magassa,FRA,MF,Monaco,Ligue 1,21,2003,16,10,883.0,9.8,44.6,0.0,0,0,1,1,0.5,0.5,0.8,0.5,1.3,16,1,8,3,37.5,0.82,0.0,19.0,84.6,7878,2359,5,61,9,4,6,1,1.63,0.1,6,55,10,663,18,61.1,11,1474,651,11,10,422,436,89,6,40,21,61,18,1,12,24,4,23,72,36.7,5,0,23,15,0
Edmond-Paris Maghoma,ENG,MF,Brentford,Premier League,23,2001,5,0,78.0,0.9,3.5,2.31,0,0,0,0,0.0,0.0,0.0,0.0,0.0,2,1,0,0,0.0,0.0,0.0,0.0,92.0,733,190,0,2,0,0,1,0,2.31,1.15,3,8,2,61,3,66.7,2,240,153,2,0,46,37,17,2,2,1,3,1,0,1,2,0,1,3,33.3,0,0,2,3,0
Giangiacomo Magnani,ITA,DF,Hellas Verona,Serie A,29,1995,17,11,1065.0,11.8,47.3,-1.77,1,1,0,1,1.1,0.1,0.0,1.1,1.2,4,0,11,2,18.2,0.93,0.09,10.7,80.7,6348,2269,1,22,0,0,2,0,0.34,0.0,4,31,7,540,4,25.0,1,1052,516,4,1,274,240,30,14,20,17,37,73,1,16,6,0,15,38,61.7,2,0,8,11,0
Hugo Magnetti,FRA,MF,Brest,Ligue 1,26,1998,21,17,1503.0,16.7,75.9,0.12,1,1,0,1,0.5,0.5,0.4,0.5,0.9,17,3,10,4,40.0,0.6,0.1,24.7,84.2,9532,2242,5,48,4,0,7,1,1.02,0.18,9,51,14,839,16,50.0,8,2276,1044,12,14,552,506,138,8,31,12,43,25,0,13,19,2,20,75,53.8,3,0,15,14,0
Frank Magri,CMR,FW,Toulouse,Ligue 1,25,1999,20,6,594.0,6.6,30.0,-1.21,0,0,0,0,1.8,0.3,0.2,1.8,2.1,13,0,21,6,28.6,3.18,0.0,11.1,69.2,1034,251,2,8,2,1,2,0,1.97,0.0,10,17,37,177,8,25.0,2,543,214,14,15,136,93,71,30,2,1,3,5,0,10,1,1,0,8,42.6,2,1,9,9,3
Harry Maguire,ENG,DF,Manchester Utd,Premier League,31,1993,18,13,1178.0,13.1,52.4,-0.53,0,0,0,0,0.6,0.2,0.3,0.6,0.9,11,0,5,1,20.0,0.38,0.0,9.5,86.3,12208,4236,6,37,3,0,2,0,0.84,0.0,5,39,3,899,3,66.7,2,3295,1362,6,2,582,414,46,24,20,31,51,50,1,10,4,1,9,43,66.7,7,0,13,5,1
Jon Magunazelaia,ESP,MF,Real Sociedad,La Liga,24,2000,2,0,7.0,0.1,0.3,12.86,0,0,0,0,0.0,0.1,0.0,0.0,0.0,1,1,0,0,0.0,0.0,0.0,0.0,53.8,117,30,0,0,0,1,0,0,12.86,12.86,0,1,0,16,0,0.0,0,28,9,0,0,9,9,4,0,1,0,1,0,0,0,0,0,1,5,100.0,0,0,1,1,0
Arne Maier,GER,MF,Augsburg,Bundesliga,26,1999,20,7,752.0,8.4,38.0,-0.36,0,0,0,0,1.1,2.0,1.2,1.1,2.3,34,3,14,5,35.7,1.68,0.0,25.5,76.4,6209,1648,21,29,6,2,51,1,4.08,0.36,11,29,39,540,10,40.0,4,1234,529,18,7,351,259,204,13,11,3,14,10,1,14,8,0,5,56,40.0,0,0,8,6,0
Mike Maignan,FRA,GK,Milan,Serie A,29,1995,24,24,2160.0,24.0,100.0,0.5,0,0,0,0,0.0,0.0,0.7,0.0,0.7,3,0,0,0,0.0,0.0,0.0,0.0,86.3,20653,13570,3,9,0,1,0,0,0.12,0.0,0,3,0,1019,1,100.0,1,3363,2249,1,0,597,20,0,0,0,0,0,12,2,0,0,0,0,45,100.0,1,0,0,2,0
Patrick Mainka,GER,DF,Heidenheim,Bundesliga,30,1994,22,22,1980.0,22.0,100.0,-0.91,1,1,0,1,0.8,0.5,0.3,0.8,1.1,18,1,14,5,35.7,0.64,0.07,14.0,84.9,18761,8295,4,61,4,0,4,0,0.82,0.05,14,75,9,1381,5,0.0,0,4314,2393,12,7,779,585,79,20,43,45,88,120,0,36,16,2,22,112,61.2,3,0,12,18,2
Kobbie Mainoo,ENG,MF,Manchester Utd,Premier League,19,2005,18,15,1285.0,14.3,57.1,-0.42,0,0,0,0,0.5,1.2,1.5,0.5,2.0,25,1,10,1,10.0,0.7,0.0,20.2,86.3,7733,1966,13,44,9,2,4,0,1.75,0.07,19,52,35,845,41,48.8,20,2343,1032,23,29,598,477,210,30,37,17,54,6,1,15,11,11,24,72,39.0,5,0,23,19,2
Ainsley Maitland-Niles,ENG,DF,Lyon,Ligue 1,27,1997,20,12,1159.0,12.9,58.5,0.54,1,1,2,3,1.0,1.8,1.9,1.0,2.9,22,3,13,4,30.8,1.01,0.08,17.6,81.9,8714,2769,13,38,15,2,25,2,1.71,0.23,17,57,62,836,24,41.7,10,1515,745,20,14,473,375,251,38,38,17,55,30,5,18,12,10,22,55,33.3,0,0,6,5,2
Radosław Majecki,POL,GK,Monaco,Ligue 1,25,1999,12,12,1080.0,12.0,54.5,0.58,0,0,0,0,0.0,0.0,0.0,0.0,0.0,1,0,0,0,0.0,0.0,0.0,0.0,73.9,6005,4255,0,1,0,0,0,0,0.08,0.0,0,0,0,359,0,0.0,0,911,506,0,0,159,4,0,0,0,0,0,7,0,0,0,0,0,13,100.0,1,0,0,1,0
Lovro Majer,CRO,MF,Wolfsburg,Bundesliga,27,1998,4,2,145.0,1.6,7.3,1.24,2,1,0,2,1.1,0.0,0.0,0.4,0.4,3,1,2,1,50.0,1.24,0.5,21.5,66.7,371,138,1,2,0,0,2,0,1.86,0.62,2,2,6,58,4,75.0,3,230,72,2,4,44,21,29,5,0,0,0,1,0,2,0,0,0,4,33.3,1,0,5,3,0
Jordy Makengo,FRA,DF,Freiburg,Bundesliga,23,2001,11,1,198.0,2.2,10.0,-2.73,0,0,0,0,0.0,0.2,0.1,0.0,0.1,3,0,0,0,0.0,0.0,0.0,0.0,85.3,1465,359,1,3,1,0,7,1,1.36,0.0,5,3,12,139,5,0.0,0,306,106,4,1,71,52,39,0,11,3,14,8,0,2,3,1,6,10,0.0,1,0,0,1,0
Antoine Makoumbou,CGO,MF,Cagliari,Serie A,26,1998,21,18,1430.0,15.9,63.6,-0.44,0,0,1,1,0.3,0.6,0.4,0.3,0.7,20,3,6,0,0.0,0.38,0.0,22.4,89.6,11599,2898,3,49,8,2,5,2,1.26,0.19,6,64,12,932,15,60.0,9,2640,949,11,16,665,482,146,4,30,12,42,16,0,18,8,2,14,78,12.5,2,1,17,13,0
Nikola Maksimović,SRB,DF,Montpellier,Ligue 1,33,1991,7,7,581.0,6.5,29.3,-0.31,0,0,0,0,0.0,0.1,0.0,0.0,0.1,8,0,1,0,0.0,0.15,0.0,13.3,92.9,5904,1883,2,12,2,0,0,0,1.24,0.0,1,11,0,378,2,100.0,2,916,474,6,1,252,125,10,4,9,6,15,30,1,5,3,0,5,14,38.1,2,0,3,5,0
Tyrell Malacia,NED,DF,Manchester Utd,Premier League,25,1999,3,2,100.0,1.1,4.4,-0.9,0,0,0,0,0.0,0.0,0.0,0.0,0.0,2,0,0,0,0.0,0.0,0.0,0.0,89.1,642,260,1,7,1,0,1,0,1.8,0.0,3,3,6,62,1,100.0,1,190,118,1,2,43,27,15,0,2,1,3,1,1,0,0,0,1,3,0.0,1,0,3,2,0
Jarzinho Malanga,GER,DF,Stuttgart,Bundesliga,18,2006,1,0,2.0,0.0,0.1,0.0,0,0,0,0,0.0,0.0,0.0,0.0,0.0,0,0,0,0,0.0,0.0,0.0,0.0,100.0,25,0,0,0,0,0,0,0,0.0,0.0,0,0,2,3,0,0.0,0,0,0,1,0,3,0,3,0,0,0,0,0,0,0,0,0,0,0,0.0,0,0,0,0,0
Julián Malatini,ARG,DF,Werder Bremen,Bundesliga,23,2001,9,5,449.0,5.0,22.7,-0.2,1,1,1,2,0.2,0.5,0.5,0.2,0.7,5,2,3,1,33.3,0.6,0.33,7.3,86.0,4187,1189,2,13,4,1,3,1,1.0,0.4,8,22,4,350,3,66.7,2,1082,516,3,1,238,154,48,4,10,7,17,16,0,7,5,1,9,18,66.7,1,0,9,5,0
Daniel Maldini,ITA,MF,Monza,Serie A,23,2001,20,16,1306.0,14.5,58.0,-0.62,3,3,0,3,4.8,1.1,0.9,4.8,5.7,40,5,39,13,33.3,2.69,0.08,19.7,68.3,4254,837,12,14,8,1,38,2,2.75,0.34,41,34,66,584,72,41.7,30,2656,1287,36,31,426,287,242,41,14,4,18,12,2,8,9,0,6,52,44.9,5,0,15,39,2
Youssef Maleh,MAR,MF,Empoli,Serie A,26,1998,20,15,1338.0,14.9,59.5,-0.4,0,0,1,1,0.8,0.4,0.9,0.8,1.7,26,2,15,3,20.0,1.01,0.0,24.0,71.0,5814,2041,12,56,9,1,16,2,1.75,0.13,8,64,30,664,12,33.3,4,939,493,23,7,373,386,133,13,43,14,57,23,0,24,22,5,21,85,33.3,4,1,32,26,1
Donyell Malen,NED,FW,Aston Villa,Premier League,26,1999,3,1,132.0,1.5,5.9,-2.05,0,0,0,0,0.3,0.0,0.0,0.3,0.3,3,0,4,3,75.0,2.73,0.0,17.7,72.7,292,45,1,1,0,0,3,0,2.03,0.0,4,2,12,53,6,33.3,2,230,100,4,3,31,14,38,8,2,0,2,0,0,0,0,0,2,2,100.0,0,0,0,1,1
Donyell Malen,NED,FW,Dortmund,Bundesliga,26,1999,14,6,614.0,6.8,5.9,-2.05,3,3,0,3,2.9,0.0,0.2,2.9,3.2,3,0,4,3,75.0,2.73,0.0,17.7,72.7,292,45,1,1,0,0,3,0,2.03,0.0,23,17,75,53,6,33.3,2,230,100,4,3,31,14,38,8,2,0,2,0,0,0,0,0,2,2,100.0,0,0,0,1,1
Ruslan Malinovskyi,UKR,MF,Genoa,Serie A,31,1993,5,2,224.0,2.5,10.4,0.0,0,0,0,0,0.1,0.1,0.5,0.1,0.7,8,0,6,2,33.3,2.41,0.0,30.2,89.0,1818,559,3,16,3,0,0,0,3.21,0.0,1,19,6,144,2,50.0,1,394,151,2,2,82,83,27,0,8,1,9,3,0,1,5,1,6,11,83.3,1,0,7,2,0
Lennard Maloney,USA,MF,Heidenheim,Bundesliga,25,1999,11,10,760.0,8.4,38.4,-1.07,0,0,0,0,0.3,0.1,0.0,0.3,0.4,7,0,3,0,0.0,0.36,0.0,10.6,71.6,3751,1219,1,12,1,0,1,0,0.83,0.0,1,14,0,378,4,25.0,1,492,206,11,1,161,174,23,5,20,14,34,38,0,9,7,1,11,40,57.1,1,0,11,4,1
Lennard Maloney,USA,MF,Mainz 05,Bundesliga,25,1999,1,0,12.0,0.1,38.4,-1.07,0,0,0,0,0.0,0.1,0.0,0.0,0.0,7,0,3,0,0.0,0.36,0.0,10.6,71.6,3751,1219,1,12,1,0,1,0,0.83,0.0,0,0,0,378,4,25.0,1,492,206,11,1,161,174,23,5,20,14,34,38,0,9,7,1,11,40,57.1,1,0,11,4,1
Aaron Malouda,FRA,FW,Lille,Ligue 1,19,2005,1,0,2.0,0.0,0.1,0.0,0,0,0,0,0.0,0.0,0.0,0.0,0.0,0,0,0,0,0.0,0.0,0.0,0.0,0.0,0,0,0,0,0,0,0,0,0.0,0.0,0,0,0,0,0,0.0,0,3,0,0,1,1,0,0,0,0,0,0,0,0,0,0,0,0,0,0.0,0,0,0,0,0
Giorgi Mamardashvili,GEO,GK,Valencia,La Liga,24,2000,20,20,1800.0,20.0,83.3,-0.55,0,0,0,0,0.0,0.0,0.1,0.0,0.1,6,1,0,0,0.0,0.0,0.0,0.0,65.8,12408,9061,2,9,1,0,0,0,0.3,0.05,1,0,0,672,0,0.0,0,1467,764,0,0,289,5,0,0,0,1,1,7,2,0,0,0,0,16,50.0,1,0,0,3,0
Dennis Man,ROU,FW,Parma,Serie A,26,1998,23,19,1621.0,18.0,72.0,-0.56,4,4,3,7,3.5,2.2,3.7,3.5,7.2,68,6,37,14,37.8,2.05,0.11,17.2,79.2,7173,1865,38,36,21,2,28,5,3.78,0.33,57,46,118,836,65,35.4,23,3661,1527,38,23,598,340,428,74,10,8,18,9,0,9,3,3,4,59,30.4,0,0,7,16,4
Hianga Mananga Mbock,FRA,MF,Brest,Ligue 1,25,1999,1,0,21.0,0.2,1.1,0.0,0,0,0,0,0.0,0.0,0.0,0.0,0.0,0,0,1,1,100.0,4.29,0.0,36.4,82.4,232,77,0,0,0,0,0,0,0.0,0.0,0,0,0,19,0,0.0,0,66,19,0,0,15,13,6,0,0,1,1,0,0,0,0,0,0,0,100.0,0,0,1,0,0
Gianluca Mancini,ITA,DF,Roma,Serie A,28,1996,25,24,2063.0,22.9,91.7,0.31,1,1,0,1,1.3,0.6,0.8,1.3,2.1,31,1,15,3,20.0,0.65,0.07,11.7,85.2,20569,7003,13,95,16,1,28,4,1.35,0.04,38,107,22,1514,7,14.3,1,3956,2343,10,5,1098,758,179,32,28,27,55,59,0,16,10,2,17,69,61.8,4,0,32,20,5
Steve Mandanda,FRA,GK,Rennes,Ligue 1,39,1985,16,16,1395.0,15.5,70.5,-0.06,0,0,0,0,0.0,0.0,0.1,0.0,0.1,4,0,0,0,0.0,0.0,0.0,0.0,69.7,8906,6673,2,8,0,0,0,0,0.26,0.0,0,0,1,502,2,100.0,2,1434,883,2,1,267,4,0,0,0,0,0,6,2,0,0,0,0,24,100.0,0,0,0,1,0
Reinildo Mandava,MOZ,DF,Atleti,La Liga,31,1994,17,9,841.0,9.3,38.9,0.54,0,0,0,0,0.1,0.2,0.1,0.1,0.2,7,1,1,1,100.0,0.11,0.0,9.3,84.0,7298,2685,2,22,2,0,7,0,0.75,0.11,12,28,12,663,14,14.3,2,1564,779,7,4,426,301,92,8,17,15,32,32,0,9,7,1,11,46,36.4,3,0,17,14,1
Aïssa Mandi,ALG,DF,Lille,Ligue 1,33,1991,17,15,1247.0,13.9,63.0,0.22,0,0,0,0,0.3,0.4,0.2,0.3,0.5,18,2,5,1,20.0,0.36,0.0,9.7,89.0,15925,4989,3,88,5,0,7,2,1.3,0.14,9,71,15,991,2,50.0,1,1972,1014,4,3,700,568,122,14,18,11,29,32,0,20,11,3,11,50,39.1,2,0,4,8,1
Rolando Mandragora,ITA,MF,Fiorentina,Serie A,27,1997,17,10,909.0,10.1,40.4,-0.2,1,0,2,3,1.2,1.2,1.6,0.5,2.1,26,3,11,5,45.5,1.09,0.0,26.4,79.0,6751,2119,13,35,5,0,14,3,2.58,0.3,5,35,12,548,4,25.0,1,1189,535,3,1,358,316,92,9,12,11,23,30,1,13,5,1,5,23,56.3,4,0,14,14,0
Orel Mangala,BEL,MF,Everton,Premier League,26,1998,19,14,1261.0,14.0,56.0,0.21,1,1,0,1,1.1,0.6,0.6,1.1,1.8,24,1,16,6,37.5,1.14,0.06,22.1,89.2,6998,1567,8,50,8,0,6,1,1.72,0.07,6,34,19,621,24,58.3,14,1574,576,12,12,406,335,157,13,16,21,37,24,1,8,11,2,8,49,42.9,2,0,24,17,2
Orel Mangala,BEL,MF,Lyon,Ligue 1,26,1998,1,1,67.0,0.7,56.0,0.21,0,0,0,0,0.1,0.6,0.0,0.1,0.1,24,1,16,6,37.5,1.14,0.06,22.1,89.2,6998,1567,8,50,8,0,6,1,1.72,0.07,1,7,3,621,24,58.3,14,1574,576,12,12,406,335,157,13,16,21,37,24,1,8,11,2,8,49,42.9,2,0,24,17,2
Ryan Manning,IRL,DF,Southampton,Premier League,28,1996,14,10,767.0,8.5,34.1,-1.53,0,0,0,0,0.1,1.7,1.4,0.1,1.6,25,0,3,0,0.0,0.35,0.0,16.3,80.2,5473,1484,17,7,6,0,42,6,2.93,0.0,10,8,51,496,22,36.4,8,1128,519,13,5,306,198,169,18,20,8,28,17,0,13,7,2,14,35,66.7,1,0,10,17,0
Javier Manquillo,ESP,DF,Celta Vigo,La Liga,30,1994,10,7,515.0,5.7,23.8,-0.52,0,0,0,0,0.0,0.1,0.0,0.0,0.0,1,0,0,0,0.0,0.0,0.0,0.0,89.8,5537,1582,0,22,2,1,3,0,0.18,0.0,3,24,5,413,1,0.0,0,1017,454,1,0,312,222,31,1,7,7,14,14,0,5,3,0,5,18,38.5,1,0,9,1,0
Johan Manzambi,SUI,MF,Freiburg,Bundesliga,19,2005,3,0,25.0,0.3,1.3,0.0,0,0,0,0,0.0,0.0,0.0,0.0,0.0,1,0,0,0,0.0,0.0,0.0,0.0,73.3,182,29,0,0,0,0,1,0,3.6,0.0,0,1,2,19,0,0.0,0,43,20,1,0,11,11,3,0,0,0,0,2,0,1,0,0,0,1,100.0,0,0,0,1,0
Alberto Manzoni,ITA,MF,Atalanta,Serie A,19,2005,1,0,6.0,0.1,0.3,0.0,0,0,0,0,0.1,0.0,0.0,0.1,0.1,1,0,1,0,0.0,15.0,0.0,23.7,91.7,196,29,0,4,0,0,0,0,15.0,0.0,0,0,0,14,0,0.0,0,25,12,0,0,13,10,1,0,0,0,0,0,0,0,0,0,0,0,100.0,0,0,1,1,0
Sekou Mara,FRA,FW,Strasbourg,Ligue 1,22,2002,18,6,623.0,6.9,31.5,-0.58,1,1,1,2,1.1,0.5,1.0,1.1,2.0,10,2,15,3,20.0,2.17,0.07,16.3,70.9,1456,259,5,8,2,2,2,0,1.44,0.29,5,8,35,246,25,44.0,11,656,203,25,13,182,138,90,20,9,3,12,2,0,7,5,4,6,18,50.0,2,0,16,13,3
Alessandro Marcandalli,ITA,DF,Genoa,Serie A,22,2002,2,1,46.0,0.5,2.1,-1.96,0,0,0,0,0.0,0.0,0.0,0.0,0.0,0,0,0,0,0.0,0.0,0.0,0.0,60.0,236,47,0,0,0,0,0,0,0.0,0.0,0,1,0,24,0,0.0,0,20,4,0,0,11,6,1,0,1,0,1,2,0,0,0,0,0,3,100.0,0,0,0,0,0
Alessandro Marcandalli,ITA,DF,Venezia,Serie A,22,2002,1,1,56.0,0.6,2.1,-1.96,0,0,0,0,0.0,0.0,0.0,0.0,0.0,0,0,0,0,0.0,0.0,0.0,0.0,60.0,236,47,0,0,0,0,0,0,0.0,0.0,0,2,0,24,0,0.0,0,20,4,0,0,11,6,1,0,1,0,1,2,0,0,0,0,0,3,100.0,0,0,0,0,0
Marcão,BRA,DF,Sevilla,La Liga,28,1996,11,5,462.0,5.1,21.4,-1.75,0,0,0,0,0.0,0.0,0.0,0.0,0.0,2,0,0,0,0.0,0.0,0.0,0.0,88.1,3967,1587,0,12,0,0,0,0,0.39,0.0,0,17,0,325,3,0.0,0,792,343,4,3,201,128,5,2,9,6,15,27,1,9,3,0,6,23,72.2,6,1,8,9,0
Solly March,ENG,MF,Brighton,Premier League,30,1994,2,0,25.0,0.3,1.1,3.6,0,0,0,0,0.1,0.0,0.0,0.1,0.1,1,1,1,0,0.0,3.6,0.0,18.2,46.7,104,47,0,0,0,0,3,0,3.6,3.6,0,0,1,22,1,100.0,1,23,3,0,0,8,8,10,1,4,1,5,0,0,1,1,1,2,1,0.0,1,0,0,1,0
Filip Marchwiński,POL,MF,Lecce,Serie A,23,2002,1,0,15.0,0.2,0.7,0.0,0,0,0,0,0.0,0.0,0.0,0.0,0.0,0,0,0,0,0.0,0.0,0.0,0.0,80.0,60,6,0,0,0,0,0,0,0.0,0.0,0,0,0,5,0,0.0,0,6,1,0,0,4,2,3,0,0,0,0,0,0,0,0,0,0,1,0.0,0,0,0,1,0
Óscar de Marcos,ESP,DF,Athletic Club,La Liga,35,1989,19,12,1146.0,12.7,53.1,1.41,0,0,4,4,0.8,1.3,1.7,0.8,2.6,34,7,5,2,40.0,0.39,0.0,16.8,78.5,10004,3779,15,73,15,2,38,9,2.67,0.55,19,69,54,850,11,9.1,1,1299,638,9,6,446,427,194,10,25,12,37,26,0,12,11,1,12,67,42.9,0,0,11,5,0
Alberto Marí,ESP,FW,Valencia,La Liga,23,2001,1,0,7.0,0.1,0.3,0.0,0,0,0,0,0.0,0.0,0.0,0.0,0.0,1,0,0,0,0.0,0.0,0.0,0.0,50.0,33,7,0,0,0,0,0,0,12.86,0.0,0,1,2,4,0,0.0,0,11,10,0,0,4,3,1,0,0,0,0,0,0,0,0,0,0,0,0.0,0,0,1,0,0
Pablo Marí,ESP,DF,Monza,Serie A,31,1993,19,19,1628.0,18.1,72.4,-0.39,0,0,0,0,0.2,0.1,0.1,0.2,0.3,16,1,2,0,0.0,0.11,0.0,9.3,89.7,19296,6940,3,50,0,0,1,0,0.88,0.06,5,58,1,1296,6,100.0,6,3398,1700,4,5,861,534,12,5,26,37,63,85,2,24,12,0,15,59,65.6,4,1,27,5,0
José María Giménez,URU,DF,Atleti,La Liga,30,1995,18,15,1429.0,15.9,66.2,1.26,0,0,1,1,0.3,0.2,0.2,0.3,0.5,5,1,4,1,25.0,0.25,0.0,9.7,91.2,17355,6436,2,40,0,1,0,0,0.31,0.06,1,39,1,1066,2,100.0,2,2706,1328,3,3,723,463,25,10,19,20,39,77,1,22,6,0,13,55,47.9,4,0,8,8,0
Luca Marianucci,ITA,DF,Empoli,Serie A,20,2004,8,2,214.0,2.4,9.5,-1.26,0,0,0,0,0.3,0.0,0.0,0.3,0.3,6,0,3,1,33.3,1.26,0.0,16.6,85.5,1687,779,1,11,0,0,0,0,2.52,0.0,5,7,0,141,3,66.7,2,362,236,2,2,77,61,6,2,7,2,9,9,1,3,2,0,3,13,46.7,0,1,5,1,0
Mirko Marić,CRO,FW,Monza,Serie A,29,1995,8,1,106.0,1.2,4.7,0.0,0,0,0,0,0.2,0.1,0.0,0.2,0.2,2,0,1,0,0.0,0.85,0.0,16.0,63.4,384,111,1,1,3,0,2,1,1.68,0.0,1,3,8,54,1,100.0,1,103,51,3,1,40,26,19,6,1,1,2,1,0,1,0,0,0,4,33.3,0,0,2,2,0
Mirko Marić,CRO,MF,Venezia,Serie A,29,1995,1,0,11.0,0.1,4.7,0.0,0,0,0,0,0.0,0.1,0.0,0.0,0.0,2,0,1,0,0.0,0.85,0.0,16.0,63.4,384,111,1,1,3,0,2,1,1.68,0.0,1,1,4,54,1,100.0,1,103,51,3,1,40,26,19,6,1,1,2,1,0,1,0,0,0,4,33.3,0,0,2,2,0
Rafa Marín,ESP,DF,Napoli,Serie A,22,2002,1,0,6.0,0.1,0.3,-15.0,0,0,0,0,0.0,0.0,0.0,0.0,0.0,0,0,0,0,0.0,0.0,0.0,0.0,100.0,40,12,0,0,0,0,0,0,0.0,0.0,0,0,0,3,0,0.0,0,7,0,0,0,2,1,0,0,0,0,0,0,0,0,0,0,0,0,0.0,0,0,0,0,0
Pablo Marín,ESP,MF,Real Sociedad,La Liga,21,2003,9,1,197.0,2.2,9.1,-1.37,0,0,0,0,0.0,0.1,0.3,0.0,0.3,4,0,1,0,0.0,0.46,0.0,28.4,66.3,813,158,3,3,2,1,2,0,1.84,0.0,1,7,18,114,8,87.5,7,247,96,10,4,75,63,34,2,6,0,6,3,0,1,4,0,4,15,38.5,0,0,5,6,0
Răzvan Marin,ROU,MF,Cagliari,Serie A,28,1996,23,11,1079.0,12.0,48.0,-0.58,3,1,2,5,2.2,2.9,3.0,0.6,3.7,52,2,15,5,33.3,1.25,0.07,24.4,77.2,7923,2524,30,46,16,4,57,2,4.34,0.17,18,60,22,650,15,46.7,7,1821,828,9,11,415,361,167,17,15,2,17,15,2,4,9,1,9,54,37.5,4,0,22,8,0
Guillermo Maripán,CHI,DF,Torino,Serie A,30,1994,15,14,1170.0,13.0,52.0,-0.08,1,1,0,1,0.7,0.6,0.3,0.7,1.0,12,1,6,3,50.0,0.46,0.17,10.4,86.6,12588,4225,2,34,3,2,1,0,0.92,0.08,5,44,4,861,3,0.0,0,2456,1254,10,3,566,416,23,11,21,18,39,61,1,11,8,1,10,46,64.9,0,1,13,5,1
Mika Màrmol,ESP,DF,Las Palmas,La Liga,22,2002,18,16,1409.0,15.7,65.2,-0.64,0,0,1,1,0.2,1.7,1.3,0.2,1.5,24,3,8,0,0.0,0.51,0.0,18.1,77.9,12508,5237,10,74,12,0,33,7,1.53,0.19,15,64,26,1084,9,55.6,5,2436,1461,9,2,661,555,132,12,36,24,60,61,0,30,15,2,15,42,56.5,4,0,24,5,1
Omar Marmoush,EGY,FW,City,Premier League,26,1999,3,3,219.0,2.4,9.7,0.82,3,3,0,3,0.9,0.6,0.5,0.9,1.4,8,0,7,3,42.9,2.88,0.43,19.3,80.3,782,268,4,4,5,1,9,1,3.29,0.0,6,8,14,98,5,0.0,0,396,199,9,4,71,34,59,8,3,2,5,1,0,4,0,1,2,9,0.0,0,0,1,6,3
Omar Marmoush,EGY,FW,Eint Frankfurt,Bundesliga,26,1999,17,17,1448.0,16.1,9.7,0.82,15,13,9,24,8.8,0.6,6.2,7.3,13.5,8,0,7,3,42.9,2.88,0.43,19.3,80.3,782,268,4,4,5,1,9,1,3.29,0.0,73,50,125,98,5,0.0,0,396,199,9,4,71,34,59,8,3,2,5,1,0,4,0,1,2,9,0.0,0,0,1,6,3
Mario Maroto,ESP,MF,Valladolid,La Liga,21,2003,1,0,19.0,0.2,0.9,0.0,0,0,1,1,0.0,0.0,0.1,0.0,0.1,2,1,0,0,0.0,0.0,0.0,0.0,73.3,200,65,1,2,0,0,0,0,9.47,4.74,0,1,0,19,1,100.0,1,16,3,0,0,7,11,4,1,0,2,2,1,0,0,0,0,0,1,50.0,0,0,0,0,0
Marquinhos,BRA,DF,PSG,Ligue 1,30,1994,16,13,1224.0,13.6,61.8,2.13,0,0,0,0,0.4,0.5,0.6,0.4,1.0,25,1,5,1,20.0,0.37,0.0,12.1,94.1,23571,7166,6,139,3,2,1,1,1.84,0.07,21,102,3,1426,4,75.0,3,4918,3359,2,0,1131,893,87,7,22,8,30,46,0,19,11,4,12,76,64.1,3,0,15,4,1
Aarón Martín,ESP,DF,Genoa,Serie A,27,1997,23,23,1996.0,22.2,92.4,-0.5,0,0,3,3,0.6,4.6,3.8,0.6,4.4,70,6,12,3,25.0,0.54,0.0,24.2,72.7,14553,5577,47,51,21,0,184,15,3.16,0.27,35,60,85,1248,21,57.1,12,3093,1514,16,10,660,510,425,15,47,13,60,45,1,24,20,4,32,86,40.6,4,0,26,19,2
Carlos Martín,ESP,FW,Alaves,La Liga,22,2002,16,10,837.0,9.3,38.8,-0.54,2,2,1,3,1.9,1.2,1.7,1.9,3.6,15,2,17,7,41.2,1.83,0.12,15.5,65.7,2316,601,6,8,4,2,15,3,1.62,0.22,8,14,40,371,18,27.8,5,723,289,14,13,222,170,125,26,26,4,30,12,0,20,11,4,14,40,33.3,2,0,20,22,4
Gerard Martín,ESP,DF,Barcelona,La Liga,23,2002,14,4,431.0,4.8,20.8,1.46,0,0,1,1,0.0,0.9,0.5,0.0,0.5,10,1,0,0,0.0,0.0,0.0,0.0,82.0,4089,1309,6,12,7,1,10,1,2.09,0.21,6,18,33,362,2,0.0,0,439,242,3,1,219,171,95,2,13,6,19,14,0,10,4,3,6,12,77.8,2,0,7,2,0
Iván Martín,ESP,MF,Girona,La Liga,26,1999,20,17,1436.0,16.0,66.5,-0.38,1,1,1,2,0.9,1.8,1.8,0.9,2.7,41,3,5,1,20.0,0.31,0.2,19.2,90.3,14577,2873,18,70,10,1,12,2,2.57,0.19,38,94,43,1161,29,55.2,16,4720,2220,31,18,929,664,293,11,21,9,30,13,1,14,9,2,12,83,21.4,1,0,16,12,1
Jon Martin,ESP,DF,Real Sociedad,La Liga,19,2006,4,0,167.0,1.9,7.7,-1.62,0,0,0,0,0.3,0.0,0.0,0.3,0.3,2,0,4,0,0.0,2.16,0.0,10.1,79.0,1008,375,0,1,0,0,0,0,1.08,0.0,0,5,0,88,0,0.0,0,130,49,0,0,42,31,7,4,1,5,6,7,0,4,0,1,1,5,71.4,1,0,7,0,0
Jonas Martin,FRA,MF,Brest,Ligue 1,34,1990,12,5,458.0,5.1,23.1,-0.59,1,1,0,1,0.3,0.4,0.3,0.3,0.7,8,2,2,1,50.0,0.39,0.5,4.8,87.9,3811,941,3,17,3,0,3,2,1.57,0.39,8,19,7,322,4,50.0,2,694,336,4,4,220,188,51,4,11,6,17,11,1,3,2,1,5,28,35.7,2,0,7,10,0
Mario Martín,ESP,MF,Valladolid,La Liga,20,2004,20,14,1264.0,14.0,58.5,-1.64,0,0,1,1,0.5,1.2,1.1,0.5,1.6,25,1,14,7,50.0,1.0,0.0,25.2,85.9,8514,2122,9,40,3,2,7,1,1.78,0.07,11,44,12,752,25,52.0,13,2182,948,24,17,469,409,103,12,40,15,55,35,6,21,20,2,19,60,47.7,5,2,34,31,1
Gabriel Martinelli,BRA,FW,Arsenal,Premier League,23,2001,22,16,1458.0,16.2,64.8,0.93,6,6,3,9,4.1,3.2,2.9,4.1,6.9,39,3,27,14,51.9,1.67,0.22,12.6,69.5,4417,939,25,6,19,3,56,8,2.41,0.19,78,28,184,639,84,28.6,24,3046,1627,33,28,471,179,401,114,16,2,18,13,0,8,4,6,13,56,37.5,1,0,10,14,7
Arnau Martinez,ESP,DF,Girona,La Liga,21,2003,20,18,1608.0,17.9,74.4,-0.11,2,2,2,4,1.0,1.4,1.8,1.0,2.8,41,4,13,3,23.1,0.73,0.15,15.1,86.3,17092,4913,15,105,11,3,41,3,2.29,0.22,28,121,71,1401,27,51.9,14,3968,1924,16,7,940,670,329,39,25,14,39,47,2,10,6,4,15,82,53.8,2,0,10,28,1
Emiliano Martínez,ARG,GK,Aston Villa,Premier League,32,1992,25,25,2205.0,24.5,98.0,-0.08,0,0,0,0,0.0,0.0,0.0,0.0,0.0,3,0,0,0,0.0,0.0,0.0,0.0,81.5,19262,11355,0,12,0,0,0,0,0.12,0.0,0,2,0,963,1,100.0,1,2933,1861,1,0,534,12,0,0,1,0,1,13,6,0,0,0,1,22,85.7,2,0,1,4,0
Iñigo Martínez,ESP,DF,Barcelona,La Liga,33,1991,19,19,1690.0,18.8,81.6,1.76,0,0,2,2,0.3,1.4,2.2,0.3,2.5,33,5,9,2,22.2,0.48,0.0,15.0,91.3,30356,10265,12,162,4,1,1,1,1.76,0.27,50,170,6,1870,0,0.0,0,7339,5302,8,2,1432,1155,77,20,16,15,31,66,1,13,3,0,9,75,61.5,3,0,10,19,0
Javi Martínez,ESP,MF,Osasuna,La Liga,25,1999,1,0,6.0,0.1,0.3,-15.0,0,0,0,0,0.0,0.0,0.0,0.0,0.0,0,0,0,0,0.0,0.0,0.0,0.0,100.0,126,55,0,1,0,0,0,0,0.0,0.0,0,1,0,10,0,0.0,0,16,2,0,0,10,8,0,0,0,0,0,0,0,0,0,0,0,0,0.0,0,0,0,0,0
Lautaro Martínez,ARG,FW,Inter,Serie A,27,1997,23,23,1898.0,21.1,84.4,1.19,9,9,3,12,9.8,3.0,2.3,9.8,12.0,55,8,76,27,35.5,3.6,0.12,14.2,74.6,5322,1123,23,29,14,9,9,1,2.61,0.38,27,44,147,704,31,32.3,10,2098,872,48,33,540,306,349,110,23,8,31,8,0,14,7,7,14,58,43.1,0,0,26,33,16
Lisandro Martínez,ARG,DF,Manchester Utd,Premier League,27,1998,20,20,1751.0,19.5,77.8,-0.1,2,2,1,3,1.3,1.3,1.1,1.3,2.4,26,2,17,6,35.3,0.87,0.12,15.9,89.4,20292,7055,9,91,18,5,9,2,1.34,0.1,23,117,7,1524,7,85.7,6,5141,3129,1,3,1069,697,125,18,40,32,72,57,1,22,12,3,24,81,55.2,7,0,22,7,0
Lucas Martínez Quarta,ARG,DF,Fiorentina,Serie A,28,1996,8,4,351.0,3.9,15.6,0.0,1,1,0,1,0.7,0.1,0.0,0.7,0.7,4,0,3,1,33.3,0.77,0.33,12.7,88.6,4391,1769,1,15,0,0,0,0,1.03,0.0,3,14,2,316,2,100.0,2,1010,589,5,1,208,139,21,6,12,3,15,25,1,5,3,0,7,13,54.5,1,0,8,2,0
Ramón Martínez,ESP,DF,Sevilla,La Liga,22,2002,1,0,6.0,0.1,0.3,0.0,0,0,0,0,0.0,0.0,0.0,0.0,0.0,0,0,0,0,0.0,0.0,0.0,0.0,90.0,169,47,0,0,0,0,0,0,0.0,0.0,0,0,0,10,1,100.0,1,33,6,0,0,9,4,0,0,0,0,0,0,0,0,0,0,0,0,100.0,0,0,0,0,0
Toni Martínez,ESP,FW,Alaves,La Liga,27,1997,19,6,696.0,7.7,32.2,-0.52,3,3,0,3,1.8,0.9,0.5,1.8,2.4,20,1,32,10,31.3,4.14,0.09,17.4,58.3,1132,190,8,7,3,2,5,1,2.59,0.13,8,8,33,256,9,66.7,6,439,173,24,4,163,98,144,54,8,0,8,9,0,7,3,2,4,21,54.8,0,0,11,8,2
Kevin Martins,ITA,MF,Monza,Serie A,20,2005,8,1,148.0,1.6,6.6,-0.61,0,0,1,1,0.0,0.2,0.4,0.0,0.4,2,1,0,0,0.0,0.0,0.0,0.0,66.0,543,131,2,6,1,0,5,1,1.22,0.61,3,5,10,70,5,60.0,3,300,120,6,2,44,26,19,2,5,1,6,3,0,1,2,0,4,10,66.7,1,0,3,3,0
Javi Martón,ESP,FW,Athletic Club,La Liga,25,1999,3,0,53.0,0.6,2.5,1.7,0,0,0,0,0.0,0.0,0.0,0.0,0.0,1,0,0,0,0.0,0.0,0.0,0.0,85.7,68,2,0,1,0,0,0,0,1.73,0.0,0,0,3,14,0,0.0,0,8,1,5,0,8,8,5,0,0,0,0,0,0,0,0,0,0,2,66.7,1,0,1,0,1
Adam Marušić,MNE,DF,Lazio,Serie A,32,1992,23,14,1418.0,15.8,63.0,0.19,3,3,0,3,1.5,0.3,0.4,1.5,1.9,14,0,13,7,53.8,0.83,0.23,14.7,85.4,10327,3357,9,41,8,0,33,5,0.89,0.0,12,52,52,879,9,77.8,7,1399,663,4,10,566,438,190,18,22,10,32,38,0,8,10,2,14,50,61.8,1,0,7,11,1
Marvin,ESP,DF,Las Palmas,La Liga,24,2000,11,6,549.0,6.1,25.4,-0.16,0,0,0,0,0.1,0.5,0.7,0.1,0.8,6,0,2,0,0.0,0.33,0.0,8.7,74.7,3389,961,3,16,8,0,27,6,0.98,0.0,18,17,35,337,5,20.0,1,1192,613,10,3,179,162,102,9,12,5,17,16,0,9,4,3,5,33,46.2,3,0,10,11,0
Omar Mascarell,EQG,MF,Mallorca,La Liga,32,1993,20,13,1251.0,13.9,57.9,-0.29,0,0,0,0,0.2,0.1,0.1,0.2,0.2,9,0,3,1,33.3,0.22,0.0,19.3,86.0,8730,2391,2,36,2,0,2,0,0.65,0.0,7,44,6,724,10,60.0,6,1625,641,6,4,444,422,58,2,21,31,52,43,2,18,10,0,11,48,63.4,4,1,20,10,0
Adam Masina,MAR,DF,Torino,Serie A,31,1994,20,15,1452.0,16.1,64.5,-0.19,1,1,2,3,0.2,0.5,0.3,0.2,0.5,16,4,5,2,40.0,0.31,0.2,14.5,84.2,15027,5538,3,51,5,1,13,2,0.99,0.25,13,61,7,1139,8,37.5,3,2972,1684,7,4,750,582,67,9,28,18,46,63,2,23,7,1,14,63,75.8,5,0,18,15,1
Patrizio Masini,ITA,MF,Genoa,Serie A,24,2001,12,3,411.0,4.6,19.0,0.22,1,1,0,1,0.3,0.2,0.1,0.3,0.4,13,3,4,1,25.0,0.88,0.25,13.2,73.2,2036,466,3,11,1,1,12,1,2.85,0.66,10,15,7,238,7,42.9,3,701,315,8,3,131,137,56,11,18,2,20,9,0,6,8,3,9,26,61.5,1,0,14,18,0
Giorgos Masouras,GRE,MF,Bochum,Bundesliga,31,1994,2,2,176.0,2.0,8.9,1.02,2,2,0,2,2.3,0.3,0.6,2.3,2.9,11,0,10,6,60.0,5.11,0.2,11.9,65.0,354,74,4,2,1,0,5,1,5.63,0.0,8,4,17,75,6,16.7,1,216,147,4,1,45,28,39,18,2,1,3,0,0,4,1,1,1,10,30.8,0,0,2,3,0
Erhan Mašović,SRB,DF,Bochum,Bundesliga,26,1998,12,9,759.0,8.4,38.3,-1.66,0,0,1,1,0.5,0.4,1.0,0.5,1.5,6,1,6,3,50.0,0.71,0.0,11.4,82.1,6191,2519,3,26,0,1,0,0,0.71,0.12,1,31,2,444,1,0.0,0,973,448,3,2,262,201,15,8,12,11,23,43,0,15,3,0,9,29,60.7,1,0,10,4,0
Han-Noah Massengo,FRA,MF,Auxerre,Ligue 1,23,2001,6,5,437.0,4.9,22.1,-0.62,0,0,0,0,0.3,0.1,0.0,0.3,0.3,5,0,4,2,50.0,0.82,0.0,14.3,86.6,2809,788,0,11,2,0,1,1,1.03,0.0,4,15,1,252,12,33.3,4,609,280,5,4,167,143,36,4,10,9,19,4,1,5,4,2,7,26,28.6,1,0,7,9,0
Clinton Mata,ANG,DF,Lyon,Ligue 1,32,1992,19,18,1627.0,18.1,82.2,0.5,0,0,3,3,0.2,2.0,1.2,0.2,1.4,20,5,4,0,0.0,0.22,0.0,18.9,86.5,15462,5414,10,53,13,0,34,6,1.11,0.28,15,61,23,1238,22,50.0,11,3902,2246,12,9,839,604,145,14,31,33,64,49,2,18,9,3,19,85,59.3,4,0,19,25,1
Jaime Mata,ESP,FW,Las Palmas,La Liga,36,1988,20,3,433.0,4.8,20.0,0.0,0,0,0,0,2.0,0.2,0.1,2.0,2.1,10,1,10,3,30.0,2.08,0.0,11.5,68.9,1192,185,3,6,3,0,9,1,2.06,0.21,6,6,26,170,5,60.0,3,325,128,12,1,121,88,72,23,5,2,7,5,0,4,4,0,1,15,35.3,5,0,13,8,10
Igor Matanovic,CRO,FW,Eint Frankfurt,Bundesliga,21,2003,15,2,303.0,3.4,15.3,-0.59,1,1,0,1,1.1,0.1,0.0,1.1,1.2,8,1,12,4,33.3,3.56,0.08,14.1,75.7,817,209,1,8,1,1,0,0,2.38,0.3,2,6,19,129,5,60.0,3,362,118,20,9,100,70,43,17,2,1,3,9,0,2,2,0,0,8,40.0,0,0,6,10,1
Pape Matar Sarr,SEN,MF,Tottenham,Premier League,22,2002,25,15,1282.0,14.2,57.0,0.21,2,2,2,4,2.4,0.6,1.4,2.4,3.8,32,6,22,11,50.0,1.54,0.09,22.4,87.2,10464,2508,11,71,8,0,7,2,2.25,0.42,23,68,38,927,21,47.6,10,3446,1469,22,16,659,517,222,15,34,19,53,17,1,19,17,2,24,91,40.8,4,0,20,25,2
Eliot Matazo,BEL,MF,Monaco,Ligue 1,23,2002,3,1,68.0,0.8,3.4,0.0,0,0,0,0,0.0,0.0,0.1,0.0,0.1,1,0,0,0,0.0,0.0,0.0,0.0,85.4,533,168,1,1,0,0,0,0,1.3,0.0,0,7,3,54,3,0.0,0,94,31,3,0,31,39,7,0,3,1,4,2,0,0,3,0,2,7,100.0,0,0,0,2,0
Jean-Philippe Mateta,FRA,FW,Crystal Palace,Premier League,27,1997,25,23,1952.0,21.7,86.8,0.0,11,9,1,12,10.5,1.8,2.2,8.9,11.1,45,6,48,19,39.6,2.21,0.19,15.3,64.9,2872,717,23,24,11,6,21,1,2.08,0.28,27,36,95,535,34,35.3,12,1452,681,43,34,390,252,251,69,11,2,13,17,0,13,6,2,7,50,37.5,2,0,22,22,11
Nemanja Matić,SRB,MF,Lyon,Ligue 1,36,1988,18,17,1416.0,15.7,71.5,0.32,0,0,1,1,0.0,1.7,1.1,0.0,1.1,38,4,1,1,100.0,0.06,0.0,5.9,85.9,14303,4393,14,128,11,3,8,1,2.42,0.25,29,113,12,1066,11,63.6,7,3257,1741,8,12,778,677,186,28,27,12,39,23,1,17,16,4,22,91,56.5,0,0,10,4,0
Chrislain Matsima,FRA,DF,Augsburg,Bundesliga,22,2002,18,16,1471.0,16.3,74.3,-0.37,1,1,0,1,1.2,0.3,0.1,1.2,1.3,9,0,8,2,25.0,0.49,0.13,10.2,83.0,10511,3483,2,46,3,0,1,0,0.55,0.0,9,46,9,939,8,75.0,6,2249,1142,15,9,527,481,66,11,11,34,45,93,0,31,5,1,8,89,75.8,4,0,7,8,0
Jean Mattéo Bahoya,FRA,MF,Eint Frankfurt,Bundesliga,19,2005,13,1,257.0,2.9,13.0,1.75,0,0,2,2,0.2,0.8,0.8,0.2,1.1,19,5,3,1,33.3,1.05,0.0,16.6,76.4,1247,348,9,6,7,1,10,3,6.68,1.76,8,9,43,157,13,61.5,8,515,214,8,7,99,58,72,14,11,2,13,3,0,1,3,0,7,8,100.0,2,0,5,3,1
Alan Matturro,URU,DF,Genoa,Serie A,20,2004,9,8,742.0,8.2,34.4,-0.49,0,0,0,0,0.1,0.3,0.2,0.1,0.3,8,0,3,3,100.0,0.36,0.0,16.9,79.7,5186,1619,3,9,4,0,5,2,0.97,0.0,10,14,8,402,3,66.7,2,1109,598,6,3,237,145,35,7,10,12,22,33,0,6,5,0,5,24,46.4,2,0,8,5,1
Azor Matusiwa,NED,MF,Rennes,Ligue 1,26,1998,18,17,1462.0,16.2,73.8,-0.12,0,0,0,0,0.2,1.0,0.8,0.2,1.1,28,1,5,0,0.0,0.31,0.0,24.6,86.9,11484,3306,11,77,16,2,1,1,1.72,0.06,8,93,10,980,14,92.9,13,1795,667,16,15,575,612,148,5,51,28,79,35,0,21,26,2,31,101,60.6,2,0,23,22,0
Neal Maupay,FRA,FW,Marseille,Ligue 1,28,1996,16,12,871.0,9.7,0.0,0.0,4,4,4,8,3.5,1.2,2.2,3.5,5.7,20,5,16,8,50.0,1.65,0.25,10.2,82.7,2929,570,13,13,11,1,1,0,2.07,0.52,10,31,61,330,12,41.7,5,857,350,30,15,256,173,143,38,7,2,9,0,0,4,5,1,3,19,25.0,3,1,8,16,1
Maurides,BRA,FW,St. Pauli,Bundesliga,30,1994,1,0,2.0,0.0,0.1,0.0,0,0,0,0,0.0,0.0,0.0,0.0,0.0,0,0,0,0,0.0,0.0,0.0,0.0,50.0,12,0,0,0,0,0,0,0,0.0,0.0,0,0,0,2,0,0.0,0,1,0,0,0,2,0,2,0,0,0,0,0,0,0,0,0,0,0,0.0,0,0,0,0,0
Stephy Mavididi,ENG,FW,Leicester City,Premier League,26,1998,23,14,1306.0,14.5,58.0,-1.17,3,3,1,4,1.5,3.1,2.4,1.5,3.9,42,7,21,6,28.6,1.45,0.14,15.3,75.1,4983,1240,18,27,22,6,53,5,2.89,0.48,72,52,106,694,79,38.0,30,3477,1899,34,30,498,268,338,51,27,9,36,11,0,21,9,4,15,67,42.9,2,0,15,14,2
Konstantinos Mavropanos,GRE,DF,West Ham,Premier League,27,1997,21,16,1492.0,16.6,66.3,-0.84,0,0,0,0,0.9,0.4,0.5,0.9,1.4,14,0,15,5,33.3,0.9,0.0,16.4,85.3,15239,5290,4,48,4,1,2,1,0.84,0.0,12,49,2,1100,15,60.0,9,3059,1708,10,0,706,488,54,20,28,32,60,84,1,19,8,1,21,55,75.4,4,1,12,10,2
Christian Mawissa,FRA,DF,Monaco,Ligue 1,19,2005,12,9,767.0,8.5,38.7,0.82,0,0,0,0,0.1,0.0,0.0,0.1,0.1,3,0,1,1,100.0,0.12,0.0,13.5,80.9,4954,1896,0,19,0,0,3,0,0.35,0.0,7,19,8,504,22,31.8,7,1257,514,12,7,298,276,46,5,30,16,46,18,0,14,10,2,20,35,65.2,1,0,7,6,0
Keke Maximilian Topp,GER,FW,Werder Bremen,Bundesliga,20,2004,11,1,194.0,2.2,9.8,-0.46,1,1,1,2,0.7,0.5,1.3,0.7,2.0,7,1,4,3,75.0,1.86,0.25,9.7,50.9,341,94,7,3,4,0,5,2,3.25,0.46,6,3,15,87,5,0.0,0,257,119,10,9,68,31,53,20,2,1,3,1,0,0,1,1,1,10,35.0,1,0,5,5,2
Borja Mayoral,ESP,FW,Getafe,La Liga,27,1997,10,0,306.0,3.4,14.2,1.47,3,2,0,3,1.8,0.1,0.3,1.0,1.4,5,1,8,4,50.0,2.35,0.25,16.3,72.5,878,213,1,4,1,0,4,0,1.47,0.29,2,7,14,122,9,44.4,4,301,127,9,7,82,61,52,13,1,0,1,4,0,1,0,0,1,13,36.8,0,0,4,5,4
Senny Mayulu,FRA,MF,PSG,Ligue 1,18,2006,12,4,382.0,4.2,19.3,2.36,1,1,0,1,2.1,0.9,0.7,2.1,2.8,18,1,15,5,33.3,3.53,0.07,15.8,83.1,2558,333,6,13,6,0,5,0,4.23,0.23,17,20,31,278,20,50.0,10,714,345,10,10,206,111,129,25,16,3,19,4,0,6,8,1,9,17,0.0,1,0,13,8,0
Noussair Mazraoui,MAR,DF,Manchester Utd,Premier League,27,1997,25,23,1923.0,21.4,85.5,-0.56,0,0,1,1,0.5,1.4,0.8,0.5,1.3,33,1,10,2,20.0,0.47,0.0,20.9,85.2,15866,5614,11,91,12,4,16,4,1.55,0.05,26,81,41,1480,35,60.0,21,3804,1913,16,14,902,714,238,22,75,25,100,57,0,23,27,12,44,102,70.2,1,0,29,15,3
Luca Mazzitelli,ITA,MF,Como,Serie A,29,1995,11,3,335.0,3.7,14.9,-2.15,1,1,1,2,0.2,0.6,0.6,0.2,0.8,13,1,7,3,42.9,1.88,0.14,17.5,79.2,2770,917,6,21,4,1,12,0,3.5,0.27,2,27,14,235,5,80.0,4,599,245,3,5,170,134,49,10,9,3,12,10,0,5,5,0,6,14,25.0,1,0,9,4,0
Pasquale Mazzocchi,ITA,DF,Napoli,Serie A,29,1995,16,6,611.0,6.8,27.2,0.0,0,0,0,0,0.1,0.4,0.4,0.1,0.5,15,0,2,1,50.0,0.29,0.0,14.4,79.4,3042,896,5,5,8,1,12,3,2.21,0.0,15,22,37,314,11,45.5,5,1002,497,13,11,182,118,115,7,11,4,15,18,0,4,1,3,6,27,33.3,2,0,7,5,1
Samuel Mbangula,BEL,FW,Juventus,Serie A,21,2004,17,7,643.0,7.1,28.6,1.54,3,3,2,5,0.4,0.6,1.0,0.4,1.4,17,4,7,4,57.1,0.98,0.43,20.2,85.3,2579,478,11,13,8,0,15,3,2.38,0.56,24,15,38,308,25,28.0,7,1266,656,11,7,242,127,143,16,13,3,16,2,0,6,5,1,10,28,22.2,1,0,6,13,0
Ethan Mbappé,FRA,MF,Lille,Ligue 1,18,2006,6,1,154.0,1.7,7.8,2.34,0,0,0,0,1.0,1.1,1.2,1.0,2.2,13,1,8,3,37.5,4.68,0.0,17.4,78.0,1357,378,5,5,5,0,10,3,7.65,0.59,4,7,24,128,5,40.0,2,431,159,7,3,97,47,73,14,6,1,7,0,0,4,2,1,2,7,33.3,2,0,5,0,0
Kylian Mbappé,FRA,FW,Real Madrid,La Liga,26,1998,22,22,1908.0,21.2,88.3,1.27,17,12,2,19,15.8,4.0,4.5,11.1,15.6,82,8,94,48,51.1,4.43,0.13,16.7,83.1,8571,1537,31,53,33,3,23,2,3.87,0.38,100,92,266,998,128,43.0,55,4539,2472,54,28,867,288,698,209,8,0,8,0,0,3,3,4,5,25,25.0,3,0,18,24,34
Ibrahim Mbaye,FRA,FW,PSG,Ligue 1,17,2008,5,1,87.0,1.0,4.4,2.07,0,0,0,0,0.3,0.0,0.0,0.3,0.3,1,1,2,2,100.0,2.07,0.0,12.1,85.7,501,68,0,1,1,0,1,0,1.03,1.03,3,3,15,51,6,0.0,0,255,92,4,5,44,18,30,4,0,0,0,0,0,0,0,0,0,6,0.0,0,0,2,1,0
Bryan Mbeumo,CMR,FW,Brentford,Premier League,25,1999,25,25,2244.0,24.9,99.7,0.12,14,10,3,17,8.3,5.7,6.1,5.1,11.2,100,10,48,24,50.0,1.93,0.21,17.9,67.0,9263,2797,48,35,41,10,130,11,4.01,0.4,85,99,245,1178,69,46.4,32,4448,2323,69,30,787,368,656,100,31,11,42,38,0,18,10,9,17,105,30.4,2,0,16,29,10
James Mcatee,ENG,MF,City,Premier League,22,2002,8,0,104.0,1.2,4.6,0.0,2,2,0,2,1.3,0.0,0.0,1.3,1.3,1,0,5,2,40.0,4.33,0.4,12.6,84.6,738,129,0,3,0,1,2,0,0.87,0.0,3,3,9,71,4,25.0,1,232,104,0,1,54,30,31,7,3,1,4,0,0,4,3,0,2,2,33.3,0,0,2,1,0
Kasey McAteer,IRL,FW,Leicester City,Premier League,23,2001,11,4,386.0,4.3,17.2,-1.17,0,0,1,1,0.6,0.2,0.4,0.6,0.9,12,1,6,2,33.3,1.4,0.0,15.8,69.5,1285,308,5,6,3,0,11,1,2.8,0.23,13,8,36,189,9,11.1,1,749,364,5,4,123,74,76,15,11,2,13,10,0,8,4,1,8,24,42.9,1,0,9,10,2
Oliver McBurnie,SCO,FW,Las Palmas,La Liga,28,1996,20,9,944.0,10.5,43.7,-1.05,0,0,4,4,1.7,0.7,2.2,1.7,3.8,27,4,16,5,31.3,1.53,0.0,12.7,69.5,2159,445,17,12,7,0,1,1,2.57,0.38,4,18,53,358,17,52.9,9,603,160,21,14,264,190,137,51,9,4,13,14,0,6,4,1,5,19,50.5,0,0,15,11,2
Alex McCarthy,ENG,GK,Southampton,Premier League,35,1989,5,5,450.0,5.0,20.0,-2.0,0,0,0,0,0.0,0.0,0.0,0.0,0.0,0,0,0,0,0.0,0.0,0.0,0.0,75.0,2823,1985,0,5,0,0,0,0,0.0,0.0,0,0,0,173,0,0.0,0,452,276,0,0,88,0,0,0,0,0,0,1,4,0,0,0,0,4,100.0,0,0,0,1,0
John McGinn,SCO,MF,Aston Villa,Premier League,30,1994,21,18,1452.0,16.1,64.5,-0.43,0,0,3,3,2.0,2.1,2.5,2.0,4.5,49,4,21,2,9.5,1.3,0.0,17.1,82.7,7435,2031,22,44,24,6,42,7,3.04,0.25,24,71,65,671,30,36.7,11,1865,834,26,17,485,356,236,39,18,6,24,5,1,10,10,3,12,68,62.5,4,0,27,42,3
Scott McKenna,SCO,DF,Las Palmas,La Liga,28,1996,20,19,1718.0,19.1,79.5,-0.42,0,0,0,0,0.8,0.1,0.2,0.8,1.0,8,0,6,0,0.0,0.31,0.0,11.2,86.2,15404,5185,1,28,1,0,1,0,0.42,0.0,5,24,1,1187,1,100.0,1,2648,1319,5,4,762,440,27,11,14,8,22,114,2,31,4,0,9,49,66.7,5,0,9,3,0
Weston McKennie,USA,MF,Juventus,Serie A,26,1998,19,15,1314.0,14.6,58.4,0.48,2,2,3,5,1.3,1.9,1.8,1.3,3.1,34,6,10,5,50.0,0.68,0.2,14.0,84.2,8005,1905,17,33,11,3,7,1,2.33,0.41,14,48,75,743,20,55.0,11,1708,748,22,15,502,340,259,29,18,10,28,22,0,13,8,2,8,64,44.1,2,0,19,10,0
Mark McKenzie,USA,DF,Toulouse,Ligue 1,25,1999,20,19,1660.0,18.4,83.8,0.0,1,1,0,1,0.8,0.1,0.4,0.8,1.2,9,0,4,1,25.0,0.22,0.25,9.6,84.1,13503,5267,2,56,0,0,0,0,0.49,0.0,5,62,3,1060,6,50.0,3,2090,1118,7,4,608,548,45,8,38,14,52,77,1,20,14,1,22,89,55.6,1,0,18,8,1
Dwight McNeil,ENG,MF,Everton,Premier League,25,1999,13,13,1140.0,12.7,50.7,-0.63,3,3,3,6,0.9,4.0,3.5,0.9,4.4,60,6,23,8,34.8,1.82,0.13,22.0,73.3,7168,2464,32,33,32,8,91,10,4.74,0.47,31,60,65,619,37,54.1,20,2224,930,22,24,416,267,305,18,10,5,15,1,1,7,3,2,6,63,17.6,1,0,6,13,1
Scott McTominay,SCO,MF,Manchester Utd,Premier League,28,1996,2,0,19.0,0.2,0.8,0.0,0,0,0,0,0.1,0.0,0.0,0.1,0.1,1,0,1,0,0.0,4.74,0.0,10.7,100.0,186,99,0,2,0,0,0,0,4.74,0.0,0,1,2,14,1,0.0,0,68,44,1,1,9,8,3,1,0,0,0,1,0,0,0,0,0,1,100.0,0,0,0,0,0
Scott McTominay,SCO,MF,Napoli,Serie A,28,1996,22,21,1884.0,20.9,0.8,0.0,6,6,2,8,4.5,0.0,1.4,4.5,5.9,1,0,1,0,0.0,4.74,0.0,10.7,100.0,186,99,0,2,0,0,0,0,4.74,0.0,32,70,86,14,1,0.0,0,68,44,1,1,9,8,3,1,0,0,0,1,0,0,0,0,0,1,100.0,0,0,0,0,0
Jakov Medić,CRO,DF,Bochum,Bundesliga,26,1998,16,11,1069.0,11.9,54.0,-1.68,0,0,0,0,0.3,0.3,0.1,0.3,0.3,7,0,7,1,14.3,0.59,0.0,16.1,85.8,8289,2493,2,17,1,1,0,0,0.59,0.0,1,14,2,604,0,0.0,0,1419,623,5,2,329,219,24,12,8,13,21,66,3,26,2,1,7,41,54.1,1,0,6,5,1
Facundo Medina,ARG,DF,Lens,Ligue 1,25,1999,19,19,1644.0,18.3,83.0,0.33,0,0,1,1,1.2,1.7,1.0,1.2,2.1,42,3,20,3,15.0,1.09,0.0,20.0,86.2,16217,5775,14,90,22,2,14,2,2.3,0.16,35,113,27,1342,20,35.0,7,4336,2356,19,8,897,695,216,18,37,25,62,42,0,20,16,4,25,109,62.2,8,1,22,14,0
Ben Mee,ENG,DF,Brentford,Premier League,35,1989,6,2,177.0,2.0,7.9,-1.53,0,0,0,0,0.0,0.0,0.0,0.0,0.0,0,0,0,0,0.0,0.0,0.0,0.0,77.5,1751,688,0,10,0,0,0,0,0.0,0.0,3,11,2,138,0,0.0,0,404,274,0,0,86,62,11,3,2,4,6,7,0,3,2,0,2,11,50.0,2,0,5,0,0
Jayden Meghoma,ENG,DF,Brentford,Premier League,18,2006,1,0,5.0,0.1,0.2,18.0,0,0,0,0,0.0,0.0,0.0,0.0,0.0,0,0,0,0,0.0,0.0,0.0,0.0,100.0,28,7,0,0,0,0,0,0,0.0,0.0,0,0,0,3,0,0.0,0,1,0,0,0,2,0,1,0,0,0,0,0,0,0,0,0,0,1,0.0,0,0,0,0,0
Henrik Meister,DEN,FW,Rennes,Ligue 1,21,2003,4,0,63.0,0.7,3.2,-1.43,1,1,0,1,0.1,0.0,0.3,0.1,0.3,3,1,2,1,50.0,2.86,0.5,17.4,78.6,94,32,2,1,0,0,0,0,4.29,1.43,2,1,4,31,0,0.0,0,97,48,7,2,14,15,13,3,2,1,3,0,0,4,2,0,0,7,40.0,0,0,3,1,0
Bamo Meïté,CIV,DF,Montpellier,Ligue 1,23,2001,2,2,135.0,1.5,6.8,-2.67,0,0,0,0,0.0,0.0,0.0,0.0,0.0,0,0,0,0,0.0,0.0,0.0,0.0,86.0,592,200,0,1,0,0,0,0,0.0,0.0,0,0,0,52,0,0.0,0,74,7,1,1,37,18,0,0,1,1,2,3,2,0,1,0,0,3,0.0,1,0,1,1,0
Bamo Meïté,CIV,DF,Marseille,Ligue 1,23,2001,3,0,26.0,0.3,6.8,-2.67,0,0,0,0,0.0,0.0,0.0,0.0,0.0,0,0,0,0,0.0,0.0,0.0,0.0,86.0,592,200,0,1,0,0,0,0,0.0,0.0,0,0,0,52,0,0.0,0,74,7,1,1,37,18,0,0,1,1,2,3,2,0,1,0,0,3,0.0,1,0,1,1,0
Mohamed Meité,FRA,FW,Rennes,Ligue 1,17,2007,4,0,45.0,0.5,2.3,2.0,0,0,0,0,0.4,0.0,0.0,0.4,0.4,0,0,3,1,33.3,6.0,0.0,13.2,50.0,20,1,0,0,0,0,0,0,0.0,0.0,1,0,3,13,0,0.0,0,19,12,1,1,9,4,8,4,0,0,0,1,0,0,0,0,0,1,33.3,0,0,2,0,1
Mateo Mejía,ESP,FW,Sevilla,La Liga,21,2003,1,0,11.0,0.1,0.5,8.18,0,0,0,0,0.0,0.0,0.0,0.0,0.0,1,0,0,0,0.0,0.0,0.0,0.0,0.0,0,0,0,0,0,0,0,0,8.18,0.0,0,0,0,2,1,0.0,0,2,0,0,0,1,1,1,0,0,0,0,0,0,0,0,0,0,0,100.0,0,0,0,1,0
Farid El Melali,ALG,FW,Angers,Ligue 1,27,1997,20,17,1399.0,15.5,70.7,-0.39,2,2,2,4,2.3,2.4,2.8,2.3,5.1,53,8,33,10,30.3,2.12,0.06,22.4,71.2,4188,1270,20,8,10,0,58,2,3.41,0.51,50,25,80,622,94,50.0,47,3060,1376,52,32,378,202,321,46,22,10,32,11,1,14,5,6,10,74,28.6,1,0,16,34,6
Filippo Melegoni,ITA,MF,Genoa,Serie A,25,1999,3,1,89.0,1.0,4.1,-4.04,0,0,1,1,0.0,0.2,0.5,0.0,0.5,1,1,1,0,0.0,1.01,0.0,21.4,56.3,197,105,1,1,1,1,2,0,1.01,1.01,0,1,2,27,2,50.0,1,67,28,3,1,15,8,7,1,1,0,1,2,0,0,0,0,1,2,100.0,0,0,0,1,0
Arthur Melo,BRA,MF,Girona,La Liga,28,1996,1,0,22.0,0.2,1.0,0.0,0,0,0,0,0.0,0.0,0.0,0.0,0.0,0,0,0,0,0.0,0.0,0.0,0.0,90.9,371,51,0,0,0,0,0,0,0.0,0.0,2,3,0,22,3,66.7,2,163,107,0,0,18,10,9,0,0,0,0,0,0,0,0,0,0,4,0.0,0,0,0,2,0
Nuno Mendes,POR,DF,PSG,Ligue 1,22,2002,14,13,1082.0,12.0,54.6,1.58,0,0,2,2,0.9,2.5,3.7,0.9,4.6,48,4,9,6,66.7,0.75,0.0,18.6,86.5,14530,4137,18,80,21,3,42,10,3.99,0.33,39,88,79,1097,35,54.3,19,3285,2192,21,15,779,555,315,31,19,12,31,23,0,14,8,1,11,65,60.0,1,0,10,14,1
Brais Méndez,ESP,MF,Real Sociedad,La Liga,28,1997,21,15,1259.0,14.0,58.3,0.29,3,3,1,4,2.8,1.8,1.7,2.8,4.5,37,1,23,8,34.8,1.64,0.13,19.0,78.3,7873,2279,19,61,10,2,44,2,2.65,0.07,24,74,74,835,34,29.4,10,2009,849,31,26,606,432,295,48,18,6,24,16,1,10,9,4,11,59,40.0,4,0,33,35,7
Antoine Mendy,FRA,DF,Nice,Ligue 1,20,2004,11,5,539.0,6.0,27.2,0.33,0,0,0,0,0.4,0.2,0.1,0.4,0.5,8,1,4,1,25.0,0.67,0.0,9.8,77.8,4266,1461,2,19,7,1,7,3,1.34,0.17,9,20,11,402,11,36.4,4,915,493,8,3,225,214,40,7,24,5,29,22,0,7,12,0,17,35,50.0,1,0,5,7,0
Ferland Mendy,FRA,DF,Real Madrid,La Liga,29,1995,12,10,831.0,9.2,38.5,0.22,0,0,0,0,0.0,0.2,0.0,0.0,0.0,2,0,0,0,0.0,0.0,0.0,0.0,93.2,7661,2116,1,33,1,0,1,0,0.22,0.0,9,31,35,620,5,40.0,2,1300,535,9,5,447,346,116,2,16,9,25,7,1,10,6,4,13,30,60.0,1,1,5,5,0
Nampalys Mendy,SEN,MF,Lens,Ligue 1,32,1992,4,1,110.0,1.2,5.6,1.64,0,0,0,0,0.0,0.1,0.0,0.0,0.0,2,0,0,0,0.0,0.0,0.0,0.0,92.2,1125,311,0,15,0,0,0,0,1.64,0.0,0,7,0,88,0,0.0,0,195,82,2,3,61,62,11,0,4,1,5,0,0,2,1,0,2,5,0.0,0,0,1,3,0
Gideon Mensah,GHA,DF,Auxerre,Ligue 1,26,1998,17,16,1462.0,16.2,73.8,-0.12,0,0,1,1,0.2,1.2,1.9,0.2,2.1,36,4,4,1,25.0,0.25,0.0,21.9,77.8,11111,4580,14,41,19,2,50,9,2.22,0.25,32,66,62,1046,40,60.0,24,3036,1673,28,27,556,515,205,9,40,34,74,53,0,18,16,3,25,107,48.1,2,0,22,16,1
Alex Meret,ITA,GK,Napoli,Serie A,27,1997,22,22,1925.0,21.4,85.6,0.79,0,0,0,0,0.0,0.0,0.0,0.0,0.0,1,0,0,0,0.0,0.0,0.0,0.0,84.5,15057,9390,0,2,0,0,0,0,0.05,0.0,0,0,0,757,0,0.0,0,1905,1063,0,0,426,3,0,0,0,0,0,11,0,1,0,0,0,30,100.0,0,0,1,3,0
Mikel Merino,ESP,MF,Arsenal,Premier League,28,1996,17,8,789.0,8.8,35.1,0.91,4,4,1,5,3.0,0.7,0.9,3.0,3.9,24,3,18,8,44.4,2.05,0.22,12.3,77.9,3933,1165,8,23,15,3,10,2,2.74,0.34,5,42,51,471,9,55.6,5,834,333,13,12,310,199,182,41,21,12,33,14,1,14,10,6,12,53,61.5,2,0,20,12,3
Quentin Merlin,FRA,DF,Marseille,Ligue 1,22,2002,15,13,1019.0,11.3,51.5,1.32,1,1,3,4,1.2,1.7,2.0,1.2,3.2,39,6,17,7,41.2,1.5,0.06,16.1,83.3,10868,2157,16,45,16,0,67,8,3.44,0.53,24,56,107,884,16,25.0,4,2261,1046,14,6,646,408,341,34,13,11,24,13,1,13,3,4,12,41,33.3,1,0,8,13,0
Víctor Meseguer,ESP,MF,Valladolid,La Liga,25,1999,14,2,418.0,4.6,19.4,-1.29,0,0,0,0,0.7,0.3,0.0,0.7,0.7,8,1,6,0,0.0,1.29,0.0,19.6,78.3,2262,703,1,17,1,1,3,1,1.72,0.22,2,22,22,234,4,25.0,1,349,151,7,3,151,124,51,11,10,2,12,4,1,3,4,2,6,25,55.6,1,0,8,5,0
Rafik Messali,FRA,DF,Toulouse,Ligue 1,21,2003,5,1,129.0,1.4,6.5,0.0,0,0,0,0,0.1,0.2,0.2,0.1,0.3,5,1,2,0,0.0,1.4,0.0,20.3,70.7,1058,367,4,5,4,0,6,2,3.49,0.7,5,8,4,98,2,50.0,1,234,142,5,4,44,50,28,1,9,2,11,5,0,3,3,1,4,7,50.0,0,0,4,2,0
Junior Messias,BRA,MF,Genoa,Serie A,33,1991,7,3,374.0,4.2,17.3,-0.24,1,1,1,2,2.0,0.2,0.3,1.0,1.3,15,2,10,4,40.0,2.41,0.1,19.7,71.7,1256,398,5,9,3,0,8,1,3.61,0.48,15,15,29,171,18,27.8,5,724,444,13,4,109,80,72,11,5,4,9,7,0,1,2,0,2,12,31.3,1,0,2,9,0
Connor Metcalfe,AUS,MF,St. Pauli,Bundesliga,25,1999,4,2,227.0,2.5,11.5,-0.79,0,0,0,0,0.4,0.1,0.1,0.4,0.5,5,0,3,2,66.7,1.19,0.0,21.6,61.4,879,352,2,5,0,0,6,0,1.98,0.0,5,6,8,110,4,50.0,2,221,124,3,0,56,56,34,1,1,2,3,4,0,3,1,0,0,8,53.8,0,0,4,3,0
Karol Mets,EST,DF,St. Pauli,Bundesliga,31,1993,10,10,900.0,10.0,45.5,-0.5,0,0,0,0,0.1,0.4,0.2,0.1,0.3,9,0,3,0,0.0,0.3,0.0,14.8,83.4,10181,3728,3,49,3,0,3,1,0.9,0.0,5,54,2,736,1,0.0,0,1424,736,4,0,466,346,32,8,13,12,25,60,0,9,7,0,8,35,70.6,1,0,7,5,0
Thomas Meunier,BEL,DF,Lille,Ligue 1,33,1991,19,11,1045.0,11.6,52.8,0.52,1,1,0,1,1.3,1.3,0.5,1.3,1.8,18,4,20,7,35.0,1.72,0.05,16.6,79.3,10817,3396,7,70,10,0,39,5,1.55,0.34,31,69,83,969,13,53.8,7,2607,1321,16,9,611,472,274,36,32,23,55,37,0,14,9,2,25,48,63.6,2,0,14,2,3
Alexander Meyer,GER,GK,Dortmund,Bundesliga,33,1991,2,2,180.0,2.0,9.1,-0.5,0,0,0,0,0.0,0.0,0.1,0.0,0.1,1,0,0,0,0.0,0.0,0.0,0.0,65.1,1541,1064,1,2,0,0,0,0,0.5,0.0,0,0,0,87,0,0.0,0,295,130,0,0,42,1,0,0,0,0,0,0,0,0,0,0,0,5,0.0,0,0,0,0,0
Lucas Michal,FRA,FW,Monaco,Ligue 1,19,2005,5,0,86.0,1.0,4.3,1.05,0,0,0,0,0.2,0.6,0.9,0.2,1.1,7,1,2,1,50.0,2.09,0.0,13.2,86.2,277,49,1,0,2,0,1,0,7.33,1.05,3,3,9,44,3,33.3,1,191,105,1,0,30,17,24,3,4,1,5,0,0,2,1,0,2,3,0.0,0,0,2,3,0
Florian Micheler,AUT,MF,Hoffenheim,Bundesliga,19,2005,1,0,32.0,0.4,1.6,0.0,0,0,0,0,0.0,0.0,0.0,0.0,0.0,0,0,0,0,0.0,0.0,0.0,0.0,91.7,158,45,0,1,0,0,0,0,0.0,0.0,1,1,1,12,1,100.0,1,48,28,0,0,10,6,4,0,0,0,0,0,0,0,0,0,0,1,0.0,1,0,1,0,0
Miguel,ESP,FW,Leganés,La Liga,25,1999,23,16,1455.0,16.2,67.4,-0.19,1,0,3,4,4.1,0.6,1.4,2.5,3.9,23,6,26,12,46.2,1.61,0.0,16.2,56.1,1627,309,7,7,5,3,7,1,1.42,0.37,12,15,76,407,32,25.0,8,905,290,64,20,280,177,189,48,13,4,17,20,1,12,4,3,5,22,24.3,3,0,21,28,11
Valentin Mihaila,ROU,FW,Parma,Serie A,25,2000,21,16,1288.0,14.3,57.2,-0.49,0,0,3,3,2.4,1.1,1.2,2.4,3.6,48,5,31,11,35.5,2.17,0.0,22.1,75.4,4879,1423,17,28,17,3,33,3,3.36,0.35,25,41,72,582,27,37.0,10,1995,835,29,20,389,226,311,31,29,8,37,6,0,18,13,8,15,39,32.5,2,0,17,20,1
Georges Mikautadze,GEO,FW,Lyon,Ligue 1,24,2000,22,8,897.0,10.0,45.3,-0.2,6,5,1,7,6.4,1.1,1.1,4.7,5.8,23,3,31,13,41.9,3.11,0.16,13.5,74.9,2828,596,7,14,7,2,8,0,2.31,0.3,22,35,86,420,39,20.5,8,1385,544,27,10,323,182,216,67,6,3,9,4,0,4,2,3,5,26,28.9,1,0,4,16,2
Igor Miladinović,SRB,FW,Saint-Etienne,Ligue 1,21,2003,3,0,26.0,0.3,1.3,3.46,0,0,0,0,0.0,0.0,0.0,0.0,0.0,0,0,0,0,0.0,0.0,0.0,0.0,80.0,199,27,0,2,0,0,0,0,0.0,0.0,0,1,1,20,1,0.0,0,41,10,1,1,14,8,5,0,0,1,1,1,0,0,0,0,0,4,100.0,0,0,0,0,0
Nikola Milenković,SRB,DF,Forest,Premier League,27,1997,24,24,2160.0,24.0,96.0,0.5,2,2,1,3,3.1,0.3,0.3,3.1,3.3,13,2,22,5,22.7,0.92,0.09,12.4,82.5,10807,4028,5,39,2,0,0,0,0.54,0.08,2,39,4,882,1,100.0,1,1441,718,1,2,448,350,58,45,27,17,44,117,0,29,8,0,18,53,70.1,2,0,13,3,1
Lewis Miley,ENG,MF,Newcastle,Premier League,18,2006,6,0,80.0,0.9,3.6,-1.13,0,0,0,0,0.4,0.0,0.0,0.4,0.4,0,0,1,1,100.0,1.13,0.0,12.8,93.4,764,126,0,3,0,0,0,0,0.0,0.0,0,4,3,73,1,0.0,0,199,85,2,0,50,45,14,1,4,0,4,2,0,1,3,0,4,9,100.0,0,0,0,1,0
Vanja Milinković-Savić,SRB,GK,Torino,Serie A,27,1997,24,24,2160.0,24.0,96.0,-0.12,0,0,0,0,0.0,0.2,0.1,0.0,0.1,9,0,0,0,0.0,0.0,0.0,0.0,68.2,21626,15113,3,37,4,1,0,0,0.37,0.0,0,0,0,1145,0,0.0,0,3893,2539,0,0,608,19,0,0,0,0,0,13,1,0,0,0,0,38,100.0,2,0,0,7,0
Éder Militão,BRA,DF,Real Madrid,La Liga,27,1998,12,11,938.0,10.4,43.4,1.06,1,1,1,2,0.6,0.2,0.5,0.6,1.1,12,1,10,3,30.0,0.96,0.1,17.3,89.3,13095,4633,6,56,3,0,2,0,1.15,0.1,7,46,1,819,8,62.5,5,2738,1593,6,3,603,395,33,13,19,12,31,35,0,13,5,0,17,44,63.6,2,0,18,8,0
Luis Milla,ESP,MF,Getafe,La Liga,30,1994,21,21,1866.0,20.7,86.4,-0.1,1,0,2,3,1.5,2.3,1.9,0.7,2.6,86,4,24,3,12.5,1.16,0.0,26.3,73.5,12894,3777,44,78,14,4,130,6,4.15,0.19,23,104,21,1155,29,51.7,15,2757,1579,37,11,557,672,343,12,40,16,56,17,0,22,17,2,27,105,44.9,3,0,27,32,0
Pere Milla,ESP,MF,Espanyol,La Liga,32,1992,9,1,229.0,2.5,10.6,-1.57,0,0,0,0,0.3,0.2,0.1,0.3,0.4,6,0,6,2,33.3,2.36,0.0,14.5,57.6,892,247,2,4,2,3,9,0,2.37,0.0,4,5,18,131,5,20.0,1,248,129,4,3,79,60,49,7,3,2,5,2,0,9,0,1,1,14,33.3,2,0,3,8,2
Enzo Millot,FRA,MF,Stuttgart,Bundesliga,22,2002,21,17,1410.0,15.7,71.2,0.45,4,4,2,6,6.3,2.6,2.1,5.4,7.5,54,7,35,13,37.1,2.23,0.11,17.0,85.3,10527,2623,17,71,22,3,33,2,3.44,0.45,24,93,100,1064,53,47.2,25,3108,1238,42,27,822,571,363,48,21,9,30,3,1,20,10,3,11,82,28.6,5,0,19,32,3
James Milner,ENG,MF,Brighton,Premier League,39,1986,3,3,169.0,1.9,7.5,1.07,0,0,0,0,0.2,0.2,0.2,0.2,0.4,8,0,2,0,0.0,1.07,0.0,16.0,75.3,899,347,4,3,1,2,8,1,4.26,0.0,1,10,10,92,1,100.0,1,223,97,0,0,58,48,31,4,5,2,7,2,1,4,3,1,2,2,0.0,1,0,3,1,0
Kim Min-jae,KOR,DF,Bayern,Bundesliga,28,1996,21,21,1825.0,20.3,92.2,1.92,2,2,0,2,1.4,0.8,0.3,1.4,1.6,23,2,6,4,66.7,0.3,0.33,6.3,92.7,32734,13179,5,209,2,1,0,0,1.13,0.1,13,161,4,2303,5,40.0,2,5856,2828,11,4,1758,1466,89,11,29,30,59,63,3,20,9,4,17,122,66.0,2,0,21,4,0
Yerry Mina,COL,DF,Cagliari,Serie A,30,1994,21,21,1719.0,19.1,76.4,-0.63,0,0,0,0,1.9,0.6,0.3,1.9,2.2,17,2,22,5,22.7,1.15,0.0,10.3,86.3,16229,6386,3,48,5,1,1,1,0.89,0.1,10,57,8,1288,6,33.3,2,3380,1936,15,11,727,480,71,38,42,23,65,108,2,40,12,1,19,109,69.4,6,1,27,34,2
Takumi Minamino,JPN,MF,Monaco,Ligue 1,30,1995,19,16,1336.0,14.8,67.5,0.4,2,2,3,5,5.0,3.8,5.0,5.0,10.0,51,4,35,11,31.4,2.36,0.06,15.5,69.6,4336,1725,28,47,20,10,14,0,3.44,0.27,29,76,116,595,25,40.0,10,1881,909,38,12,417,278,268,81,19,7,26,11,0,12,9,6,10,62,35.1,2,0,14,13,8
Lucas Mincarelli,FRA,DF,Montpellier,Ligue 1,21,2004,4,3,251.0,2.8,12.7,-2.15,0,0,0,0,0.0,0.5,0.2,0.0,0.2,1,0,1,1,100.0,0.36,0.0,33.2,77.0,1555,669,1,8,2,0,12,2,0.36,0.0,6,11,11,152,2,0.0,0,394,207,4,1,93,62,35,2,4,1,5,8,0,1,2,1,4,9,60.0,0,0,4,5,0
Tyrone Mings,ENG,DF,Aston Villa,Premier League,31,1993,7,5,543.0,6.0,24.1,0.99,0,0,0,0,0.2,0.1,0.2,0.2,0.4,11,0,3,0,0.0,0.5,0.0,8.5,87.1,6028,2146,2,25,5,0,0,0,1.82,0.0,1,23,0,437,0,0.0,0,1485,752,2,1,318,192,20,7,4,2,6,33,0,6,1,0,4,11,52.4,1,0,3,5,0
Óscar Mingueza,ESP,MF,Celta Vigo,La Liga,25,1999,21,19,1633.0,18.1,75.6,-0.11,2,2,5,7,0.8,4.5,4.7,0.8,5.5,58,11,21,5,23.8,1.16,0.1,25.2,75.6,16587,6941,21,95,40,3,80,9,3.2,0.61,47,110,118,1429,43,41.9,18,4070,2102,27,7,968,655,457,28,21,11,32,23,3,16,7,3,11,87,46.7,3,1,14,13,1
Kim Minsu,KOR,MF,Girona,La Liga,19,2006,3,0,22.0,0.2,1.0,0.0,0,0,0,0,0.0,0.0,0.0,0.0,0.0,0,0,0,0,0.0,0.0,0.0,0.0,90.0,105,8,0,0,0,0,0,0,0.0,0.0,0,0,2,18,2,0.0,0,62,9,3,1,15,8,10,0,1,0,1,0,0,0,1,0,0,1,0.0,0,0,0,1,0
Yankuba Minteh,GAM,FW,Brighton,Premier League,20,2004,20,9,928.0,10.3,41.2,-0.29,5,5,2,7,2.8,3.0,3.2,2.8,5.9,34,7,18,8,44.4,1.75,0.28,14.2,60.6,2855,991,18,8,17,1,55,4,3.31,0.68,44,23,110,427,67,46.3,31,1899,1154,24,10,249,116,262,74,22,6,28,10,0,13,4,7,16,45,34.5,6,0,13,7,3
Bojan Miovski,MKD,FW,Girona,La Liga,25,1999,11,9,638.0,7.1,29.5,-0.28,2,2,1,3,2.7,0.2,0.1,2.7,2.8,7,4,12,4,33.3,1.69,0.17,12.3,77.8,890,64,2,1,1,0,3,1,0.99,0.56,3,2,28,135,4,25.0,1,215,45,12,2,93,46,72,22,6,2,8,7,0,4,2,3,4,9,34.8,0,0,10,9,6
Rafa Mir,ESP,FW,Valencia,La Liga,27,1997,7,3,314.0,3.5,14.5,-0.86,0,0,1,1,1.8,0.1,0.4,1.8,2.2,2,2,11,1,9.1,3.15,0.0,14.2,67.9,571,115,1,2,1,0,3,1,0.57,0.57,3,4,6,92,6,16.7,1,230,87,4,4,63,37,39,11,6,1,7,5,0,1,2,0,3,5,31.3,2,0,3,3,2
Juan Miranda,ESP,DF,Bologna,Serie A,25,2000,20,14,1339.0,14.9,62.0,0.34,0,0,4,4,0.3,3.5,4.0,0.3,4.3,61,7,12,3,25.0,0.81,0.0,27.5,75.6,16612,6018,36,91,36,2,130,22,4.1,0.47,25,91,54,1239,12,50.0,6,2251,1116,13,6,777,502,378,8,22,16,38,26,0,12,9,4,12,62,51.1,3,0,12,20,1
Fabio Miretti,ITA,MF,Genoa,Serie A,21,2003,18,15,1154.0,12.8,53.4,-0.55,1,1,3,4,1.8,1.7,1.6,1.8,3.4,36,5,17,3,17.6,1.33,0.06,19.5,73.8,5211,1539,14,15,10,5,46,2,2.81,0.39,24,42,60,587,54,33.3,18,1792,809,39,26,365,278,224,42,27,6,33,8,1,16,13,8,14,58,35.3,0,0,15,32,1
Tyrick Mitchell,ENG,DF,Crystal Palace,Premier League,25,1999,25,25,2149.0,23.9,95.5,-0.13,0,0,3,3,0.6,2.9,4.2,0.6,4.8,53,4,9,2,22.2,0.38,0.0,13.6,72.3,11555,4418,30,35,25,0,77,13,2.22,0.17,45,50,125,1261,24,41.7,10,2830,1272,28,23,661,490,357,32,62,9,71,69,2,51,18,4,41,118,42.4,2,0,13,20,2
Kaoru Mitoma,JPN,FW,Brighton,Premier League,27,1997,25,22,1980.0,22.0,88.0,0.23,6,6,3,9,5.3,3.4,4.3,5.3,9.5,72,8,41,18,43.9,1.86,0.15,14.6,75.9,7578,1649,32,25,26,6,57,6,3.27,0.36,114,69,236,1033,98,39.8,39,5087,2952,41,19,739,364,576,130,31,12,43,6,0,37,12,9,19,67,51.3,0,0,30,18,4
Maximilian Mittelstädt,GER,DF,Stuttgart,Bundesliga,27,1997,20,17,1519.0,16.9,76.7,0.36,1,1,4,5,0.6,4.6,3.1,0.6,3.7,61,9,12,3,25.0,0.71,0.08,22.9,82.2,17066,5559,33,103,40,2,111,23,3.61,0.53,38,110,94,1447,19,52.6,10,3312,1718,14,7,941,705,406,19,43,23,66,55,1,30,15,1,34,69,58.3,4,0,15,30,1
Koji Miyoshi,JPN,FW,Bochum,Bundesliga,27,1997,13,6,434.0,4.8,21.9,-1.66,1,1,0,1,1.1,0.6,0.8,1.1,1.9,9,0,12,5,41.7,2.49,0.08,21.1,58.5,1126,386,5,8,4,4,8,0,1.87,0.0,10,14,22,191,14,35.7,5,644,283,14,4,117,87,79,19,8,2,10,2,0,10,1,5,5,22,14.3,0,1,9,4,2
Henrikh Mkhitaryan,ARM,MF,Inter,Serie A,36,1989,23,22,1754.0,19.5,78.0,1.54,1,1,3,4,1.3,2.6,1.7,1.3,3.0,72,7,19,2,10.5,0.97,0.05,21.4,87.4,15835,3909,21,121,34,5,16,2,3.7,0.36,49,143,74,1271,20,20.0,4,3879,2017,14,12,972,723,391,33,29,16,45,22,0,16,12,7,17,89,56.0,3,0,23,13,5
Jakub Moder,POL,MF,Brighton,Premier League,25,1999,4,0,11.0,0.1,0.5,0.0,0,0,0,0,0.0,0.5,0.2,0.0,0.2,4,0,0,0,0.0,0.0,0.0,0.0,81.8,254,82,3,0,1,0,1,1,32.73,0.0,2,4,0,27,0,0.0,0,93,62,0,0,14,12,9,1,1,0,1,3,0,0,0,0,0,2,0.0,0,0,0,0,0
Rui Modesto,ANG,DF,Udinese,Serie A,25,1999,10,2,249.0,2.8,11.1,0.0,0,0,0,0,0.1,0.1,0.0,0.1,0.1,5,1,1,1,100.0,0.36,0.0,18.3,72.8,1446,451,1,6,2,0,10,2,1.81,0.36,3,7,17,170,3,33.3,1,230,117,4,0,81,71,62,5,7,5,12,7,0,2,5,2,4,12,55.6,0,0,3,3,1
Luka Modrić,CRO,MF,Real Madrid,La Liga,39,1985,23,8,975.0,10.8,45.1,1.2,1,1,3,4,1.2,3.8,4.2,1.2,5.3,63,9,12,3,25.0,1.11,0.08,21.6,87.2,15383,4965,35,113,19,7,60,1,5.81,0.83,30,94,33,1087,10,50.0,5,3682,1844,15,9,846,618,303,12,12,12,24,11,0,7,5,1,7,63,16.7,5,0,13,11,1
Max Moerstedt,GER,FW,Hoffenheim,Bundesliga,18,2006,11,4,394.0,4.4,19.9,-0.23,0,0,0,0,0.7,0.5,0.3,0.7,1.0,14,0,11,4,36.4,2.51,0.0,12.4,64.9,719,196,6,5,1,1,1,0,3.19,0.0,6,9,33,142,3,33.3,1,283,117,10,10,110,55,77,27,5,0,5,3,0,4,3,1,5,10,48.4,2,0,4,8,1
Mostafa Mohamed,EGY,FW,Nantes,Ligue 1,27,1997,19,6,708.0,7.9,35.8,0.0,3,3,0,3,3.3,0.2,0.2,3.3,3.5,10,1,28,12,42.9,3.56,0.11,13.5,62.1,1458,441,3,13,5,1,3,0,1.27,0.13,9,16,33,261,15,33.3,5,634,308,30,14,156,101,132,55,12,4,16,17,0,6,5,3,8,28,52.0,2,0,17,11,2
Johan Mojica,COL,DF,Mallorca,La Liga,32,1992,23,20,1841.0,20.5,85.2,-0.34,1,1,2,3,0.7,2.7,2.5,0.7,3.2,51,4,11,2,18.2,0.54,0.09,22.4,74.3,14349,6160,26,70,35,1,93,22,2.49,0.2,41,94,82,1251,59,40.7,24,3362,1425,34,19,704,508,378,10,24,23,47,56,2,5,3,3,16,122,43.8,4,0,12,14,0
David Mokwa,FRA,DF,Hoffenheim,Bundesliga,20,2004,2,0,22.0,0.2,1.1,0.0,0,0,0,0,0.3,0.0,0.0,0.3,0.3,0,0,2,2,100.0,8.18,0.0,5.4,25.0,9,0,0,0,0,0,0,0,0.0,0.0,0,0,0,11,1,100.0,1,29,9,2,2,5,4,5,2,1,0,1,0,0,0,0,0,0,1,50.0,0,0,1,0,0
Alberto Moleiro,ESP,FW,Las Palmas,La Liga,21,2003,23,21,1789.0,19.9,82.8,-0.45,4,4,0,4,4.5,2.4,2.4,4.5,7.0,79,5,51,19,37.3,2.57,0.08,18.9,82.5,7646,1736,28,47,21,8,15,3,3.97,0.25,63,81,134,923,101,44.6,45,3859,2092,50,30,725,435,403,65,19,10,29,7,0,20,10,1,10,88,23.8,4,0,20,25,0
Nahuel Molina,ARG,DF,Atleti,La Liga,26,1998,17,12,1045.0,11.6,48.4,0.34,0,0,3,3,0.5,1.4,1.3,0.5,1.9,31,4,7,1,14.3,0.6,0.0,21.1,77.8,8906,3374,10,32,15,1,42,5,2.67,0.34,27,41,61,891,22,40.9,9,2394,1420,18,2,563,408,232,13,28,10,38,31,0,13,15,1,12,38,46.7,0,0,7,4,0
Florent Mollet,FRA,MF,Nantes,Ligue 1,33,1991,9,3,242.0,2.7,12.2,-1.86,0,0,0,0,0.3,0.2,0.3,0.3,0.7,10,0,6,2,33.3,2.23,0.0,15.6,78.3,1300,307,6,9,3,0,13,1,3.7,0.0,3,9,12,125,3,66.7,2,406,164,2,1,84,64,42,5,2,1,3,4,0,2,1,0,2,13,20.0,1,0,2,3,1
Jon Moncayola,ESP,MF,Osasuna,La Liga,26,1998,22,18,1490.0,16.6,69.0,0.18,0,0,0,0,1.4,2.8,2.1,1.4,3.5,47,2,18,7,38.9,1.09,0.0,17.6,73.7,9699,3247,24,52,18,0,78,10,2.84,0.12,16,73,39,859,10,30.0,3,1654,830,17,5,503,470,251,26,42,11,53,16,0,28,26,7,24,68,52.4,7,0,26,6,0
Gonzalo Montiel,ARG,DF,Sevilla,La Liga,28,1997,6,1,113.0,1.3,5.2,-0.8,0,0,0,0,0.0,0.1,0.0,0.0,0.0,2,0,1,0,0.0,0.8,0.0,14.7,87.2,1288,364,0,8,1,0,3,1,1.59,0.0,3,2,3,99,1,0.0,0,153,90,2,0,57,42,16,2,4,2,6,11,0,0,1,0,2,4,100.0,1,0,3,1,0
Lorenzo Montipò,ITA,GK,Hellas Verona,Serie A,28,1996,24,24,2160.0,24.0,96.0,-1.13,0,0,0,0,0.0,0.1,0.0,0.0,0.0,3,0,0,0,0.0,0.0,0.0,0.0,49.2,12394,10404,0,22,0,0,0,0,0.12,0.0,0,1,0,775,0,0.0,0,1966,1151,0,0,281,7,0,0,1,0,1,13,2,0,0,0,0,16,83.3,0,0,0,6,0
Mikey Moore,ENG,FW,Tottenham,Premier League,17,2007,7,2,185.0,2.1,8.2,1.46,0,0,1,1,0.2,0.5,0.3,0.2,0.5,10,2,3,0,0.0,1.46,0.0,19.5,71.6,593,166,3,1,5,0,12,1,4.86,0.97,9,7,30,96,11,9.1,1,521,239,6,4,73,22,65,12,0,1,1,1,0,1,0,0,0,5,20.0,0,0,3,4,2
Álvaro Morata,ESP,FW,Milan,Serie A,32,1992,16,13,1099.0,12.2,50.9,0.49,5,5,0,5,3.9,0.3,0.8,3.9,4.7,21,3,27,10,37.0,2.21,0.19,11.3,75.4,3147,538,7,15,3,3,13,0,1.72,0.25,18,26,63,383,17,35.3,6,1182,519,24,16,292,180,170,61,16,5,21,5,0,7,8,3,10,31,41.2,5,0,25,18,11
Morato,BRA,DF,Forest,Premier League,23,2001,18,4,601.0,6.7,26.7,1.35,0,0,0,0,0.1,0.0,0.0,0.1,0.1,2,0,1,0,0.0,0.15,0.0,7.0,72.4,2427,1239,0,9,0,0,0,0,0.3,0.0,0,13,1,315,1,100.0,1,527,236,5,2,126,101,15,1,19,8,27,60,2,9,2,1,13,27,23.1,1,0,7,2,0
Diego Moreira,POR,DF,Strasbourg,Ligue 1,20,2004,21,19,1709.0,19.0,86.3,0.26,1,1,5,6,1.4,3.9,4.9,1.4,6.3,44,7,18,6,33.3,0.95,0.06,16.2,75.2,10415,2688,19,22,20,6,63,8,2.32,0.37,60,58,151,1092,80,42.5,34,3746,2044,39,21,671,498,353,50,27,23,50,45,0,14,12,5,17,101,51.1,4,0,21,25,1
Alberto Moreno,ESP,DF,Como,Serie A,32,1992,17,17,1344.0,14.9,59.7,-0.6,0,0,0,0,0.3,1.4,0.9,0.3,1.2,26,2,10,4,40.0,0.67,0.0,23.6,83.2,11923,4029,15,51,16,1,39,9,1.74,0.13,20,58,47,937,6,50.0,3,2302,993,15,2,619,417,228,17,22,12,34,26,2,10,7,0,10,57,32.0,4,0,14,10,1
Álex Moreno,ESP,DF,Forest,Premier League,31,1993,13,10,813.0,9.0,36.1,-0.44,0,0,1,1,0.2,0.8,1.0,0.2,1.1,11,2,6,0,0.0,0.66,0.0,23.7,71.4,3799,1502,4,20,7,2,15,1,1.22,0.22,24,29,28,474,19,36.8,7,1329,793,11,5,221,175,135,7,24,14,38,33,0,11,5,0,18,40,11.1,2,0,11,5,0
Gerard Moreno,ESP,FW,Villarreal,La Liga,32,1992,12,6,599.0,6.7,27.7,0.9,3,0,1,4,4.2,1.7,3.0,1.8,4.9,36,4,23,9,39.1,3.46,0.0,18.2,76.9,3363,902,15,21,15,1,9,2,5.41,0.6,11,44,50,322,19,52.6,10,967,379,11,8,259,138,166,42,7,2,9,5,0,0,2,2,4,19,78.9,0,0,9,9,1
Matias Moreno,ARG,DF,Fiorentina,Serie A,21,2003,2,2,123.0,1.4,5.5,-2.2,0,0,0,0,0.0,0.0,0.0,0.0,0.0,3,0,0,0,0.0,0.0,0.0,0.0,81.7,847,346,1,5,2,0,2,0,2.2,0.0,1,6,1,77,1,100.0,1,172,95,1,0,47,39,9,0,7,0,7,4,0,2,2,0,7,3,40.0,0,0,4,0,0
Tete Morente,ESP,FW,Lecce,Serie A,28,1996,21,14,1288.0,14.3,57.2,-1.05,3,3,1,4,2.1,0.6,0.7,2.1,2.9,36,2,22,7,31.8,1.54,0.14,18.8,76.5,5665,1642,15,33,15,2,34,6,2.52,0.14,30,65,91,610,33,45.5,15,2173,1000,21,8,410,290,240,23,16,10,26,16,1,12,7,4,11,58,57.6,2,0,16,14,0
Mateu Morey,ESP,DF,Mallorca,La Liga,24,2000,8,4,382.0,4.2,17.7,-1.18,0,0,0,0,0.0,0.2,0.1,0.0,0.1,8,1,1,0,0.0,0.24,0.0,23.5,78.7,2690,761,3,8,2,0,14,1,1.89,0.24,13,9,18,273,10,70.0,7,694,329,4,4,155,128,70,4,9,9,18,11,1,6,3,1,8,18,57.1,1,0,9,5,0
Ilaix Moriba,GUI,MF,Celta Vigo,La Liga,22,2003,20,13,1189.0,13.2,55.0,-0.3,0,0,1,1,0.5,1.8,1.1,0.5,1.6,32,2,15,4,26.7,1.14,0.0,24.7,87.9,8615,2259,15,68,12,3,5,2,2.42,0.15,23,68,34,795,27,33.3,9,2379,1038,31,16,562,467,210,23,35,8,43,18,0,17,18,6,24,63,53.6,7,1,15,35,0
Manu Morlanes,ESP,MF,Mallorca,La Liga,26,1999,16,12,1031.0,11.5,47.7,0.0,0,0,0,0,0.4,0.6,0.2,0.4,0.6,27,0,9,0,0.0,0.79,0.0,23.9,88.5,7452,2237,6,64,9,2,7,3,2.36,0.0,14,64,27,635,5,20.0,1,1781,896,7,9,385,385,116,5,32,23,55,15,0,18,13,5,20,62,36.4,5,0,11,10,0
Nikola Moro,CRO,MF,Bologna,Serie A,26,1998,16,12,979.0,10.9,45.3,0.09,0,0,2,2,0.5,0.9,0.8,0.5,1.3,44,6,13,2,15.4,1.2,0.0,25.4,80.4,10109,2758,19,80,9,1,29,2,4.05,0.55,12,74,18,738,9,66.7,6,1671,724,9,3,472,457,171,2,29,9,38,15,0,17,16,7,24,63,50.0,0,0,17,9,0
Raúl Moro,ESP,FW,Valladolid,La Liga,22,2002,19,14,1306.0,14.5,60.5,-1.1,3,3,1,4,1.8,3.1,3.2,1.8,5.1,57,4,24,7,29.2,1.65,0.13,18.2,65.8,5048,1614,27,24,20,1,77,10,3.93,0.28,64,50,111,558,75,48.0,36,3401,1834,27,7,384,194,298,53,14,9,23,8,0,6,2,1,8,52,35.7,1,0,3,13,7
Sam Morsy,EGY,MF,Ipswich Town,Premier League,33,1991,22,21,1903.0,21.1,84.6,-1.14,1,1,1,2,0.3,1.0,0.7,0.3,1.0,31,1,8,1,12.5,0.38,0.13,25.6,87.2,14528,3860,14,116,11,1,9,2,1.47,0.05,10,86,9,1216,17,64.7,11,3359,1410,12,8,832,703,181,4,49,21,70,36,4,22,20,4,26,109,32.3,7,0,37,18,0
Gabriel Moscardo,BRA,MF,Reims,Ligue 1,19,2005,3,0,32.0,0.4,1.6,0.0,0,0,0,0,0.0,0.0,0.0,0.0,0.0,0,0,1,0,0.0,2.81,0.0,26.8,87.5,213,43,0,0,1,0,0,0,0.0,0.0,0,2,0,21,0,0.0,0,29,16,1,1,13,9,4,0,2,0,2,0,0,1,0,0,0,1,100.0,0,0,0,0,0
Cristhian Mosquera,ESP,DF,Valencia,La Liga,20,2004,23,23,2059.0,22.9,95.3,-0.31,1,1,0,1,0.4,0.1,0.0,0.4,0.4,5,0,4,2,50.0,0.17,0.25,10.5,91.1,20847,6896,0,52,0,0,0,0,0.22,0.0,20,67,5,1396,8,62.5,5,4437,2534,12,4,900,647,34,4,30,26,56,71,1,22,7,1,21,126,43.3,5,0,9,18,0
Daniel Mosquera,COL,FW,Hellas Verona,Serie A,25,1999,23,6,826.0,9.2,36.7,-1.09,4,4,1,5,3.9,0.8,1.3,3.9,5.1,29,2,29,8,27.6,3.16,0.14,11.7,69.5,1764,349,12,12,3,1,2,0,3.17,0.22,9,18,56,306,13,61.5,8,826,314,24,14,212,145,144,45,7,2,9,7,0,7,1,3,5,26,46.9,2,0,26,10,5
Yerson Mosquera,COL,DF,Wolves,Premier League,23,2001,5,5,441.0,4.9,19.6,-1.43,0,0,0,0,0.3,0.0,0.1,0.3,0.4,5,0,2,0,0.0,0.41,0.0,12.4,85.4,3996,1184,2,16,1,0,2,1,1.02,0.0,0,7,0,294,0,0.0,0,683,322,4,1,182,115,12,7,11,10,21,14,0,13,2,0,7,24,64.7,2,0,6,7,1
Dany Mota,POR,MF,Monza,Serie A,26,1998,20,15,1290.0,14.3,57.3,-0.7,4,4,0,4,2.8,1.3,0.9,2.8,3.7,32,1,24,5,20.8,1.67,0.17,14.1,71.9,3962,682,10,18,13,2,29,4,2.23,0.07,35,33,94,504,27,33.3,9,2074,816,36,18,367,205,245,56,9,7,16,16,1,13,0,7,1,50,46.1,2,0,16,20,3
Yael Mouanga,FRA,DF,Montpellier,Ligue 1,19,2005,5,3,340.0,3.8,17.2,-1.59,0,0,0,0,0.1,0.0,0.2,0.1,0.3,2,0,1,0,0.0,0.26,0.0,5.4,84.8,2340,823,1,6,1,0,2,1,0.53,0.0,1,10,2,199,3,100.0,3,564,265,1,1,114,93,6,2,6,2,8,24,0,7,1,1,3,12,46.7,1,0,2,1,0
Aimen Moueffek,FRA,MF,Saint-Etienne,Ligue 1,23,2001,12,5,496.0,5.5,25.1,-1.09,0,0,0,0,0.7,0.1,0.2,0.7,0.9,7,1,5,2,40.0,0.91,0.0,17.8,86.7,2240,572,3,19,0,0,0,0,1.27,0.18,6,15,6,261,12,41.7,5,538,247,18,2,150,153,45,7,11,2,13,17,0,6,7,1,6,31,46.7,0,0,10,2,2
Youssoufa Moukoko,GER,FW,Nice,Ligue 1,20,2004,11,2,204.0,2.3,10.3,1.76,2,2,1,3,2.2,0.2,0.8,2.2,3.0,6,1,6,2,33.3,2.65,0.33,11.6,81.8,522,206,5,2,1,0,1,1,2.62,0.44,2,6,12,75,7,28.6,2,202,80,3,4,46,30,37,14,3,0,3,0,0,2,1,0,2,14,100.0,0,0,1,4,5
Steve Mounié,BEN,FW,Augsburg,Bundesliga,30,1994,11,1,245.0,2.7,12.4,-0.37,0,0,0,0,1.4,0.0,0.0,1.4,1.4,5,0,14,4,28.6,5.14,0.0,11.7,58.9,600,123,0,2,0,0,3,0,1.84,0.0,7,7,21,112,4,25.0,1,248,100,10,3,85,46,57,22,3,0,3,4,0,1,1,2,3,7,47.1,2,0,9,4,1
Mason Mount,ENG,MF,Manchester Utd,Premier League,26,1999,8,4,247.0,2.7,11.0,-1.46,0,0,0,0,0.4,0.1,0.1,0.4,0.5,8,0,3,2,66.7,1.09,0.0,17.3,80.0,1124,241,4,5,0,0,6,0,2.91,0.0,2,8,5,119,4,0.0,0,323,102,4,4,86,65,36,6,6,0,6,0,0,4,3,0,2,6,16.7,2,0,8,4,0
Santiago Mouriño,URU,DF,Alaves,La Liga,23,2002,13,8,769.0,8.5,35.6,-0.47,0,0,0,0,0.2,0.2,0.4,0.2,0.6,5,0,4,2,50.0,0.47,0.0,16.5,80.9,4528,2099,5,19,4,0,3,2,0.59,0.0,10,23,0,380,5,40.0,2,1182,716,3,4,175,168,18,4,17,12,29,41,0,8,4,0,12,35,50.0,2,0,12,9,1
Louis Mouton,FRA,MF,Saint-Etienne,Ligue 1,22,2002,17,12,894.0,9.9,45.2,-0.81,0,0,1,1,1.2,0.9,1.1,1.2,2.3,18,2,14,3,21.4,1.41,0.0,21.2,79.9,5858,1586,11,32,5,4,12,0,1.81,0.2,13,38,32,558,21,47.6,10,1265,596,6,11,363,283,144,18,31,10,41,14,0,15,12,7,16,50,33.3,2,0,19,6,1
Divin Mubama,ENG,FW,City,Premier League,20,2004,1,0,28.0,0.3,1.2,3.21,0,0,0,0,0.0,0.0,0.0,0.0,0.0,0,0,1,0,0.0,3.21,0.0,17.2,66.7,44,18,0,0,0,0,0,0,0.0,0.0,0,1,0,5,0,0.0,0,14,0,0,1,3,2,3,1,0,0,0,0,0,0,0,0,0,1,0.0,0,0,0,0,0
Mykhailo Mudryk,UKR,FW,Chelsea,Premier League,24,2001,7,1,151.0,1.7,6.7,1.19,0,0,0,0,0.3,0.5,1.0,0.3,1.2,6,0,1,1,100.0,0.6,0.0,11.6,66.7,431,165,2,2,2,1,7,1,3.6,0.0,7,5,12,62,8,37.5,3,468,227,3,7,42,15,38,6,2,0,2,1,0,3,0,0,2,9,33.3,0,0,2,2,1
Ngal'Ayel Mukau,COD,MF,Lille,Ligue 1,20,2004,14,9,803.0,8.9,40.6,1.12,0,0,0,0,0.5,0.4,0.3,0.5,0.7,14,0,7,0,0.0,0.78,0.0,22.3,90.2,7142,1485,7,39,5,0,1,1,1.57,0.0,14,42,25,561,11,45.5,5,1215,591,10,6,410,341,135,7,25,12,37,15,0,9,14,2,14,46,52.0,4,0,15,9,0
Nordi Mukiele,FRA,DF,Leverkusen,Bundesliga,27,1997,10,7,576.0,6.4,29.1,0.16,0,0,0,0,0.8,0.7,0.6,0.8,1.4,8,0,3,2,66.7,0.47,0.0,17.6,80.4,4323,1547,4,22,2,0,7,0,1.25,0.0,10,20,20,427,8,50.0,4,959,503,6,2,260,219,86,10,11,9,20,23,1,6,6,1,9,31,41.2,4,0,5,5,1
Florian Müller,GER,GK,Freiburg,Bundesliga,27,1997,3,3,270.0,3.0,13.6,-1.33,0,0,0,0,0.0,0.0,0.0,0.0,0.0,0,0,0,0,0.0,0.0,0.0,0.0,60.0,2117,1724,0,2,0,0,0,0,0.0,0.0,0,0,0,129,0,0.0,0,369,220,0,0,67,4,0,0,0,0,0,0,0,0,0,0,0,5,0.0,0,0,0,0,0
Kevin Müller,GER,GK,Heidenheim,Bundesliga,33,1991,22,22,1980.0,22.0,100.0,-0.91,0,0,0,0,0.0,0.0,0.0,0.0,0.0,2,1,0,0,0.0,0.0,0.0,0.0,76.3,17896,11799,0,10,1,0,0,0,0.09,0.05,0,0,0,900,0,0.0,0,2340,1275,1,0,454,16,0,0,1,0,1,8,2,0,0,0,1,34,100.0,0,0,0,1,0
Marius Müller,GER,GK,Wolfsburg,Bundesliga,31,1993,3,2,205.0,2.3,10.4,0.0,0,0,0,0,0.0,0.0,0.0,0.0,0.0,0,0,0,0,0.0,0.0,0.0,0.0,68.3,2299,1671,0,4,0,0,0,0,0.0,0.0,0,0,0,103,0,0.0,0,334,184,0,0,63,0,0,0,0,0,0,0,0,0,0,0,0,2,100.0,0,0,0,0,0
Thomas Müller,GER,MF,Bayern,Bundesliga,35,1989,19,6,736.0,8.2,37.2,1.71,1,1,2,3,2.6,2.9,1.9,2.6,4.5,42,7,16,7,43.8,1.96,0.06,14.0,73.7,4429,1017,22,17,17,4,37,11,5.14,0.86,16,36,89,466,11,45.5,5,1112,616,9,12,391,170,267,67,4,0,4,7,0,5,2,1,2,14,33.3,3,0,7,7,2
Abdul Mumin,GHA,DF,Rayo,La Liga,26,1998,21,21,1803.0,20.0,87.1,0.25,2,2,1,3,0.5,0.1,0.2,0.5,0.7,8,3,8,2,25.0,0.4,0.25,12.2,82.5,15490,6462,1,35,1,0,4,0,0.4,0.15,10,35,4,1226,8,37.5,3,3127,1389,16,3,729,408,35,12,33,22,55,122,0,35,7,0,22,83,57.7,6,1,20,10,0
Marshall Munetsi,ZIM,FW,Wolves,Premier League,28,1996,1,0,45.0,0.5,2.0,2.0,0,0,0,0,0.5,0.0,0.0,0.5,0.5,2,0,2,1,50.0,4.0,0.0,19.4,75.0,49,29,0,0,1,0,0,0,4.0,0.0,1,2,0,10,0,0.0,0,13,11,0,0,2,3,7,2,2,0,2,0,0,0,0,2,1,2,50.0,0,0,1,1,1
Marshall Munetsi,ZIM,MF,Reims,Ligue 1,28,1996,19,19,1692.0,18.8,2.0,2.0,4,4,2,6,4.0,0.0,2.0,4.0,5.9,2,0,2,1,50.0,4.0,0.0,19.4,75.0,49,29,0,0,1,0,0,0,4.0,0.0,8,26,48,10,0,0.0,0,13,11,0,0,2,3,7,2,2,0,2,0,0,0,0,2,1,2,50.0,0,0,1,1,1
Rodrigo Muniz,BRA,FW,Fulham,Premier League,23,2001,24,5,687.0,7.6,30.5,0.66,4,4,1,5,3.9,0.1,0.6,3.9,4.5,10,0,26,12,46.2,3.41,0.15,11.9,64.7,1106,358,6,9,2,2,1,0,1.31,0.0,4,19,25,221,13,30.8,4,460,144,31,16,167,113,94,39,6,4,10,9,0,8,3,2,3,10,47.3,1,0,9,20,2
Aihen Muñoz,ESP,DF,Real Sociedad,La Liga,27,1997,13,8,584.0,6.5,27.0,0.31,0,0,0,0,0.1,0.1,0.1,0.1,0.2,4,0,4,0,0.0,0.62,0.0,34.6,70.4,3593,1581,1,22,2,0,14,1,0.62,0.0,14,23,8,399,7,42.9,3,888,384,3,1,181,191,80,1,11,11,22,32,0,5,4,0,7,29,51.9,4,0,9,7,0
Álex Muñoz,ESP,DF,Las Palmas,La Liga,30,1994,14,12,983.0,10.9,45.5,-0.73,3,3,0,3,0.7,0.6,0.4,0.7,1.2,9,0,7,5,71.4,0.64,0.43,12.4,82.0,7803,2772,6,28,8,0,18,7,0.82,0.0,10,34,37,740,6,16.7,1,1325,744,7,1,426,319,109,14,29,14,43,48,0,20,11,1,22,23,45.9,1,0,19,8,1
Daniel Muñoz,COL,DF,Crystal Palace,Premier League,28,1996,24,24,2073.0,23.0,92.1,0.0,2,2,3,5,3.6,2.3,3.6,3.6,7.2,56,5,24,9,37.5,1.04,0.08,12.5,75.4,11502,3222,31,38,17,1,45,8,2.43,0.22,32,59,141,1322,39,35.9,14,2516,1009,36,11,635,545,424,69,88,25,113,64,1,23,27,18,59,110,47.3,5,0,33,15,8
Iker Muñoz,ESP,MF,Osasuna,La Liga,22,2002,12,3,355.0,3.9,16.4,-0.51,0,0,0,0,0.1,0.5,0.2,0.1,0.4,8,0,5,0,0.0,1.27,0.0,32.7,75.0,2124,592,3,13,2,1,3,0,2.03,0.0,3,12,5,203,3,66.7,2,416,197,4,1,130,134,33,2,4,3,7,7,1,6,2,0,1,17,43.8,1,0,8,7,0
Javier Muñoz,ESP,MF,Las Palmas,La Liga,29,1995,24,18,1711.0,19.0,79.2,-0.63,0,0,2,2,0.8,1.5,2.0,0.8,2.8,40,5,14,4,28.6,0.74,0.0,20.4,79.2,11194,3269,22,80,20,2,30,9,2.1,0.26,24,75,62,1000,24,58.3,14,2732,1124,19,8,680,598,216,21,36,21,57,28,2,16,12,8,28,77,29.6,2,0,23,19,2
Arijanet Muric,KVX,GK,Ipswich Town,Premier League,26,1998,18,18,1620.0,18.0,72.0,-0.89,0,0,0,0,0.0,0.0,0.0,0.0,0.0,1,0,0,0,0.0,0.0,0.0,0.0,71.7,11705,8247,0,14,0,0,0,0,0.06,0.0,0,1,0,689,0,0.0,0,2088,1178,3,1,321,18,0,0,0,0,0,10,5,0,0,0,0,26,91.7,1,0,0,4,0
Murillo,BRA,DF,Forest,Premier League,22,2002,24,24,2118.0,23.5,94.1,0.25,1,1,0,1,1.1,0.9,1.1,1.1,2.1,28,1,18,4,22.2,0.76,0.06,24.6,78.8,13901,6506,11,67,8,7,6,0,1.19,0.04,13,72,4,1210,25,84.0,21,2748,1643,13,8,608,517,73,15,39,25,64,155,2,51,9,3,28,87,60.0,5,0,18,4,0
Vedat Muriqi,KVX,FW,Mallorca,La Liga,30,1994,19,15,1367.0,15.2,63.3,-0.59,6,5,2,8,6.5,1.2,1.3,5.7,7.0,33,6,36,13,36.1,2.37,0.14,10.9,63.3,3010,648,17,17,4,2,8,0,2.17,0.39,15,25,71,476,17,29.4,5,971,335,36,15,375,227,212,81,2,6,8,25,0,3,1,0,1,30,60.6,1,2,19,26,15
Jacob Murphy,ENG,FW,Newcastle,Premier League,29,1995,22,18,1431.0,15.9,63.6,0.69,4,4,7,11,2.6,3.6,6.3,2.6,8.9,50,9,29,10,34.5,1.82,0.14,18.9,70.4,6074,1982,27,34,25,3,59,7,3.15,0.57,50,53,131,742,32,43.8,14,2753,1468,21,27,537,287,355,50,15,9,24,16,0,21,5,5,12,58,18.2,2,0,7,6,2
Bob Murphy Omoregbe,ITA,MF,Milan,Serie A,21,2003,1,0,3.0,0.0,0.1,0.0,0,0,0,0,0.0,0.0,0.0,0.0,0.0,0,0,0,0,0.0,0.0,0.0,0.0,50.0,8,7,0,0,0,0,1,0,0.0,0.0,0,0,1,2,0,0.0,0,13,9,0,0,1,0,2,1,0,0,0,0,0,0,0,0,0,0,0.0,0,0,1,0,0
Yunus Musah,USA,MF,Milan,Serie A,22,2002,19,11,1085.0,12.1,50.2,0.5,0,0,2,2,0.9,1.1,1.4,0.9,2.3,35,4,16,2,12.5,1.33,0.0,21.5,87.1,7573,1805,19,47,15,2,22,7,2.9,0.33,37,67,53,622,28,57.1,16,2891,1472,30,6,475,343,206,23,15,6,21,6,2,5,5,2,11,42,31.3,3,0,27,11,1
Jamal Musiala,GER,MF,Bayern,Bundesliga,21,2003,19,16,1380.0,15.3,69.7,1.83,10,10,2,12,6.8,4.4,3.6,6.8,10.4,84,7,54,26,48.1,3.52,0.19,15.5,82.7,8573,2160,33,60,18,8,5,0,5.48,0.46,60,86,114,986,100,53.0,53,3366,1890,47,21,813,461,465,112,26,6,32,5,1,25,11,9,16,55,30.8,2,0,14,47,1
Florent Muslija,KVX,FW,Freiburg,Bundesliga,26,1998,9,0,168.0,1.9,8.5,-1.07,0,0,0,0,0.3,0.3,0.3,0.3,0.6,7,1,3,2,66.7,1.61,0.0,20.9,72.4,1104,287,3,1,2,1,14,0,3.77,0.54,5,7,14,121,7,57.1,4,435,191,7,1,86,42,62,3,5,1,6,1,0,0,1,1,4,12,0.0,0,0,0,2,0
Almoatasem Al Musrati,LBY,MF,Monaco,Ligue 1,28,1996,2,0,59.0,0.7,3.0,3.05,0,0,1,1,0.0,0.1,0.3,0.0,0.3,3,1,1,0,0.0,1.53,0.0,28.3,95.5,1179,342,2,11,1,0,0,0,4.58,1.53,0,11,1,74,0,0.0,0,199,101,1,0,58,42,22,1,2,2,4,1,0,0,0,1,1,4,0.0,0,0,1,0,0
Juan Musso,ARG,GK,Atalanta,Serie A,30,1994,1,1,90.0,1.0,4.0,4.0,0,0,0,0,0.0,0.0,0.0,0.0,0.0,0,0,0,0,0.0,0.0,0.0,0.0,51.5,486,331,0,0,0,0,0,0,0.0,0.0,0,0,0,35,0,0.0,0,91,48,0,0,10,0,0,0,0,0,0,0,0,0,0,0,0,1,0.0,0,0,0,1,0
Juan Musso,ARG,GK,Atleti,La Liga,30,1994,1,1,90.0,1.0,4.0,4.0,0,0,0,0,0.0,0.0,0.0,0.0,0.0,0,0,0,0,0.0,0.0,0.0,0.0,51.5,486,331,0,0,0,0,0,0,0.0,0.0,0,0,0,35,0,0.0,0,91,48,0,0,10,0,0,0,0,0,0,0,0,0,0,0,0,1,0.0,0,0,0,1,0
Kingstone Mutandwa,ZAM,MF,Cagliari,Serie A,22,2003,3,0,50.0,0.6,2.2,-3.6,0,0,0,0,0.3,0.0,0.0,0.3,0.3,0,0,3,0,0.0,5.4,0.0,19.2,73.3,133,6,0,0,0,0,1,0,0.0,0.0,0,0,1,21,1,0.0,0,105,17,2,0,15,8,10,1,0,0,0,0,0,0,0,0,0,4,100.0,0,0,2,0,0
Junior Mwanga,FRA,MF,Le Havre,Ligue 1,21,2003,2,2,174.0,1.9,8.8,0.0,0,0,0,0,0.3,0.0,0.1,0.3,0.4,4,1,2,0,0.0,1.03,0.0,8.4,82.8,920,342,1,8,0,0,0,0,2.07,0.52,3,7,1,81,3,33.3,1,219,121,1,4,46,44,8,3,4,3,7,6,1,4,2,1,2,10,100.0,1,0,3,1,0
Junior Mwanga,FRA,MF,Strasbourg,Ligue 1,21,2003,8,2,296.0,3.3,8.8,0.0,0,0,0,0,0.0,0.0,0.0,0.0,0.0,4,1,2,0,0.0,1.03,0.0,8.4,82.8,920,342,1,8,0,0,0,0,2.07,0.52,2,10,2,81,3,33.3,1,219,121,1,4,46,44,8,3,4,3,7,6,1,4,2,1,2,10,100.0,1,0,3,1,0
Phillipp Mwene,AUT,DF,Mainz 05,Bundesliga,31,1994,22,22,1895.0,21.1,95.7,0.52,0,0,4,4,1.1,3.0,1.6,1.1,2.7,53,9,16,3,18.8,0.76,0.0,17.4,74.9,11632,3991,17,47,27,2,60,14,2.52,0.43,48,69,104,1138,42,45.2,19,3216,1528,37,21,662,461,416,38,35,20,55,41,0,24,16,5,21,77,34.5,4,0,12,14,3
Vitaliy Mykolenko,UKR,DF,Everton,Premier League,25,1999,23,23,2002.0,22.2,89.0,-0.13,0,0,0,0,0.4,1.2,1.2,0.4,1.6,25,2,11,0,0.0,0.49,0.0,20.9,73.4,10321,4189,14,68,21,1,57,12,1.12,0.09,22,80,53,1076,15,33.3,5,1675,937,13,6,529,462,268,17,40,27,67,98,1,15,10,6,24,57,55.0,2,0,17,20,1
Joakim Mæhle,DEN,DF,Wolfsburg,Bundesliga,27,1997,16,14,1196.0,13.3,60.4,0.68,3,3,3,6,1.6,1.5,1.4,1.6,3.1,21,6,10,5,50.0,0.75,0.3,14.9,82.0,8058,2486,10,29,8,1,12,1,1.58,0.45,28,44,71,783,32,34.4,11,2158,1096,20,2,438,350,208,28,20,15,35,31,1,17,4,0,7,65,52.6,5,0,7,11,0
Obite N'Dicka,CIV,DF,Roma,Serie A,25,1999,25,25,2250.0,25.0,100.0,0.28,0,0,1,1,0.7,0.3,0.7,0.7,1.4,22,2,11,4,36.4,0.44,0.0,11.4,92.6,28613,9456,6,79,3,0,0,0,0.88,0.08,18,68,5,1921,3,0.0,0,6113,2910,11,3,1368,946,60,17,22,28,50,102,1,32,11,0,16,99,54.4,2,0,24,16,1
Konan N'dri,CIV,FW,Lecce,Serie A,24,2000,2,0,4.0,0.0,0.2,0.0,0,0,0,0,0.0,0.0,0.0,0.0,0.0,1,0,0,0,0.0,0.0,0.0,0.0,80.0,39,8,1,0,0,0,1,0,22.5,0.0,0,1,0,6,1,0.0,0,18,0,0,0,3,1,5,0,0,0,0,0,0,0,0,0,0,0,0.0,0,0,1,0,0
Loïc N'Gatta,FRA,DF,Auxerre,Ligue 1,21,2003,2,0,13.0,0.1,0.7,0.0,0,0,0,0,0.0,0.0,0.0,0.0,0.0,0,0,0,0,0.0,0.0,0.0,0.0,86.7,199,64,0,3,0,0,1,0,0.0,0.0,2,1,0,19,0,0.0,0,101,60,1,2,13,13,3,0,1,0,1,1,0,1,1,0,1,4,0.0,1,0,1,0,0
Nathan N'Goumou,FRA,FW,Gladbach,Bundesliga,24,2000,13,5,532.0,5.9,26.9,-0.51,1,1,1,2,1.4,1.0,1.2,1.4,2.6,16,3,18,10,55.6,3.05,0.06,16.5,73.5,1585,288,4,7,3,1,12,2,2.71,0.51,22,6,57,253,19,26.3,5,988,597,7,6,160,78,134,39,11,4,15,10,0,7,2,2,8,16,41.7,0,0,4,9,7
Djylian N'Guessan,FRA,FW,Saint-Etienne,Ligue 1,16,2008,5,1,83.0,0.9,4.2,-2.17,0,0,0,0,0.4,0.0,0.1,0.4,0.5,1,0,3,0,0.0,3.25,0.0,11.5,83.9,354,35,1,2,0,0,0,0,1.08,0.0,1,2,8,46,4,25.0,1,142,39,2,1,35,23,16,6,3,0,3,1,0,0,1,0,2,2,25.0,0,0,0,1,0
Stanley N'Soki,FRA,DF,Hoffenheim,Bundesliga,25,1999,14,11,831.0,9.2,42.0,-0.43,0,0,0,0,0.0,0.2,0.1,0.0,0.1,8,0,1,1,100.0,0.11,0.0,10.4,85.0,9171,3480,3,30,3,0,0,0,0.87,0.0,9,32,3,707,9,66.7,6,1620,770,10,5,438,329,28,3,15,20,35,37,2,12,5,1,10,56,65.5,0,1,7,6,0
Mickael Nade,FRA,DF,Saint-Etienne,Ligue 1,25,1999,14,13,1226.0,13.6,61.9,-0.95,1,1,1,2,0.7,0.4,0.4,0.7,1.1,8,3,3,1,33.3,0.22,0.33,9.5,88.9,11602,3581,3,42,2,1,1,0,0.59,0.22,10,44,1,917,7,28.6,2,1836,1062,13,2,578,421,29,6,35,23,58,65,4,21,13,0,24,66,85.0,1,0,9,15,0
Bilal Nadir,FRA,MF,Marseille,Ligue 1,21,2003,10,3,236.0,2.6,11.9,0.0,1,1,0,1,0.4,0.5,0.4,0.4,0.7,10,1,5,3,60.0,1.91,0.2,16.8,85.6,2017,441,5,10,5,1,5,0,3.81,0.38,13,13,15,190,6,50.0,3,623,376,5,2,142,105,66,6,6,1,7,3,0,5,3,0,1,14,50.0,1,0,2,7,0
Mahamadou Nagida,CMR,DF,Rennes,Ligue 1,19,2005,12,4,430.0,4.8,21.7,0.84,2,2,0,2,1.5,0.3,0.3,1.5,1.8,10,0,6,3,50.0,1.26,0.33,16.6,77.1,2634,707,3,10,4,0,29,2,2.08,0.0,22,15,54,285,14,35.7,5,1212,674,10,6,176,115,112,9,8,9,17,6,0,3,3,1,6,36,33.3,1,0,5,12,0
Keito Nakamura,JPN,FW,Reims,Ligue 1,24,2000,21,20,1672.0,18.6,84.4,-0.16,8,8,1,9,5.8,1.9,1.3,5.8,7.2,37,5,51,19,37.3,2.75,0.16,17.2,74.1,5769,1243,11,19,17,2,35,5,1.99,0.27,59,57,121,696,46,37.0,17,2755,1477,41,28,486,248,345,81,17,8,25,8,0,14,6,5,11,82,35.7,2,0,20,5,7
Sebastian Nanasi,SWE,FW,Strasbourg,Ligue 1,22,2002,20,19,1506.0,16.7,76.1,0.12,5,5,3,8,4.9,3.1,2.8,4.9,7.6,59,12,18,9,50.0,1.08,0.28,11.2,78.1,6665,1940,26,51,26,7,46,1,3.52,0.72,41,86,91,695,33,45.5,15,2064,1174,13,12,472,337,263,55,16,5,21,12,0,18,9,2,10,62,27.3,0,0,8,15,0
Yael Nandjou,FRA,DF,Nice,Ligue 1,19,2005,3,2,154.0,1.7,7.8,-1.75,0,0,0,0,0.2,0.6,0.7,0.2,1.0,4,0,1,0,0.0,0.58,0.0,7.5,75.8,723,256,2,5,1,0,4,1,2.34,0.0,2,3,9,89,1,100.0,1,82,52,1,0,40,35,23,6,4,4,8,7,0,4,1,1,1,8,75.0,0,0,6,2,0
Matija Nastasić,SRB,DF,Leganés,La Liga,31,1993,19,17,1569.0,17.4,72.6,-0.63,1,1,0,1,0.1,0.1,0.0,0.1,0.1,4,1,2,1,50.0,0.11,0.5,11.7,81.7,10387,3565,0,24,1,0,0,0,0.23,0.06,0,40,0,835,1,100.0,1,1434,737,4,0,462,333,12,6,18,13,31,124,0,34,2,0,8,33,70.3,2,0,13,6,2
Natan,BRA,DF,Betis,La Liga,24,2001,18,13,1227.0,13.6,56.8,-0.37,0,0,0,0,0.2,0.8,0.6,0.2,0.7,4,0,7,2,28.6,0.51,0.0,12.4,88.1,13443,4168,3,33,2,0,2,1,0.29,0.0,10,36,6,923,1,0.0,0,3006,1725,10,4,619,409,31,16,24,16,40,68,0,16,6,2,15,37,67.7,2,1,10,7,0
Pau Navarro,ESP,DF,Villarreal,La Liga,19,2005,10,3,518.0,5.8,24.0,1.39,0,0,0,0,0.0,0.1,0.0,0.0,0.0,4,0,1,0,0.0,0.17,0.0,30.4,89.5,5272,1878,0,19,1,0,2,0,0.69,0.0,2,27,7,399,5,60.0,3,765,368,3,0,237,200,52,2,15,3,18,21,0,10,4,2,10,31,30.0,0,0,6,6,0
Roberto Navarro,ESP,MF,Mallorca,La Liga,22,2002,21,14,1183.0,13.1,54.8,-0.08,1,1,0,1,1.2,1.4,2.1,1.2,3.3,42,2,15,6,40.0,1.14,0.07,16.1,76.1,4809,1288,13,26,12,4,27,3,3.2,0.15,43,47,78,631,58,53.4,31,2630,1334,42,31,408,287,257,37,29,19,48,11,0,17,11,4,22,89,30.8,3,0,11,18,2
Jesús Navas,ESP,FW,Sevilla,La Liga,39,1985,15,3,424.0,4.7,19.6,-0.21,1,1,0,1,0.5,0.6,0.5,0.5,1.0,15,0,3,2,66.7,0.64,0.33,14.9,77.5,3443,816,10,16,6,0,33,5,3.18,0.0,13,23,48,295,6,66.7,4,837,453,5,4,219,124,131,5,5,4,9,6,0,1,0,2,2,10,50.0,0,0,1,4,3
Michel Ndary Adopo,FRA,MF,Cagliari,Serie A,24,2000,22,15,1425.0,15.8,63.3,-0.76,0,0,1,1,0.9,0.7,1.2,0.9,2.1,39,4,14,2,14.3,0.88,0.0,17.6,85.4,8418,2446,13,58,7,1,6,2,2.46,0.25,13,65,37,759,31,48.4,15,1844,796,22,20,515,451,166,23,34,14,48,14,0,10,22,3,22,72,55.6,4,1,18,10,0
Youssouf Ndayishimiye,BDI,DF,Nice,Ligue 1,26,1998,14,13,1122.0,12.5,56.7,1.28,1,1,0,1,0.4,0.2,0.1,0.4,0.5,15,1,6,1,16.7,0.48,0.17,12.5,88.8,11173,3305,3,43,3,1,2,0,1.2,0.08,9,38,6,884,6,100.0,6,2200,1244,7,5,579,452,56,5,31,11,42,61,2,23,10,1,14,66,40.0,3,0,11,10,0
Iliman Ndiaye,SEN,FW,Everton,Premier League,24,2000,24,22,1877.0,20.9,83.4,0.19,6,5,0,6,3.6,1.0,1.5,2.8,4.3,53,5,24,10,41.7,1.15,0.21,16.5,80.9,7012,1459,16,31,13,1,32,5,2.54,0.24,71,38,95,840,123,47.2,58,3901,1952,43,35,509,347,362,65,44,17,61,19,1,21,13,13,22,145,22.2,3,0,17,41,5
Junior Ndiaye,FRA,FW,Montpellier,Ligue 1,19,2005,7,0,91.0,1.0,4.6,0.0,0,0,0,0,0.0,0.0,0.0,0.0,0.0,2,0,0,0,0.0,0.0,0.0,0.0,50.0,111,9,0,0,1,1,0,0,1.98,0.0,1,1,4,31,0,0.0,0,51,14,4,2,19,15,10,5,1,0,1,1,0,1,0,0,0,2,16.7,0,0,2,2,0
Rassoul Ndiaye,SEN,MF,Le Havre,Ligue 1,23,2001,18,11,969.0,10.8,48.9,-0.84,1,1,0,1,1.6,0.7,0.5,1.6,2.1,16,1,15,4,26.7,1.39,0.07,17.3,73.3,4701,1299,6,24,7,1,25,1,1.49,0.09,5,42,26,513,10,20.0,2,1093,412,11,4,293,234,128,19,28,10,38,19,0,12,9,2,19,62,38.7,2,0,11,7,1
Wilfred Ndidi,NGA,MF,Leicester City,Premier League,28,1996,16,16,1299.0,14.4,57.7,-0.62,0,0,4,4,1.5,1.1,1.4,1.5,2.9,16,3,14,7,50.0,0.97,0.0,14.1,79.7,6329,1651,9,37,7,4,13,1,1.11,0.21,9,38,49,768,23,47.8,11,1549,585,22,21,455,355,147,39,49,11,60,51,0,33,20,3,29,69,53.7,4,0,26,7,2
Tanguy Ndombele,FRA,MF,Nice,Ligue 1,28,1996,17,12,1127.0,12.5,56.9,0.8,1,1,2,3,2.4,1.3,2.4,2.4,4.8,31,4,11,2,18.2,0.88,0.09,13.8,87.1,6238,1882,18,40,8,6,3,0,2.47,0.32,21,60,36,607,46,52.2,24,1758,901,28,21,433,397,119,24,35,14,49,9,0,9,21,4,23,66,23.1,2,0,10,28,0
Cher Ndour,ITA,MF,Fiorentina,Serie A,20,2004,1,0,17.0,0.2,0.8,0.0,0,0,0,0,0.0,0.0,0.0,0.0,0.0,1,0,0,0,0.0,0.0,0.0,0.0,71.4,53,19,0,0,0,0,1,0,5.29,0.0,1,2,2,7,0,0.0,0,40,34,0,1,6,4,3,0,0,0,0,0,0,0,0,0,0,0,0.0,0,0,2,1,0
Dan Ndoye,SUI,FW,Bologna,Serie A,24,2000,20,17,1339.0,14.9,62.0,0.74,5,3,2,7,5.0,1.0,1.4,3.4,4.8,49,7,33,10,30.3,2.22,0.09,16.8,73.2,5376,1154,14,26,13,4,35,1,3.3,0.47,87,47,146,655,62,40.3,25,3602,1936,44,34,535,264,358,65,10,4,14,3,0,17,4,4,9,59,40.0,2,0,12,58,4
Paul Nebel,GER,MF,Mainz 05,Bundesliga,22,2002,20,15,1363.0,15.1,68.8,0.79,5,5,2,7,2.9,3.5,1.9,2.9,4.8,39,4,25,10,40.0,1.65,0.2,17.7,72.1,7343,1540,15,22,20,8,64,7,2.58,0.26,44,50,122,858,35,34.3,12,2672,1122,40,20,603,362,400,40,21,9,30,21,1,27,8,7,13,70,23.6,2,0,26,24,1
Kosta Nedeljković,SRB,DF,Aston Villa,Premier League,19,2005,5,0,126.0,1.4,5.6,-2.86,0,0,0,0,0.0,0.0,0.0,0.0,0.0,0,0,0,0,0.0,0.0,0.0,0.0,88.7,853,185,0,5,0,0,1,0,0.0,0.0,1,6,0,66,2,50.0,1,101,33,1,0,32,32,19,0,7,0,7,3,0,1,3,3,5,4,0.0,0,0,0,1,0
Kosta Nedeljković,SRB,DF,RB Leipzig,Bundesliga,19,2005,1,0,9.0,0.1,5.6,-2.86,0,0,0,0,0.5,0.0,0.0,0.5,0.5,0,0,0,0,0.0,0.0,0.0,0.0,88.7,853,185,0,5,0,0,1,0,0.0,0.0,0,1,4,66,2,50.0,1,101,33,1,0,32,32,19,0,7,0,7,3,0,1,3,3,5,4,0.0,0,0,0,1,0
Loïc Nego,HUN,DF,Le Havre,Ligue 1,34,1991,19,16,1381.0,15.3,69.7,-1.17,0,0,0,0,0.6,1.0,0.4,0.6,1.0,24,2,8,2,25.0,0.52,0.0,16.5,74.3,7874,2843,9,35,15,0,50,10,1.57,0.13,41,53,90,786,20,60.0,12,2045,1340,13,5,470,350,202,29,30,18,48,46,0,14,8,3,16,70,57.9,2,0,15,20,5
Ivan Nekić,CRO,DF,Holstein Kiel,Bundesliga,24,2000,1,1,71.0,0.8,3.6,-3.8,0,0,0,0,0.0,0.0,0.0,0.0,0.0,0,0,0,0,0.0,0.0,0.0,0.0,76.2,631,249,0,3,0,0,0,0,0.0,0.0,0,2,0,49,1,0.0,0,42,10,1,1,35,22,0,0,1,3,4,2,0,1,0,0,1,1,0.0,0,0,1,0,0
Reiss Nelson,ENG,FW,Arsenal,Premier League,25,1999,1,0,3.0,0.0,0.1,0.0,0,0,0,0,0.0,0.0,0.0,0.0,0.0,0,0,0,0,0.0,0.0,0.0,0.0,0.0,0,0,0,0,0,0,0,0,0.0,0.0,0,0,0,2,0,0.0,0,4,4,0,0,1,1,0,0,1,0,1,1,0,0,1,0,0,0,0.0,0,0,1,1,0
Reiss Nelson,ENG,FW,Fulham,Premier League,25,1999,11,5,487.0,5.4,0.1,0.0,1,1,1,2,1.1,0.0,1.0,1.1,2.1,0,0,0,0,0.0,0.0,0.0,0.0,0.0,0,0,0,0,0,0,0,0,0.0,0.0,45,35,63,2,0,0.0,0,4,4,0,0,1,1,0,0,1,0,1,1,0,0,1,0,0,0,0.0,0,0,1,1,0
Victor Nelsson,DEN,DF,Roma,Serie A,26,1998,2,0,78.0,0.9,3.5,0.0,0,0,0,0,0.0,0.0,0.0,0.0,0.0,0,0,0,0,0.0,0.0,0.0,0.0,90.7,848,193,0,1,0,0,0,0,0.0,0.0,0,0,0,66,0,0.0,0,137,94,2,0,45,36,2,1,4,1,5,6,0,0,1,1,3,3,100.0,0,0,1,1,0
David Nemeth,AUT,DF,St. Pauli,Bundesliga,23,2001,12,12,1057.0,11.7,53.4,-0.17,0,0,0,0,0.0,0.3,0.1,0.0,0.1,4,0,1,0,0.0,0.09,0.0,34.1,89.1,9521,3044,2,32,3,0,3,1,0.34,0.0,8,43,1,741,5,40.0,2,2112,1050,4,2,470,332,27,3,26,6,32,46,1,15,9,1,21,42,52.2,1,0,13,9,0
David Neres,BRA,FW,Napoli,Serie A,27,1997,22,10,981.0,10.9,43.6,1.28,2,2,4,6,1.9,2.5,2.5,1.9,4.4,48,9,25,5,20.0,2.29,0.08,18.7,74.7,4821,1268,18,20,17,3,79,11,4.4,0.83,62,26,106,569,61,47.5,29,3123,1616,23,20,401,223,312,44,12,6,18,4,0,5,3,5,6,44,0.0,1,0,9,7,3
Neto,BRA,GK,Bournemouth,Premier League,35,1989,2,2,180.0,2.0,0.0,0.0,0,0,0,0,0.0,0.0,0.0,0.0,0.0,0,0,0,0,0.0,0.0,0.0,0.0,64.5,1183,896,0,2,0,0,0,0,0.0,0.0,0,0,0,70,0,0.0,0,148,99,0,0,28,0,0,0,0,0,0,1,1,0,0,0,0,3,0.0,0,0,0,2,0
Pedro Neto,POR,FW,Chelsea,Premier League,24,2000,22,12,1194.0,13.3,53.1,0.6,2,2,2,4,1.3,2.4,2.7,1.3,4.0,45,5,28,7,25.0,2.11,0.07,17.8,77.5,5638,1124,22,12,16,0,64,10,3.39,0.38,79,26,117,609,68,33.8,23,3547,1926,24,14,454,190,367,65,14,7,21,3,0,8,7,2,7,42,28.0,6,0,11,18,2
Luca Netz,GER,DF,Gladbach,Bundesliga,21,2003,14,7,712.0,7.9,36.0,-0.25,0,0,1,1,0.2,0.8,1.4,0.2,1.6,18,1,3,0,0.0,0.38,0.0,15.2,83.0,5120,1468,10,26,11,0,14,6,2.28,0.13,12,23,46,527,17,29.4,5,920,501,12,8,323,208,143,11,19,9,28,18,0,13,5,2,10,31,56.3,1,0,7,4,0
Manuel Neuer,GER,GK,Bayern,Bundesliga,38,1986,18,18,1620.0,18.0,81.8,2.0,0,0,0,0,0.0,0.0,0.5,0.0,0.5,3,0,0,0,0.0,0.0,0.0,0.0,87.2,16255,10488,1,17,0,1,0,0,0.17,0.0,0,9,0,788,1,100.0,1,2690,1516,1,0,585,55,0,0,1,0,1,7,1,0,0,0,0,49,100.0,0,0,0,1,0
Florian Neuhaus,GER,MF,Gladbach,Bundesliga,27,1997,9,1,193.0,2.1,9.7,-0.93,0,0,1,1,0.4,0.5,0.3,0.4,0.7,15,1,4,0,0.0,1.87,0.0,17.7,80.9,1531,482,6,10,6,0,3,2,6.99,0.47,6,15,5,142,8,50.0,4,411,265,5,1,88,84,30,7,3,4,7,2,1,5,2,0,0,15,0.0,1,0,3,2,0
João Neves,POR,MF,PSG,Ligue 1,20,2004,18,14,1209.0,13.4,61.1,2.01,2,2,7,9,1.9,3.1,3.3,1.9,5.2,50,11,18,5,27.8,1.34,0.11,13.7,90.0,16300,3678,25,102,18,9,13,2,3.72,0.82,26,105,49,1275,22,45.5,10,3475,1598,15,14,971,746,332,34,49,11,60,14,1,18,22,11,27,84,66.7,0,0,10,26,2
Yvan Neyou,CMR,MF,Leganés,La Liga,28,1997,19,18,1560.0,17.3,72.2,-0.46,1,1,1,2,0.6,0.8,0.4,0.6,1.0,20,2,13,2,15.4,0.75,0.08,25.4,85.4,9901,2681,7,54,6,2,9,1,1.15,0.12,17,63,18,916,32,50.0,16,2279,967,18,12,598,564,122,6,44,17,61,27,1,21,20,6,29,87,53.6,10,0,22,37,0
Cyril Ngonge,BEL,FW,Napoli,Serie A,24,2000,9,1,151.0,1.7,6.7,-1.19,0,0,0,0,0.6,0.2,0.4,0.6,0.9,12,0,11,5,45.5,6.56,0.0,21.2,78.5,777,198,3,5,1,0,9,1,7.11,0.0,3,7,25,107,15,40.0,6,400,167,3,6,85,43,56,6,6,1,7,3,0,1,3,0,4,4,60.0,1,0,5,9,0
Mikayil Ngor Faye,SEN,DF,Rennes,Ligue 1,20,2004,10,6,598.0,6.6,30.2,0.3,0,0,0,0,0.3,0.3,0.0,0.3,0.3,3,1,4,2,50.0,0.6,0.0,14.2,88.5,7461,2261,1,32,1,0,1,0,0.45,0.15,11,30,4,521,5,40.0,2,1599,899,9,4,361,287,35,6,12,9,21,25,0,5,2,1,9,38,53.3,1,1,10,5,0
Steve Ngoura,FRA,FW,Le Havre,Ligue 1,19,2005,8,2,289.0,3.2,14.6,-2.8,0,0,0,0,1.3,0.1,0.4,1.3,1.7,6,0,10,2,20.0,3.11,0.0,11.9,64.9,556,181,2,2,2,0,2,0,1.87,0.0,3,8,19,106,12,58.3,7,277,104,14,9,74,45,56,18,4,0,4,2,0,2,1,2,2,7,45.5,0,0,5,1,2
Bernard Nguene,CMR,FW,Nice,Ligue 1,18,2006,1,0,13.0,0.1,0.7,0.0,0,0,0,0,0.0,0.0,0.0,0.0,0.0,0,0,0,0,0.0,0.0,0.0,0.0,100.0,17,0,0,0,0,0,0,0,0.0,0.0,0,0,1,5,1,0.0,0,11,5,1,0,5,3,2,0,0,0,0,0,0,0,0,0,0,0,0.0,0,0,1,0,0
Moussa Niakhate,SEN,DF,Lyon,Ligue 1,28,1996,19,18,1646.0,18.3,83.1,0.55,0,0,0,0,0.1,0.5,0.2,0.1,0.4,13,2,2,1,50.0,0.11,0.0,7.8,90.6,18373,7065,3,55,7,1,1,1,0.71,0.11,17,64,2,1279,2,100.0,2,4488,2880,6,2,900,634,39,5,29,14,43,92,3,16,5,1,17,73,64.9,0,0,20,10,1
Abdoulaye Niakhate Ndiaye,SEN,DF,Brest,Ligue 1,22,2002,12,11,974.0,10.8,49.2,0.28,1,1,0,1,0.6,0.2,0.0,0.6,0.7,5,0,6,2,33.3,0.55,0.17,9.3,83.4,8621,3396,1,25,2,0,2,0,0.46,0.0,2,27,1,654,5,0.0,0,1908,1057,7,4,404,252,18,12,23,7,30,75,1,13,8,0,16,33,55.2,3,0,9,10,0
Ibrahima Niane,SEN,FW,Angers,Ligue 1,25,1999,17,7,748.0,8.3,37.8,-0.12,3,2,1,4,5.5,0.4,1.0,4.7,5.7,17,3,26,10,38.5,3.13,0.08,14.7,68.9,1464,245,8,11,1,1,2,0,2.04,0.36,17,6,41,265,15,33.3,5,801,371,31,13,193,125,124,42,6,2,8,4,2,5,2,1,3,30,41.9,0,0,12,23,6
Tanguy Nianzou,FRA,DF,Sevilla,La Liga,22,2002,6,6,518.0,5.8,24.0,0.35,0,0,0,0,0.2,0.0,0.0,0.2,0.2,1,0,2,0,0.0,0.35,0.0,8.9,90.8,4654,1465,0,6,0,0,0,0,0.17,0.0,4,10,0,376,3,100.0,3,924,408,3,0,263,162,11,6,7,8,15,27,0,1,0,1,5,9,89.5,3,1,10,5,0
Cheikh Niasse,SEN,MF,Hellas Verona,Serie A,25,2000,3,2,219.0,2.4,9.7,-2.47,0,0,0,0,0.4,0.0,0.0,0.4,0.4,5,0,2,0,0.0,0.82,0.0,24.7,78.6,867,191,0,5,0,0,0,0,2.05,0.0,3,7,0,109,1,100.0,1,188,70,4,1,44,60,13,2,6,10,16,9,2,5,4,0,5,11,63.6,3,0,4,2,0
Rasmus Nicolaisen,DEN,DF,Toulouse,Ligue 1,27,1997,7,7,623.0,6.9,31.5,-0.58,0,0,1,1,0.4,0.2,0.2,0.4,0.7,9,1,5,0,0.0,0.72,0.0,8.7,88.1,6199,2362,2,20,2,1,0,0,1.3,0.14,3,27,2,445,2,50.0,1,1220,626,1,2,289,213,18,8,6,10,16,25,0,10,2,0,3,29,70.0,0,0,4,8,0
Moritz Nicolas,GER,GK,Gladbach,Bundesliga,27,1997,19,19,1639.0,18.2,82.8,0.22,0,0,0,0,0.0,0.0,0.0,0.0,0.0,1,0,0,0,0.0,0.0,0.0,0.0,84.3,16861,11154,0,4,0,0,0,0,0.05,0.0,0,0,0,838,0,0.0,0,2773,1548,0,0,508,3,0,0,0,1,1,8,1,1,0,0,0,23,87.5,0,0,0,0,0
Hans Nicolussi Caviglia,ITA,MF,Venezia,Serie A,24,2000,22,20,1699.0,18.9,78.7,-0.85,4,4,2,6,1.2,1.3,1.1,1.2,2.3,38,2,30,12,40.0,1.59,0.13,26.5,78.9,11335,3856,18,69,10,2,57,1,2.01,0.11,16,86,18,1030,32,37.5,12,2803,1140,27,29,589,574,249,6,32,15,47,34,2,26,18,6,16,85,51.7,5,1,29,21,0
Julian Niehues,GER,MF,Heidenheim,Bundesliga,23,2001,2,0,34.0,0.4,1.7,0.0,0,0,0,0,0.0,0.2,0.1,0.0,0.1,1,0,0,0,0.0,0.0,0.0,0.0,70.6,175,55,1,0,1,1,0,0,2.65,0.0,0,1,2,19,0,0.0,0,23,20,0,1,11,9,5,1,0,0,0,0,0,1,0,0,0,0,33.3,0,0,0,0,0
Saúl Ñíguez,ESP,MF,Sevilla,La Liga,30,1994,12,10,885.0,9.8,41.0,-0.41,1,1,5,6,2.0,1.3,2.1,2.0,4.1,33,7,29,7,24.1,2.95,0.03,19.4,79.4,4733,1232,16,30,6,2,11,1,3.36,0.71,8,39,27,502,16,31.3,5,1085,472,20,10,313,251,149,36,27,10,37,13,0,16,14,5,18,47,45.7,5,1,24,6,1
Eybi Nije,SWE,FW,Torino,Serie A,19,2005,16,0,394.0,4.4,17.5,0.0,1,1,0,1,1.5,0.3,0.4,1.5,1.9,9,1,9,5,55.6,2.06,0.11,18.9,66.3,942,197,4,4,4,1,6,1,2.06,0.23,10,7,26,167,19,36.8,7,748,276,14,9,115,61,86,14,5,0,5,1,0,5,1,1,1,12,41.4,1,0,12,12,2
Tamás Nikitscher,HUN,MF,Valladolid,La Liga,25,1999,3,2,200.0,2.2,9.3,-2.7,0,0,0,0,0.0,0.0,0.0,0.0,0.0,1,0,0,0,0.0,0.0,0.0,0.0,93.8,1412,293,1,3,0,0,0,0,0.45,0.0,0,1,1,117,1,0.0,0,321,117,1,0,78,75,4,0,6,4,10,2,0,5,4,0,3,8,100.0,1,0,5,1,0
Adrian Niño,ESP,FW,Atleti,La Liga,20,2004,1,0,12.0,0.1,0.6,0.0,0,0,0,0,0.2,0.0,0.0,0.2,0.2,0,0,2,0,0.0,15.0,0.0,13.9,0.0,0,0,0,0,0,0,0,0,0.0,0.0,0,0,1,2,0,0.0,0,4,0,0,0,1,0,2,2,0,0,0,0,0,0,0,0,0,0,0.0,0,0,0,0,0
Justin Njinmah,GER,FW,Werder Bremen,Bundesliga,24,2000,16,8,687.0,7.6,34.7,0.39,2,2,1,3,1.8,0.6,0.9,1.8,2.6,28,3,17,2,11.8,2.23,0.12,15.2,65.0,1632,337,6,7,6,1,10,1,3.67,0.39,22,16,74,249,15,40.0,6,978,479,19,6,191,98,142,39,3,3,6,0,0,4,2,0,2,16,45.8,1,0,7,14,8
Eddie Nketiah,ENG,MF,Crystal Palace,Premier League,25,1999,18,6,632.0,7.0,0.0,0.0,0,0,1,1,1.8,0.5,1.3,1.8,3.0,20,2,25,7,28.0,3.56,0.0,16.5,72.4,1812,350,10,10,3,0,5,0,2.84,0.28,30,13,53,269,14,50.0,7,1203,662,19,12,194,108,138,42,12,2,14,6,0,6,2,4,5,17,35.5,3,0,17,18,2
Niels Nkounkou,FRA,DF,Eint Frankfurt,Bundesliga,24,2000,10,4,363.0,4.0,18.3,0.0,0,0,0,0,0.2,1.2,1.3,0.2,1.5,16,1,4,0,0.0,0.99,0.0,22.7,69.6,2629,983,9,10,4,1,22,2,3.97,0.25,17,15,20,278,16,43.8,7,946,517,7,3,168,126,75,7,11,6,17,12,0,5,2,3,9,22,28.6,1,0,5,2,0
Christopher Nkunku,FRA,FW,Chelsea,Premier League,27,1997,21,4,552.0,6.1,24.5,-0.65,2,2,1,3,4.0,0.5,1.7,4.0,5.6,21,2,15,6,40.0,2.45,0.13,11.8,88.9,2516,485,9,16,4,1,2,0,3.42,0.33,9,18,45,281,16,37.5,6,801,318,9,6,220,110,137,29,4,4,8,7,0,7,1,3,4,18,38.5,1,0,11,5,1
Felix Nmecha,GER,MF,Dortmund,Bundesliga,24,2000,19,14,1131.0,12.6,57.1,0.24,2,2,1,3,0.3,0.5,0.8,0.3,1.1,20,4,8,2,25.0,0.64,0.25,25.6,87.6,11050,2703,9,73,9,2,4,0,1.59,0.32,10,62,13,829,17,58.8,10,2289,919,12,12,592,529,135,5,27,18,45,25,0,18,16,8,18,72,53.1,2,0,15,22,0
Lukas Nmecha,GER,FW,Wolfsburg,Bundesliga,26,1998,10,1,221.0,2.5,11.2,2.44,2,2,0,2,2.7,0.0,0.0,2.7,2.8,4,1,9,4,44.4,3.67,0.22,12.0,60.7,466,82,1,1,2,0,1,0,1.62,0.41,2,3,17,80,1,100.0,1,166,59,4,1,64,36,38,12,1,2,3,3,0,1,1,0,0,7,69.2,0,0,4,7,0
Arnaud Nordin,FRA,FW,Montpellier,Ligue 1,26,1998,16,14,1166.0,13.0,58.9,-1.54,4,3,1,5,4.1,1.1,0.9,2.5,3.4,30,3,26,11,42.3,2.01,0.12,18.2,69.9,3260,583,15,6,12,3,35,6,2.32,0.23,51,23,111,499,51,45.1,23,2372,1247,37,14,359,190,259,49,24,5,29,7,0,12,16,2,15,47,38.7,2,0,13,40,1
Arnaud Nordin,FRA,DF,Mainz 05,Bundesliga,26,1998,2,0,21.0,0.2,58.9,-1.54,0,0,0,0,0.0,1.1,0.3,0.0,0.3,30,3,26,11,42.3,2.01,0.12,18.2,69.9,3260,583,15,6,12,3,35,6,2.32,0.23,0,0,3,499,51,45.1,23,2372,1247,37,14,359,190,259,49,24,5,29,7,0,12,16,2,15,47,38.7,2,0,13,40,1
Brooke Norton-Cuffy,ENG,DF,Genoa,Serie A,21,2004,6,1,151.0,1.7,7.0,0.0,0,0,0,0,0.1,0.0,0.0,0.1,0.1,4,1,2,1,50.0,1.19,0.0,21.9,76.3,723,278,1,1,0,0,0,0,2.38,0.6,2,5,5,77,2,0.0,0,232,95,3,1,34,40,11,1,5,2,7,1,0,2,2,0,3,8,40.0,0,0,1,0,0
Tijjani Noslin,NED,FW,Lazio,Serie A,25,1999,20,7,634.0,7.0,28.2,-0.28,2,2,2,4,1.2,0.5,1.1,1.2,2.3,20,4,12,3,25.0,1.7,0.17,13.5,74.6,2011,451,8,11,8,2,12,3,2.84,0.57,10,13,40,255,14,50.0,7,889,398,16,7,186,112,119,29,4,1,5,7,0,13,1,2,3,20,47.4,2,0,16,8,0
Hugo Novoa,ESP,DF,Alaves,La Liga,22,2003,5,2,237.0,2.6,11.0,-0.76,0,0,0,0,0.5,0.2,0.2,0.5,0.7,6,0,1,0,0.0,0.38,0.0,9.7,76.8,798,261,2,0,2,0,7,2,2.28,0.0,7,2,10,100,10,30.0,3,484,191,6,2,47,42,33,1,8,0,8,6,0,2,3,1,5,9,11.1,0,0,1,1,2
Plamedi Nsingi,FRA,MF,Nantes,Ligue 1,24,2000,1,0,16.0,0.2,0.8,-5.63,0,0,0,0,0.2,0.0,0.0,0.2,0.2,0,0,1,1,100.0,5.63,0.0,10.9,33.3,24,0,0,0,0,0,0,0,0.0,0.0,0,0,0,8,0,0.0,0,10,1,0,0,5,3,1,1,1,0,1,0,0,0,0,0,0,1,100.0,0,0,0,1,0
Randy Nteka,ANG,FW,Rayo,La Liga,27,1997,17,9,717.0,8.0,34.6,0.0,3,3,0,3,2.0,0.2,0.5,2.0,2.5,15,0,12,5,41.7,1.51,0.25,13.6,63.5,1283,169,9,4,1,0,4,0,1.88,0.0,7,6,28,254,8,37.5,3,398,156,18,10,166,101,122,27,10,3,13,10,0,9,6,2,5,18,37.5,5,0,23,10,9
Ernest Nuamah,GHA,FW,Lyon,Ligue 1,21,2003,17,9,810.0,9.0,40.9,0.22,2,2,1,3,1.9,1.1,1.0,1.9,2.9,29,2,23,9,39.1,2.56,0.09,16.4,80.5,3897,749,11,10,11,1,24,2,3.22,0.22,34,24,96,454,29,41.4,12,1880,1104,21,17,317,163,227,39,15,4,19,8,1,5,3,2,6,52,45.5,1,0,10,10,4
Alexander Nübel,GER,GK,Stuttgart,Bundesliga,28,1996,22,22,1980.0,22.0,100.0,0.32,0,0,1,1,0.0,0.0,0.1,0.0,0.1,4,2,0,0,0.0,0.0,0.0,0.0,77.5,16697,12490,1,7,0,0,0,0,0.18,0.09,0,0,0,920,0,0.0,0,2370,1415,1,0,537,8,0,0,0,0,0,11,2,0,0,0,0,50,100.0,0,0,0,3,0
Matheus Nunes,POR,DF,City,Premier League,26,1998,17,10,894.0,9.9,39.7,0.3,0,0,4,4,0.5,2.1,2.9,0.5,3.4,30,5,5,1,20.0,0.5,0.0,18.4,83.9,7788,1443,18,16,19,2,30,6,3.02,0.5,39,34,121,708,25,44.0,11,2416,1271,16,8,512,233,359,47,25,9,34,21,0,11,9,6,16,38,50.0,2,0,18,11,5
Darwin Núñez,URU,FW,Liverpool,Premier League,25,1999,20,7,874.0,9.7,38.8,0.82,4,4,2,6,3.4,0.4,1.0,3.4,4.4,21,3,25,10,40.0,2.57,0.16,14.5,69.3,1774,406,7,8,0,1,2,0,2.16,0.31,19,19,60,271,19,42.1,8,858,465,18,17,181,91,153,52,17,1,18,9,0,5,3,4,14,31,33.3,6,0,21,13,9
Unai Núñez,ESP,DF,Athletic Club,La Liga,28,1997,3,3,270.0,3.0,12.5,1.67,0,0,0,0,0.2,0.0,0.0,0.2,0.2,0,0,1,0,0.0,0.33,0.0,3.3,86.9,2658,1066,0,5,0,0,0,0,0.0,0.0,0,10,0,178,1,100.0,1,372,160,2,0,102,90,2,1,2,12,14,13,1,2,1,0,2,14,57.1,1,0,2,3,0
Antonio Nusa,NOR,MF,RB Leipzig,Bundesliga,19,2005,21,15,1440.0,16.0,72.7,0.44,3,3,3,6,1.6,2.4,2.6,1.6,4.2,36,5,22,6,27.3,1.37,0.14,19.0,73.7,5439,1769,18,29,18,7,33,6,2.25,0.31,51,46,111,744,82,45.1,37,2861,1487,35,28,509,295,327,48,30,8,38,11,0,20,9,5,17,74,31.3,0,0,14,27,8
Ethan Nwaneri,ENG,FW,Arsenal,Premier League,17,2007,15,4,381.0,4.2,16.9,2.13,3,3,1,4,0.7,1.0,0.7,0.7,1.5,12,2,13,6,46.2,3.07,0.23,20.2,78.2,2034,664,7,10,4,1,28,1,2.83,0.47,19,18,44,223,22,68.2,15,1201,623,10,7,165,90,111,16,7,0,7,1,0,5,2,2,5,19,50.0,1,0,3,4,2
Ørjan Nyland,NOR,GK,Sevilla,La Liga,34,1990,17,17,1503.0,16.7,69.6,-0.06,0,0,0,0,0.0,0.0,0.2,0.0,0.2,9,2,0,0,0.0,0.0,0.0,0.0,62.7,9316,7041,3,15,1,0,0,0,0.54,0.12,0,1,0,613,0,0.0,0,1599,775,0,0,337,8,0,0,1,0,1,10,2,0,0,0,1,20,100.0,1,0,0,0,0
Allan Nyom,CMR,DF,Getafe,La Liga,36,1988,10,7,578.0,6.4,26.8,-0.16,1,1,1,2,0.5,0.3,0.3,0.5,0.7,10,2,8,4,50.0,1.25,0.13,16.2,79.9,3177,1154,4,16,5,0,14,4,1.56,0.31,4,17,17,312,8,37.5,3,604,309,13,3,172,162,86,13,10,2,12,14,0,2,5,1,6,21,29.4,4,0,14,6,0
Rabby Nzingoula,CGO,MF,Montpellier,Ligue 1,19,2005,17,13,1061.0,11.8,53.6,-1.19,1,1,0,1,0.8,1.0,1.5,0.8,2.3,18,0,12,5,41.7,1.02,0.08,19.5,73.1,4051,956,6,15,4,5,11,0,1.53,0.0,15,27,27,507,36,36.1,13,1440,629,20,12,284,242,125,16,39,23,62,17,0,15,18,6,24,55,48.1,8,0,24,29,1
M'Bala Nzola,ANG,FW,Lens,Ligue 1,28,1996,17,15,1295.0,14.4,65.4,0.0,6,6,1,7,8.3,0.8,1.3,8.3,9.6,38,4,42,17,40.5,2.92,0.14,12.1,75.1,2356,408,20,7,9,0,1,0,2.64,0.28,22,22,110,433,32,40.6,13,1321,456,53,41,341,153,261,83,5,4,9,6,0,7,1,4,4,32,53.3,3,0,25,13,21
Marwann Nzuzi,FRA,DF,Saint-Etienne,Ligue 1,20,2004,2,2,125.0,1.4,6.3,-0.72,0,0,0,0,0.0,0.1,0.1,0.0,0.1,1,0,2,1,50.0,1.44,0.0,24.9,83.6,707,322,1,3,1,0,1,1,0.72,0.0,2,2,5,72,2,0.0,0,142,59,3,2,40,28,13,0,2,2,4,6,0,0,0,1,2,3,66.7,2,0,2,1,0
Christian Nørgaard,DEN,MF,Brentford,Premier League,30,1994,22,22,1785.0,19.8,79.3,0.15,2,2,2,4,2.5,0.6,0.6,2.5,3.1,34,7,22,7,31.8,1.11,0.09,15.1,81.9,12425,4178,11,96,12,3,11,2,1.71,0.35,10,90,31,1153,11,45.5,5,2128,904,23,16,700,545,216,37,60,33,93,44,1,30,30,5,37,132,59.6,4,1,29,21,1
Jake O'Brien,IRL,DF,Everton,Premier League,23,2001,8,5,491.0,5.5,21.8,1.28,0,0,0,0,0.0,0.1,0.1,0.0,0.1,5,0,0,0,0.0,0.0,0.0,0.0,74.2,3264,1363,1,12,3,0,2,1,0.92,0.0,2,11,9,302,8,25.0,2,536,171,3,1,144,118,46,3,10,1,11,34,0,4,1,0,8,19,68.4,2,0,2,3,3
Matt O'Riley,DEN,MF,Brighton,Premier League,24,2000,12,5,475.0,5.3,21.1,-0.76,1,1,1,2,1.2,1.2,1.2,1.2,2.4,23,2,14,4,28.6,2.65,0.07,17.3,79.6,2747,697,11,17,4,1,23,0,4.37,0.38,9,22,25,292,6,50.0,3,592,291,8,3,172,138,105,23,9,11,20,4,1,4,6,2,7,18,60.0,1,0,6,5,0
Dara O'Shea,IRL,DF,Ipswich Town,Premier League,25,1999,22,22,1952.0,21.7,86.8,-1.01,0,0,0,0,0.8,0.2,0.0,0.8,0.8,13,1,13,2,15.4,0.6,0.0,11.0,77.5,15998,6923,0,57,1,0,4,0,0.6,0.05,3,51,1,1327,2,50.0,1,2619,1290,8,3,771,478,81,34,33,24,57,130,3,38,10,2,19,76,58.5,5,0,10,13,2
Adam Obert,SVK,DF,Cagliari,Serie A,22,2002,14,9,754.0,8.4,33.5,-0.12,1,1,1,2,0.9,0.2,0.4,0.9,1.2,22,3,9,2,22.2,1.07,0.11,12.0,75.8,4650,1885,8,28,4,0,8,1,2.63,0.36,12,40,16,489,8,62.5,5,1112,616,19,7,217,210,80,13,24,14,38,35,2,14,14,0,13,46,60.5,2,0,13,6,0
Chidozie Obi-Martin,DEN,MF,Manchester Utd,Premier League,17,2007,1,0,1.0,0.0,0.0,0.0,0,0,0,0,0.0,0.0,0.0,0.0,0.0,0,0,0,0,0.0,0.0,0.0,0.0,0.0,0,0,0,0,0,0,0,0,0.0,0.0,0,0,0,0,0,0.0,0,0,0,0,0,0,0,0,0,0,0,0,0,0,0,0,0,0,0,0.0,0,0,0,0,0
Jan Oblak,SVN,GK,Atleti,La Liga,32,1993,23,23,2070.0,23.0,95.8,0.96,0,0,0,0,0.0,0.0,0.0,0.0,0.0,5,1,0,0,0.0,0.0,0.0,0.0,78.0,12501,8313,0,3,0,0,0,0,0.22,0.04,0,0,0,634,1,100.0,1,1606,960,0,0,224,1,0,0,0,0,0,7,2,0,0,0,0,19,100.0,0,0,0,2,0
Lucas Ocampos,ARG,FW,Sevilla,La Liga,30,1994,2,2,175.0,1.9,8.1,0.0,0,0,1,1,0.2,0.1,0.3,0.2,0.5,7,2,4,2,50.0,2.06,0.0,24.4,71.4,1020,296,3,8,2,0,4,1,3.6,1.03,5,7,20,115,8,25.0,2,377,183,5,3,84,60,45,5,3,0,3,2,0,2,0,1,2,6,42.9,0,0,3,2,0
Jens Odgaard,DEN,MF,Bologna,Serie A,25,1999,20,17,1359.0,15.1,62.9,0.66,4,4,0,4,2.4,1.1,1.2,2.4,3.6,34,5,38,18,47.4,2.52,0.11,20.1,77.7,4482,1082,9,22,11,2,18,2,2.25,0.33,29,34,76,580,42,31.0,13,1989,777,38,21,415,255,282,50,20,8,28,10,1,9,12,5,14,53,42.1,1,0,29,27,4
Wilson Odobert,FRA,FW,Tottenham,Premier League,20,2004,4,2,166.0,1.8,7.4,1.08,0,0,0,0,0.4,0.1,0.1,0.4,0.5,4,0,6,0,0.0,3.25,0.0,16.8,75.9,738,110,3,3,3,0,5,0,2.18,0.0,13,10,18,109,13,38.5,5,643,414,4,4,81,31,68,13,5,0,5,1,1,1,2,1,2,11,100.0,0,0,0,2,0
Álvaro Odriozola,ESP,DF,Real Sociedad,La Liga,29,1995,2,0,43.0,0.5,2.0,0.0,0,0,0,0,0.0,0.0,0.0,0.0,0.0,1,0,0,0,0.0,0.0,0.0,0.0,73.3,344,111,0,4,1,0,1,1,2.09,0.0,0,3,0,35,0,0.0,0,79,42,3,1,22,15,10,0,1,0,1,1,0,0,0,0,1,2,100.0,1,0,2,1,0
Tim Oermann,GER,DF,Bochum,Bundesliga,21,2003,17,14,1162.0,12.9,58.7,-0.85,0,0,1,1,0.1,0.2,0.5,0.1,0.5,12,2,5,0,0.0,0.39,0.0,28.7,80.2,6473,1957,4,18,3,0,8,1,0.93,0.15,3,27,6,534,6,33.3,2,1113,374,11,4,269,262,45,1,29,12,41,30,0,18,11,2,18,47,43.5,0,0,11,4,0
Chiedozie Ogbene,IRL,FW,Ipswich Town,Premier League,27,1997,5,3,238.0,2.6,10.6,0.38,0,0,0,0,0.0,0.0,0.1,0.0,0.1,3,0,0,0,0.0,0.0,0.0,0.0,74.4,415,27,2,0,0,0,4,0,1.13,0.0,7,0,15,70,7,14.3,1,330,139,4,2,43,19,40,6,7,1,8,3,0,1,2,4,3,6,14.3,0,0,2,7,1
Ifechukwu Ogbus,SUI,DF,Freiburg,Bundesliga,19,2005,2,0,19.0,0.2,1.0,0.0,0,0,0,0,0.0,0.0,0.0,0.0,0.0,0,0,0,0,0.0,0.0,0.0,0.0,60.0,98,26,0,0,0,0,0,0,0.0,0.0,0,0,0,15,0,0.0,0,8,2,1,0,3,4,4,0,1,1,2,2,0,0,0,1,1,1,0.0,0,0,1,0,0
Thiago Ojeda,ARG,MF,Villarreal,La Liga,22,2003,1,0,8.0,0.1,0.4,0.0,0,0,0,0,0.0,0.0,0.0,0.0,0.0,0,0,1,0,0.0,11.25,0.0,31.3,87.5,103,15,0,1,0,0,1,0,0.0,0.0,1,2,0,11,0,0.0,0,42,34,1,0,7,5,4,0,0,0,0,1,0,0,0,0,0,0,0.0,1,0,1,0,0
Hamzat Ojediran,NGA,MF,Lens,Ligue 1,21,2003,13,1,368.0,4.1,18.6,-0.24,1,1,0,1,0.5,0.4,0.4,0.5,0.9,9,2,7,3,42.9,1.71,0.14,20.2,81.7,2792,839,2,19,2,3,2,0,2.22,0.49,2,19,1,297,6,50.0,3,569,194,5,0,150,179,56,6,25,10,35,6,0,10,12,2,13,22,47.1,4,0,16,2,1
Noah Okafor,SUI,FW,Napoli,Serie A,24,2000,1,0,4.0,0.0,0.2,0.0,0,0,0,0,0.0,0.0,0.0,0.0,0.0,0,0,1,0,0.0,22.5,0.0,24.4,50.0,17,0,0,0,0,0,0,0,0.0,0.0,1,0,0,4,0,0.0,0,29,29,1,0,2,1,3,1,0,0,0,0,0,0,0,0,0,0,0.0,0,0,1,0,0
Noah Okafor,SUI,FW,Milan,Serie A,24,2000,11,5,414.0,4.6,0.2,0.0,1,1,0,1,1.5,0.0,0.3,1.5,1.9,0,0,1,0,0.0,22.5,0.0,24.4,50.0,17,0,0,0,0,0,0,0,0.0,0.0,21,12,48,4,0,0.0,0,29,29,1,0,2,1,3,1,0,0,0,0,0,0,0,0,0,0,0.0,0,0,1,0,0
Caleb Okoli,ITA,DF,Leicester City,Premier League,23,2001,15,10,921.0,10.2,40.9,-0.78,0,0,0,0,0.1,0.1,0.0,0.1,0.1,3,0,3,1,33.3,0.29,0.0,16.4,86.5,8160,3306,0,15,0,1,1,0,0.29,0.0,3,27,2,670,0,0.0,0,1915,897,7,2,403,271,24,7,23,12,35,64,2,21,14,2,13,38,47.2,2,0,12,8,0
Yllan Okou,FRA,DF,Hellas Verona,Serie A,22,2002,1,0,2.0,0.0,0.1,0.0,0,0,0,0,0.0,0.0,0.0,0.0,0.0,0,0,0,0,0.0,0.0,0.0,0.0,0.0,0,0,0,0,0,0,0,0,0.0,0.0,0,0,0,3,0,0.0,0,2,1,0,0,1,0,1,0,0,0,0,0,0,1,0,0,0,0,0.0,0,0,0,0,0
Maduka Okoye,NGA,GK,Udinese,Serie A,25,1999,14,14,1260.0,14.0,56.0,-0.36,0,0,0,0,0.0,0.0,0.0,0.0,0.0,0,0,0,0,0.0,0.0,0.0,0.0,77.4,10197,7285,0,11,0,0,0,0,0.0,0.0,0,1,0,537,0,0.0,0,1507,748,0,0,321,6,0,0,0,0,0,4,1,0,0,0,0,25,100.0,1,0,0,1,0
Joseph Okumu,KEN,DF,Reims,Ligue 1,27,1997,12,10,921.0,10.2,46.5,-0.2,1,1,0,1,0.7,0.3,0.0,0.7,0.7,17,3,9,2,22.2,0.88,0.11,18.9,83.8,12689,5192,1,88,3,2,5,1,1.66,0.29,14,80,1,813,10,70.0,7,2598,1606,8,1,537,419,55,9,21,16,37,55,2,17,4,0,12,52,66.7,4,1,11,8,0
Kazeem Olaigbe,BEL,MF,Rennes,Ligue 1,22,2003,2,0,18.0,0.2,0.9,-5.0,0,0,0,0,0.2,0.1,0.2,0.2,0.4,2,0,1,0,0.0,5.0,0.0,12.8,100.0,95,8,1,0,0,0,0,0,10.0,0.0,1,1,0,8,2,100.0,2,38,25,0,1,6,3,5,2,0,0,0,0,0,0,0,0,0,0,0.0,0,0,0,1,1
Olasagasti,ESP,MF,Real Sociedad,La Liga,24,2000,12,2,392.0,4.4,18.1,0.23,0,0,1,1,0.6,0.4,0.6,0.6,1.2,8,0,5,0,0.0,1.15,0.0,18.3,72.4,2572,498,4,17,5,0,9,0,1.84,0.0,4,22,22,267,6,16.7,1,599,274,5,0,167,156,81,11,12,6,18,4,0,4,4,3,6,21,30.0,1,0,7,4,0
Ben Old,NZL,MF,Saint-Etienne,Ligue 1,22,2002,6,4,376.0,4.2,19.0,-1.2,0,0,0,0,0.8,0.4,0.7,0.8,1.5,10,1,8,2,25.0,1.91,0.0,18.0,72.1,1002,289,4,2,2,1,13,1,2.39,0.24,10,7,19,126,15,53.3,8,608,290,7,5,90,44,57,9,4,1,5,1,0,5,1,0,4,14,0.0,0,0,3,7,0
Finn Ole Becker,GER,MF,Hoffenheim,Bundesliga,24,2000,5,3,305.0,3.4,15.4,-0.89,0,0,1,1,0.1,0.2,0.2,0.1,0.3,10,2,3,1,33.3,0.89,0.0,27.8,86.2,2514,897,4,22,5,0,4,1,2.95,0.59,1,28,1,205,4,50.0,2,446,202,3,3,134,131,35,0,4,4,8,5,0,4,2,0,2,22,66.7,0,0,3,1,0
Michael Olise,FRA,FW,Bayern,Bundesliga,23,2001,22,17,1376.0,15.3,69.5,1.83,6,6,7,13,4.6,7.4,5.7,4.6,10.3,95,13,47,20,42.6,3.07,0.13,17.7,81.9,11353,3185,45,57,66,13,79,9,6.21,0.85,75,112,204,1195,88,54.5,48,4267,2364,36,15,945,425,720,89,25,3,28,8,1,17,15,3,14,57,36.4,1,0,12,41,2
Brian Oliván,ESP,DF,Espanyol,La Liga,30,1994,17,12,1017.0,11.3,47.1,-0.35,0,0,1,1,0.4,0.8,1.1,0.4,1.5,24,1,6,1,16.7,0.53,0.0,23.8,69.2,5671,2788,15,44,12,0,55,9,2.09,0.09,21,40,57,540,4,25.0,1,1152,723,10,1,299,233,151,8,13,10,23,23,0,6,6,0,10,28,23.1,2,0,13,6,3
Lucas Oliveira Rosa,BRA,DF,Valladolid,La Liga,24,2000,21,21,1890.0,21.0,87.5,-1.57,0,0,1,1,0.9,1.5,2.0,0.9,2.8,31,1,8,3,37.5,0.38,0.0,18.3,76.5,10312,3479,13,34,6,4,36,4,1.48,0.05,31,50,74,1076,31,45.2,14,2693,1460,29,11,550,461,219,21,53,28,81,69,2,24,11,2,33,87,64.3,6,0,35,19,1
Mathías Olivera,URU,DF,Napoli,Serie A,27,1997,20,17,1559.0,17.3,69.3,1.04,0,0,1,1,0.6,0.6,1.3,0.6,1.9,32,4,10,2,20.0,0.58,0.0,18.3,83.6,13140,4472,20,79,9,0,18,3,1.85,0.23,27,87,47,1196,13,38.5,5,2742,1510,20,11,735,619,215,27,48,23,71,40,0,26,21,5,28,58,54.8,2,0,21,15,2
Dani Olmo,ESP,MF,Barcelona,La Liga,26,1998,13,7,672.0,7.5,32.5,2.28,5,5,0,5,2.4,2.2,1.7,2.4,4.1,26,4,24,8,33.3,3.21,0.21,18.4,76.7,4093,1292,9,25,16,7,10,1,3.48,0.53,17,47,53,428,30,56.7,17,1340,693,20,18,346,190,200,36,12,1,13,7,0,4,4,2,9,28,70.0,0,0,11,10,1
Robin Olsen,SWE,GK,Aston Villa,Premier League,35,1990,1,0,45.0,0.5,2.0,-2.0,0,0,0,0,0.0,0.0,0.0,0.0,0.0,1,0,0,0,0.0,0.0,0.0,0.0,76.2,358,217,0,0,0,0,0,0,2.0,0.0,0,0,0,25,0,0.0,0,45,33,0,0,16,0,0,0,1,0,1,1,0,0,0,0,0,1,0.0,0,0,0,0,0
Warmed Omari,COM,DF,Lyon,Ligue 1,24,2000,1,0,8.0,0.1,0.0,0.0,0,0,0,0,0.0,0.0,0.0,0.0,0.0,0,0,0,0,0.0,0.0,0.0,0.0,100.0,145,40,0,0,0,0,0,0,0.0,0.0,0,0,0,7,0,0.0,0,6,4,0,0,5,0,0,0,0,0,0,1,0,0,0,0,0,0,0.0,0,0,0,0,0
Becir Omeragic,SUI,DF,Montpellier,Ligue 1,23,2002,16,15,1259.0,14.0,63.6,-1.36,0,0,0,0,0.3,0.3,0.1,0.3,0.4,6,0,6,3,50.0,0.43,0.0,16.1,90.1,9520,2829,2,35,5,0,6,2,0.43,0.0,16,42,3,719,13,76.9,10,2484,1395,5,3,451,361,37,6,19,9,28,48,0,24,5,1,8,56,34.2,1,0,9,10,0
Jonas Omlin,SUI,GK,Gladbach,Bundesliga,31,1994,4,3,341.0,3.8,17.2,-0.26,0,0,0,0,0.0,0.0,0.0,0.0,0.0,0,0,0,0,0.0,0.0,0.0,0.0,77.1,4068,2545,0,1,0,0,0,0,0.0,0.0,0,0,0,196,1,100.0,1,504,203,0,0,123,0,0,0,0,0,0,0,0,0,0,0,0,9,0.0,0,0,0,0,0
Andrew Omobamidele,IRL,DF,Strasbourg,Ligue 1,22,2002,4,3,241.0,2.7,0.0,0.0,0,0,0,0,0.0,0.0,0.0,0.0,0.0,1,0,0,0,0.0,0.0,0.0,0.0,94.0,3497,1327,0,4,0,0,0,0,0.37,0.0,0,4,0,233,2,50.0,1,769,461,1,0,163,101,1,0,4,3,7,20,0,4,2,0,3,10,62.5,0,0,4,3,0
Ado Onaiwu,JPN,MF,Auxerre,Ligue 1,29,1995,20,5,599.0,6.7,30.3,-0.6,2,2,0,2,3.2,0.6,0.4,3.2,3.7,17,0,17,9,52.9,2.55,0.12,12.5,73.2,2202,509,6,17,5,0,5,3,2.55,0.0,10,19,58,314,15,40.0,6,926,460,18,16,240,154,134,26,6,2,8,9,0,3,5,0,5,31,48.7,0,1,5,8,1
Amadou Onana,BEL,MF,Aston Villa,Premier League,23,2001,17,14,1079.0,12.0,48.0,-0.67,2,2,0,2,1.8,0.2,0.2,1.8,2.0,17,2,14,4,28.6,1.17,0.14,13.8,88.2,7190,1624,5,32,5,1,1,1,1.42,0.17,13,36,10,662,14,64.3,9,1697,802,7,7,435,387,103,15,38,19,57,26,3,13,17,3,22,56,58.8,4,0,24,16,0
André Onana,CMR,GK,Manchester Utd,Premier League,28,1996,25,25,2250.0,25.0,100.0,-0.28,0,0,0,0,0.0,0.2,0.2,0.0,0.2,4,0,0,0,0.0,0.0,0.0,0.0,74.5,17298,10496,1,21,0,1,0,0,0.16,0.0,0,1,0,1039,0,0.0,0,3831,2152,1,0,660,20,0,0,1,0,1,9,4,0,0,0,1,26,100.0,0,0,0,2,0
Jacob Ondrejka,SWE,MF,Parma,Serie A,22,2002,3,0,63.0,0.7,2.8,-1.43,0,0,0,0,0.0,0.0,0.0,0.0,0.0,4,1,0,0,0.0,0.0,0.0,0.0,75.0,234,45,1,0,0,0,4,0,5.71,1.43,0,1,3,31,1,100.0,1,58,26,2,0,17,9,17,1,1,1,2,1,0,0,1,0,0,3,0.0,0,0,0,2,0
Karim Onisiwo,AUT,MF,Mainz 05,Bundesliga,32,1992,6,1,110.0,1.2,5.6,-0.82,0,0,0,0,0.1,0.2,0.3,0.1,0.4,2,1,3,0,0.0,2.45,0.0,13.5,62.5,223,31,1,0,1,0,2,1,1.64,0.82,1,0,8,45,2,50.0,1,104,18,5,2,28,16,24,5,1,0,1,0,0,0,0,1,1,4,33.3,0,0,3,2,1
Paul Onuachu,NGA,FW,Southampton,Premier League,30,1994,15,7,634.0,7.0,28.2,-1.28,2,2,1,3,1.7,0.2,0.4,1.7,2.2,7,1,20,8,40.0,2.84,0.1,10.5,62.6,1558,228,7,8,2,0,0,0,0.99,0.14,6,9,19,283,21,33.3,7,561,196,30,23,229,153,102,39,4,1,5,11,0,3,3,0,1,12,65.3,1,0,19,11,5
Frank Onyeka,NGA,MF,Brentford,Premier League,27,1998,2,0,25.0,0.3,1.1,0.0,0,0,0,0,0.0,0.0,0.0,0.0,0.0,0,0,0,0,0.0,0.0,0.0,0.0,85.7,71,19,0,0,1,0,0,0,0.0,0.0,0,1,0,10,0,0.0,0,55,14,2,1,6,5,4,0,0,0,0,0,0,0,0,0,0,2,0.0,0,0,2,0,0
Frank Onyeka,NGA,MF,Augsburg,Bundesliga,27,1998,19,18,1600.0,17.8,1.1,0.0,0,0,1,1,1.1,0.0,1.0,1.1,2.1,0,0,0,0,0.0,0.0,0.0,0.0,85.7,71,19,0,0,1,0,0,0,0.0,0.0,29,55,47,10,0,0.0,0,55,14,2,1,6,5,4,0,0,0,0,0,0,0,0,0,0,2,0.0,0,0,2,0,0
Loïs Openda,BEL,FW,RB Leipzig,Bundesliga,25,2000,21,18,1598.0,17.8,80.7,0.34,6,6,5,11,6.8,1.7,2.7,6.0,8.7,43,8,50,26,52.0,2.82,0.12,16.4,62.6,3064,682,19,16,14,1,20,1,2.42,0.45,42,32,146,579,50,28.0,14,1979,1005,58,16,461,254,295,95,7,3,10,9,0,14,4,1,3,34,38.7,4,1,21,49,19
Christopher Operi,CIV,DF,Le Havre,Ligue 1,27,1997,13,13,1169.0,13.0,59.0,-1.62,0,0,2,2,0.3,3.2,2.2,0.3,2.5,36,3,7,1,14.3,0.54,0.0,22.0,71.4,9424,3412,24,36,20,1,128,13,2.77,0.23,28,52,65,878,27,51.9,14,1898,935,14,11,501,347,302,12,13,14,27,30,0,20,2,5,9,51,64.7,2,1,9,16,3
Fredrik Oppegard,NOR,DF,Auxerre,Ligue 1,22,2002,1,0,3.0,0.0,0.2,0.0,0,0,0,0,0.0,0.0,0.0,0.0,0.0,0,0,0,0,0.0,0.0,0.0,0.0,85.7,57,15,0,0,0,0,0,0,0.0,0.0,0,0,0,7,0,0.0,0,10,1,0,0,6,4,0,0,0,0,0,0,0,0,0,0,0,2,0.0,0,0,0,0,0
Victor Orakpo,NGA,FW,Nice,Ligue 1,18,2006,4,0,36.0,0.4,1.8,2.5,0,0,0,0,0.3,0.0,0.0,0.3,0.3,1,0,2,0,0.0,5.0,0.0,10.4,88.2,218,43,0,1,0,0,0,0,2.5,0.0,2,1,4,21,2,100.0,2,83,57,1,0,18,10,9,3,0,0,0,0,0,0,0,0,0,3,20.0,0,0,0,2,1
Ike Orazi,IRL,MF,Reims,Ligue 1,17,2007,1,0,3.0,0.0,0.2,-30.0,0,0,0,0,0.0,0.0,0.0,0.0,0.0,0,0,0,0,0.0,0.0,0.0,0.0,100.0,11,0,0,0,0,0,0,0,0.0,0.0,1,0,1,2,1,0.0,0,21,19,0,0,2,0,2,0,0,0,0,0,0,0,0,0,0,0,0.0,0,0,0,0,0
Gift Orban,NGA,FW,Lyon,Ligue 1,22,2002,3,2,186.0,2.1,9.4,0.97,2,2,0,2,1.2,0.1,0.0,1.2,1.2,2,0,4,3,75.0,1.94,0.5,8.7,66.7,369,117,1,1,1,0,1,0,0.97,0.0,1,2,12,49,5,40.0,2,108,36,6,0,35,13,30,10,0,0,0,0,0,0,0,0,0,5,20.0,1,0,5,1,4
Gift Orban,NGA,FW,Hoffenheim,Bundesliga,22,2002,6,2,281.0,3.1,9.4,0.97,3,3,0,3,2.2,0.1,0.0,2.2,2.2,2,0,4,3,75.0,1.94,0.5,8.7,66.7,369,117,1,1,1,0,1,0,0.97,0.0,2,1,13,49,5,40.0,2,108,36,6,0,35,13,30,10,0,0,0,0,0,0,0,0,0,5,20.0,1,0,5,1,4
Willi Orban,HUN,DF,RB Leipzig,Bundesliga,32,1992,19,19,1682.0,18.7,84.9,0.32,5,5,0,5,3.2,0.5,0.9,3.2,4.1,13,1,16,7,43.8,0.86,0.31,8.3,86.8,21937,8073,6,75,4,0,3,1,0.7,0.05,7,82,5,1616,4,75.0,3,4038,2106,12,2,1007,795,60,29,28,17,45,126,3,36,11,1,16,94,69.8,2,2,18,13,3
Ivan Ordets,UKR,DF,Bochum,Bundesliga,32,1992,15,14,1237.0,13.7,62.5,-0.95,0,0,0,0,0.3,0.4,0.1,0.3,0.3,10,1,5,0,0.0,0.36,0.0,10.9,79.4,10083,3831,2,19,0,0,0,0,0.73,0.07,2,35,4,763,1,100.0,1,1352,421,3,0,374,292,36,26,11,31,42,87,2,18,3,0,4,55,64.4,3,0,13,12,1
Lewis Orford,ENG,MF,West Ham,Premier League,18,2006,2,0,49.0,0.5,2.2,-1.84,0,0,0,0,0.0,0.0,0.0,0.0,0.0,2,0,1,0,0.0,1.84,0.0,12.7,86.8,583,83,2,2,1,0,1,1,3.67,0.0,0,0,1,42,0,0.0,0,98,27,1,0,31,28,7,2,0,1,1,0,0,1,0,0,0,7,0.0,0,0,0,0,0
Gaetano Oristanio,ITA,MF,Venezia,Serie A,22,2002,24,21,1678.0,18.6,77.7,-0.7,2,2,3,5,2.9,1.9,2.5,2.9,5.4,61,6,31,9,29.0,1.66,0.06,17.7,68.7,3817,1076,30,24,16,1,48,5,3.27,0.32,52,52,94,578,91,47.3,43,3001,1486,63,48,420,227,314,64,11,6,17,5,0,15,5,3,7,63,30.8,3,0,35,52,8
Aimar Oroz,ESP,MF,Osasuna,La Liga,23,2001,24,23,1945.0,21.6,90.0,0.09,2,2,1,3,2.8,2.6,1.8,2.8,4.5,59,3,35,9,25.7,1.62,0.06,19.5,81.7,9406,2218,24,53,24,7,16,0,2.73,0.14,44,107,97,921,62,48.4,30,3319,1630,45,33,656,455,382,49,23,16,39,4,0,25,9,5,13,112,34.5,5,0,21,47,5
Riccardo Orsolini,ITA,FW,Bologna,Serie A,28,1997,17,13,1052.0,11.7,48.7,0.6,7,5,3,10,5.5,1.9,2.5,3.9,6.4,37,4,38,13,34.2,3.25,0.13,17.4,68.0,4525,1336,19,23,18,3,32,6,3.17,0.34,38,46,111,525,45,44.4,20,2089,1059,23,16,395,198,281,51,7,4,11,8,0,17,4,2,6,39,63.0,0,0,18,24,7
Stefan Ortega,GER,GK,City,Premier League,32,1992,9,9,810.0,9.0,36.0,0.11,0,0,0,0,0.0,0.0,0.0,0.0,0.0,0,0,0,0,0.0,0.0,0.0,0.0,84.1,6128,4173,0,3,0,0,0,0,0.0,0.0,0,0,0,358,0,0.0,0,1079,598,0,0,220,2,0,0,0,0,0,8,1,0,0,0,0,5,0.0,1,0,1,1,0
Ángel Ortíz,ESP,DF,Betis,La Liga,20,2004,4,4,344.0,3.8,15.9,0.78,0,0,1,1,0.0,0.2,0.1,0.0,0.1,6,2,1,0,0.0,0.26,0.0,33.7,73.6,2371,1050,3,11,3,0,18,2,1.57,0.52,3,15,18,251,7,57.1,4,594,332,7,2,140,102,59,5,10,5,15,7,0,6,3,0,7,14,41.7,0,0,6,6,0
Gabriel Osei Misehouy,NED,FW,Girona,La Liga,19,2005,8,1,246.0,2.7,11.4,0.0,1,1,0,1,0.9,0.3,0.3,0.9,1.2,6,0,6,2,33.3,2.2,0.17,17.2,86.3,1211,231,4,11,4,0,6,0,2.2,0.0,5,15,22,120,11,63.6,7,563,224,7,6,99,55,63,7,1,0,1,0,0,0,1,0,1,11,0.0,0,0,1,5,2
Gabriel Osho,NGA,DF,Auxerre,Ligue 1,26,1998,14,14,1114.0,12.4,56.3,-0.08,1,1,0,1,0.8,0.1,0.0,0.8,0.8,1,0,4,2,50.0,0.32,0.25,7.8,88.0,9558,3377,0,35,0,0,2,0,0.08,0.0,10,31,1,689,7,57.1,4,1811,940,7,3,451,302,31,6,13,11,24,57,0,24,2,1,9,44,66.7,1,1,9,10,0
Yordan Osorio,VEN,DF,Parma,Serie A,30,1994,3,2,172.0,1.9,7.6,-2.62,0,0,0,0,0.0,0.1,0.1,0.0,0.1,1,0,1,0,0.0,0.52,0.0,25.7,87.4,1866,555,1,1,0,0,0,0,0.52,0.0,1,3,0,141,0,0.0,0,358,180,1,0,89,63,5,1,5,4,9,6,1,3,1,0,3,6,66.7,0,0,5,2,0
Patrick Osterhage,GER,MF,Freiburg,Bundesliga,25,2000,19,16,1292.0,14.4,65.3,-0.42,0,0,0,0,0.8,1.4,0.9,0.8,1.7,27,2,14,0,0.0,0.98,0.0,21.7,83.1,6852,1443,10,36,6,0,6,0,1.88,0.14,16,39,27,714,18,38.9,7,1647,687,16,11,448,411,143,22,32,16,48,20,0,15,19,1,22,59,42.1,4,1,19,13,5
William Osula,DEN,FW,Newcastle,Premier League,21,2003,9,0,49.0,0.5,2.2,-5.51,0,0,0,0,0.0,0.0,0.1,0.0,0.1,1,0,0,0,0.0,0.0,0.0,0.0,50.0,41,19,1,0,1,0,0,0,1.84,0.0,1,1,5,15,1,100.0,1,51,14,3,3,9,7,8,2,1,1,2,0,0,0,0,1,0,1,100.0,0,0,1,1,1
Jibril Othman,TUN,FW,Saint-Etienne,Ligue 1,20,2004,1,0,5.0,0.1,0.3,0.0,0,0,0,0,0.0,0.0,0.0,0.0,0.0,0,0,0,0,0.0,0.0,0.0,0.0,100.0,10,0,0,0,0,0,0,0,0.0,0.0,0,0,0,1,0,0.0,0,0,0,0,0,0,1,0,0,0,0,0,0,0,0,0,0,0,1,0.0,0,0,0,0,0
David Otorbi,ESP,MF,Valencia,La Liga,17,2007,1,0,14.0,0.2,0.6,0.0,0,0,0,0,0.0,0.0,0.0,0.0,0.0,0,0,0,0,0.0,0.0,0.0,0.0,50.0,27,4,0,0,0,0,0,0,0.0,0.0,1,0,0,6,2,0.0,0,24,13,1,0,4,4,2,0,0,0,0,0,0,1,0,0,0,0,0.0,0,0,0,0,0
Dango Ouattara,BFA,FW,Bournemouth,Premier League,23,2002,22,13,1328.0,14.8,59.0,1.15,7,7,4,11,6.4,2.5,4.0,6.4,10.4,45,6,41,15,36.6,2.78,0.17,12.8,61.1,3937,1132,21,10,17,4,60,8,3.05,0.41,50,25,135,630,51,45.1,23,2330,1142,36,22,371,199,330,82,28,7,35,35,0,23,9,9,23,58,39.1,1,0,11,10,11
Guimissongui Ouattara,FRA,FW,Strasbourg,Ligue 1,19,2005,10,3,328.0,3.6,16.6,0.82,1,1,0,1,0.3,0.1,0.1,0.3,0.4,8,3,4,1,25.0,1.1,0.25,18.8,80.8,1557,364,2,9,2,0,3,0,2.19,0.82,6,13,14,161,4,50.0,2,430,182,5,4,101,68,51,7,4,4,8,9,1,7,1,1,3,17,40.0,1,0,2,1,1
Kassoum Ouattara,FRA,DF,Monaco,Ligue 1,20,2004,12,5,391.0,4.3,19.7,0.46,0,0,1,1,0.2,1.3,1.2,0.2,1.4,9,1,2,1,50.0,0.46,0.0,21.2,79.3,2919,1053,6,11,8,0,17,7,2.07,0.23,15,16,35,274,15,33.3,5,734,399,12,7,151,131,88,9,9,5,14,2,1,6,4,0,7,27,33.3,2,0,10,2,0
Remi Oudin,FRA,MF,Lecce,Serie A,28,1996,11,3,299.0,3.3,13.3,-1.81,0,0,0,0,0.1,1.1,0.6,0.1,0.7,14,1,3,1,33.3,0.9,0.0,28.0,67.1,1996,648,6,9,5,2,23,2,4.23,0.3,2,13,16,168,6,50.0,3,523,139,5,3,104,75,61,2,3,2,5,1,0,6,1,1,1,18,50.0,1,0,2,1,0
Assan Ouedraogo,GER,MF,RB Leipzig,Bundesliga,18,2006,3,0,50.0,0.6,2.5,-1.8,0,0,0,0,0.1,0.0,0.0,0.1,0.1,0,0,1,0,0.0,1.8,0.0,22.8,75.0,206,37,0,0,0,0,1,0,0.0,0.0,2,1,2,30,3,0.0,0,193,70,2,6,26,15,12,4,0,0,0,0,0,1,0,0,0,6,0.0,0,0,1,3,0
Zinédine Ould Khaled,FRA,MF,Angers,Ligue 1,25,2000,2,1,57.0,0.6,2.9,-1.58,0,0,0,0,0.0,0.0,0.0,0.0,0.0,0,0,0,0,0.0,0.0,0.0,0.0,88.2,257,24,0,0,0,0,0,0,0.0,0.0,0,2,2,27,1,0.0,0,66,10,3,0,15,15,5,1,1,0,1,1,0,2,0,0,1,2,50.0,1,0,3,1,0
Cheick Oumar Conde,GUI,MF,Venezia,Serie A,24,2000,2,0,6.0,0.1,0.3,0.0,0,0,0,0,0.0,0.0,0.0,0.0,0.0,0,0,0,0,0.0,0.0,0.0,0.0,0.0,0,0,0,0,0,0,0,0,0.0,0.0,0,0,0,3,0,0.0,0,0,0,1,0,0,1,0,0,1,0,1,0,0,0,0,0,1,1,100.0,0,0,0,0,0
Jesús Owono,EQG,GK,Alaves,La Liga,23,2001,5,4,397.0,4.4,18.4,-0.23,0,0,0,0,0.0,0.0,0.0,0.0,0.0,1,0,0,0,0.0,0.0,0.0,0.0,58.9,3375,3015,0,5,0,1,0,0,0.23,0.0,0,0,0,148,1,100.0,1,353,244,0,0,63,0,0,0,1,0,1,1,0,0,0,0,1,2,0.0,0,0,1,1,0
Beres Owusu,FRA,DF,Saint-Etienne,Ligue 1,21,2003,1,1,90.0,1.0,4.5,-1.0,0,0,0,0,0.0,0.0,0.0,0.0,0.0,2,0,0,0,0.0,0.0,0.0,0.0,62.5,375,121,1,1,1,0,1,0,2.0,0.0,0,3,0,44,0,0.0,0,84,32,1,1,20,19,10,1,2,0,2,5,0,2,1,0,2,2,100.0,0,0,1,1,0
Elisha Owusu,GHA,MF,Auxerre,Ligue 1,27,1997,21,21,1815.0,20.2,91.7,-0.2,1,1,3,4,0.3,0.5,0.8,0.3,1.1,27,5,4,2,50.0,0.2,0.25,23.7,79.9,8568,2334,10,45,5,0,8,1,1.34,0.25,7,64,27,878,19,42.1,8,1555,595,21,20,433,532,108,5,63,36,99,33,1,28,33,5,36,128,44.1,5,0,40,18,0
Mikel Oyarzabal,ESP,FW,Real Sociedad,La Liga,27,1997,22,19,1432.0,15.9,66.3,0.13,4,2,2,6,5.1,1.5,2.3,3.5,5.7,22,3,25,7,28.0,1.57,0.08,13.9,71.1,3035,585,9,14,6,2,5,2,1.38,0.19,16,17,85,444,7,42.9,3,1060,458,35,16,323,225,187,63,15,2,17,8,0,9,7,4,9,28,30.0,3,1,9,16,11
Daniel Oyegoke,ENG,DF,Hellas Verona,Serie A,22,2003,2,0,36.0,0.4,1.6,0.0,0,0,0,0,0.0,0.0,0.0,0.0,0.0,0,0,0,0,0.0,0.0,0.0,0.0,71.4,119,21,0,0,0,0,1,0,0.0,0.0,0,0,2,19,1,0.0,0,38,5,0,1,13,6,11,1,0,0,0,2,0,0,0,0,0,1,0.0,0,0,1,0,0
Salih Özcan,TUR,MF,Wolfsburg,Bundesliga,27,1998,11,3,353.0,3.9,17.8,-0.51,0,0,0,0,0.1,0.6,0.8,0.1,0.9,11,0,2,0,0.0,0.51,0.0,24.6,75.9,2596,801,5,19,4,3,8,0,2.8,0.0,6,22,5,253,6,66.7,4,610,268,5,1,142,164,52,3,2,7,9,5,0,5,0,1,2,27,55.6,0,0,5,6,0
Salih Özcan,TUR,MF,Dortmund,Bundesliga,27,1998,2,0,65.0,0.7,17.8,-0.51,0,0,0,0,0.0,0.6,0.3,0.0,0.4,11,0,2,0,0.0,0.51,0.0,24.6,75.9,2596,801,5,19,4,3,8,0,2.8,0.0,2,6,0,253,6,66.7,4,610,268,5,1,142,164,52,3,2,7,9,5,0,5,0,1,2,27,55.6,0,0,5,6,0
Cenk Özkacar,TUR,DF,Valladolid,La Liga,24,2000,4,3,196.0,2.2,9.1,-1.84,0,0,0,0,0.1,0.0,0.0,0.1,0.1,0,0,1,0,0.0,0.46,0.0,16.9,82.7,1444,575,0,2,0,0,0,0,0.0,0.0,1,3,0,128,0,0.0,0,240,121,1,0,60,52,1,1,3,7,10,18,0,4,1,0,3,15,40.0,0,0,1,0,0
Nico O’Reilly,ENG,MF,City,Premier League,19,2005,2,0,23.0,0.3,1.0,0.0,0,0,0,0,0.0,0.0,0.0,0.0,0.0,0,0,1,0,0.0,3.91,0.0,31.1,94.4,203,33,0,0,0,0,0,0,0.0,0.0,1,0,0,23,2,50.0,1,111,33,1,0,15,16,5,0,2,0,2,1,0,0,2,0,0,3,0.0,0,0,0,0,0
Jon Pacheco,ESP,DF,Real Sociedad,La Liga,24,2001,11,7,629.0,7.0,29.1,-0.86,0,0,0,0,0.1,0.2,0.0,0.1,0.1,3,0,1,0,0.0,0.14,0.0,8.7,83.9,6305,1847,0,22,2,0,0,0,0.43,0.0,11,20,0,446,0,0.0,0,1367,868,2,0,265,232,9,5,10,6,16,36,1,7,3,0,6,24,55.2,3,0,16,4,0
Willian Pacho,ECU,DF,PSG,Ligue 1,23,2001,20,17,1589.0,17.7,80.3,1.81,0,0,1,1,0.2,0.3,0.1,0.2,0.3,8,2,2,1,50.0,0.11,0.0,7.4,94.8,25177,7197,1,54,1,0,0,0,0.45,0.11,3,41,1,1691,5,0.0,0,4565,1945,13,2,1297,958,33,5,42,29,71,69,1,26,16,0,24,80,51.2,2,0,15,5,0
Alex Padilla,ESP,GK,Athletic Club,La Liga,21,2003,5,3,321.0,3.6,14.9,-0.56,0,0,0,0,0.0,0.0,0.0,0.0,0.0,0,0,0,0,0.0,0.0,0.0,0.0,55.4,2317,1964,0,4,0,0,0,0,0.0,0.0,0,0,0,134,0,0.0,0,383,239,0,0,46,3,0,0,0,0,0,2,1,0,0,0,0,4,100.0,0,0,0,1,0
Simone Pafundi,ITA,MF,Udinese,Serie A,19,2006,3,0,32.0,0.4,1.4,5.63,0,0,0,0,0.0,0.0,0.0,0.0,0.0,1,0,0,0,0.0,0.0,0.0,0.0,75.0,216,35,1,1,0,0,4,0,2.81,0.0,2,0,1,31,2,0.0,0,113,59,1,1,19,15,14,0,3,0,3,1,0,0,0,1,3,1,0.0,0,0,1,2,0
Exequiel Palacios,ARG,MF,Leverkusen,Bundesliga,26,1998,15,6,593.0,6.6,29.9,1.37,1,1,4,5,1.2,1.3,1.5,1.2,2.7,30,7,6,4,66.7,0.91,0.17,14.8,90.2,7331,2139,17,57,11,8,3,2,4.55,1.06,5,53,23,644,3,100.0,3,1164,455,8,11,515,369,205,9,14,8,22,6,0,9,6,4,10,43,0.0,0,0,4,5,0
Tiago Palacios,ARG,DF,Monza,Serie A,21,2003,2,2,171.0,1.9,7.6,-2.63,0,0,0,0,0.0,0.0,0.0,0.0,0.0,0,0,0,0,0.0,0.0,0.0,0.0,88.5,1998,726,0,13,0,0,1,0,0.0,0.0,1,7,2,144,4,100.0,4,481,302,1,2,107,71,4,1,2,3,5,2,0,3,1,0,1,13,60.0,0,0,0,4,0
Tiago Palacios,ARG,DF,Inter,Serie A,21,2003,2,0,11.0,0.1,7.6,-2.63,0,0,0,0,0.0,0.0,0.0,0.0,0.0,0,0,0,0,0.0,0.0,0.0,0.0,88.5,1998,726,0,13,0,0,1,0,0.0,0.0,0,3,0,144,4,100.0,4,481,302,1,2,107,71,4,1,2,3,5,2,0,3,1,0,1,13,60.0,0,0,0,4,0
Isaac Palazón Camacho,ESP,FW,Rayo,La Liga,30,1994,23,17,1473.0,16.4,71.2,0.18,3,3,3,6,3.0,2.5,2.3,3.0,5.3,69,4,39,10,25.6,2.38,0.08,24.0,76.7,8198,2336,24,45,11,7,68,3,4.21,0.24,20,75,79,838,46,37.0,17,2245,880,31,29,578,376,378,25,20,8,28,10,1,13,6,5,16,75,27.8,4,0,34,35,2
Alberto Paleari,ITA,GK,Torino,Serie A,32,1992,1,1,90.0,1.0,4.0,-1.0,0,0,0,0,0.0,0.0,0.0,0.0,0.0,0,0,0,0,0.0,0.0,0.0,0.0,87.5,826,650,0,0,0,0,0,0,0.0,0.0,0,0,0,37,0,0.0,0,111,65,0,0,15,0,0,0,0,0,0,2,0,0,0,0,0,2,0.0,0,0,0,1,0
Marco Palestra,ITA,DF,Atalanta,Serie A,19,2005,7,0,104.0,1.2,4.6,0.0,0,0,0,0,0.0,0.3,0.1,0.0,0.1,5,0,0,0,0.0,0.0,0.0,0.0,74.6,745,242,2,5,1,0,9,1,4.25,0.0,7,4,9,87,6,16.7,1,355,239,2,0,60,34,35,8,5,0,5,3,0,2,2,0,4,2,50.0,0,0,1,6,0
João Palhinha,POR,MF,Bayern,Bundesliga,29,1995,10,3,390.0,4.3,19.7,2.77,0,0,0,0,0.6,0.2,0.1,0.6,0.7,8,1,8,3,37.5,1.85,0.0,14.8,93.3,4910,1065,2,31,0,0,1,0,1.85,0.23,2,22,6,375,3,66.7,2,699,256,5,6,300,261,64,10,8,3,11,6,1,6,6,1,8,8,65.2,1,0,8,7,0
Nicolas Pallois,FRA,DF,Nantes,Ligue 1,37,1987,16,14,1262.0,14.0,63.7,-0.71,0,0,1,1,0.0,0.1,0.1,0.0,0.1,7,0,2,1,50.0,0.14,0.0,32.0,84.7,8973,3147,2,26,0,0,5,0,0.5,0.0,2,26,3,724,5,40.0,2,1430,589,3,1,367,278,27,1,35,19,54,116,2,27,9,2,14,60,62.1,7,0,13,6,0
Alex Palmer,ENG,GK,Ipswich Town,Premier League,28,1996,1,1,90.0,1.0,4.0,0.0,0,0,0,0,0.0,0.0,0.0,0.0,0.0,0,0,0,0,0.0,0.0,0.0,0.0,59.5,699,561,0,0,0,0,0,0,0.0,0.0,0,0,0,45,0,0.0,0,58,36,0,0,15,0,0,0,0,0,0,1,0,0,0,0,0,2,0.0,0,0,0,0,0
Cole Palmer,ENG,MF,Chelsea,Premier League,22,2002,25,25,2189.0,24.3,97.3,0.53,14,11,6,20,12.5,6.8,8.2,10.1,18.3,138,11,84,33,39.3,3.45,0.13,20.3,75.3,15007,3950,64,111,45,17,114,11,5.68,0.45,82,146,128,1275,78,41.0,32,5226,2584,45,23,936,585,613,91,18,5,23,9,1,13,5,4,10,76,20.0,4,0,12,51,6
Emerson Palmieri,ITA,DF,West Ham,Premier League,30,1994,23,22,1677.0,18.6,74.5,-0.64,2,2,1,3,1.6,1.9,1.5,1.6,3.1,32,1,13,7,53.8,0.7,0.15,19.5,78.5,9846,3685,15,39,9,1,55,4,1.72,0.05,32,46,65,1042,23,34.8,8,2348,1289,19,7,572,443,280,22,49,17,66,43,0,25,15,3,26,71,44.4,5,0,19,11,0
Mats Pannewig,GER,MF,Bochum,Bundesliga,20,2004,8,1,122.0,1.4,6.2,-2.21,0,0,0,0,0.2,0.0,0.1,0.2,0.3,6,0,4,0,0.0,2.95,0.0,15.8,71.7,697,210,1,4,0,0,3,0,4.46,0.0,2,8,10,85,1,0.0,0,221,88,6,6,53,44,22,5,2,1,3,4,0,4,1,0,2,13,33.3,1,0,4,0,0
Lucas Paquetá,BRA,MF,West Ham,Premier League,27,1997,23,20,1699.0,18.9,75.5,-0.79,4,2,0,4,4.9,2.2,2.1,3.3,5.4,61,5,33,3,9.1,1.75,0.06,19.5,76.9,12080,3797,26,87,28,10,22,1,3.23,0.27,14,92,63,1191,27,40.7,11,2016,800,39,43,827,650,320,47,51,12,63,23,3,24,23,10,31,104,36.0,6,0,33,37,6
Aitor Paredes,ESP,DF,Athletic Club,La Liga,24,2000,14,13,1135.0,12.6,52.5,0.63,3,3,0,3,2.2,0.1,0.0,2.2,2.2,6,1,5,3,60.0,0.4,0.6,3.8,83.4,11291,4144,1,28,1,0,1,0,0.48,0.08,2,34,1,764,1,0.0,0,1976,1127,4,1,476,349,11,8,9,17,26,78,3,16,3,0,8,36,52.4,4,1,16,4,0
Leandro Paredes,ARG,MF,Roma,Serie A,30,1994,14,9,867.0,9.6,38.5,1.14,1,0,1,2,1.2,0.9,1.2,0.4,1.7,37,2,14,5,35.7,1.45,0.0,28.9,86.4,12468,3897,14,64,11,2,37,2,3.84,0.21,9,65,5,842,3,100.0,3,2451,1178,3,1,598,486,139,3,19,14,33,20,1,10,8,3,11,51,66.7,3,0,11,10,0
Daniel Parejo,ESP,MF,Villarreal,La Liga,35,1989,22,17,1487.0,16.5,68.8,0.67,3,2,1,4,2.2,1.2,0.6,0.5,1.1,47,9,6,2,33.3,0.36,0.33,22.8,88.3,17482,5247,11,110,12,1,15,3,2.84,0.54,10,119,19,1165,7,85.7,6,2307,1041,13,6,823,683,183,8,34,15,49,22,1,14,11,4,28,101,78.3,6,0,14,21,1
Fabiano Parisi,ITA,DF,Fiorentina,Serie A,24,2000,16,4,526.0,5.8,23.4,0.34,1,1,0,1,0.2,0.4,0.2,0.2,0.4,4,1,5,4,80.0,0.86,0.2,20.7,79.7,2693,947,2,15,4,0,9,2,0.69,0.17,9,21,13,277,16,43.8,7,807,403,10,9,147,123,71,7,12,6,18,11,0,6,6,3,8,28,47.1,1,0,9,21,0
Thomas Partey,GHA,MF,Arsenal,Premier League,31,1993,24,21,1928.0,21.4,85.7,0.89,3,3,2,5,1.6,1.6,1.6,1.6,3.2,41,12,19,6,31.6,0.89,0.16,19.0,87.4,18421,5023,13,102,25,5,8,2,1.91,0.56,20,129,29,1508,18,50.0,9,4057,2063,17,11,1050,804,382,22,67,27,94,37,4,16,30,17,42,103,60.0,2,0,31,24,1
Mario Pašalić,CRO,MF,Atalanta,Serie A,30,1995,22,16,1355.0,15.1,60.2,0.66,2,2,2,4,5.5,1.5,2.4,4.7,7.1,51,5,36,7,19.4,2.39,0.06,13.3,89.1,15883,4436,24,100,17,2,4,1,3.39,0.33,29,102,47,1165,12,25.0,3,4110,1946,19,19,901,704,281,55,20,9,29,21,1,16,10,2,14,80,50.0,1,0,14,5,1
Álvaro Pascual,ESP,FW,Sevilla,La Liga,23,2002,2,0,62.0,0.7,2.9,2.9,0,0,0,0,0.0,0.0,0.0,0.0,0.0,0,0,0,0,0.0,0.0,0.0,0.0,69.2,174,41,0,2,0,0,1,0,0.0,0.0,1,0,2,17,0,0.0,0,37,11,1,0,10,6,10,1,1,2,3,0,0,0,0,1,0,4,33.3,1,0,1,1,0
Felix Passlack,GER,DF,Bochum,Bundesliga,26,1998,20,20,1601.0,17.8,80.9,-1.41,0,0,3,3,0.8,2.6,2.3,0.8,3.2,33,4,18,3,16.7,1.01,0.0,21.8,64.6,8444,3073,16,51,18,1,83,7,1.86,0.22,34,52,76,914,25,40.0,10,2083,1034,15,8,451,398,275,29,38,12,50,44,1,32,10,5,18,86,33.3,4,0,24,17,2
Patric,ESP,DF,Lazio,Serie A,31,1993,8,5,585.0,6.5,26.0,-0.15,1,1,0,1,1.1,0.1,0.0,1.1,1.1,10,0,2,1,50.0,0.31,0.5,5.1,88.6,7268,2126,1,22,1,0,2,1,1.54,0.0,4,28,5,431,0,0.0,0,1466,759,2,0,313,225,17,4,7,3,10,18,1,1,2,0,4,26,53.8,2,0,4,4,0
Rui Patrício,POR,GK,Atalanta,Serie A,37,1988,2,2,180.0,2.0,8.0,2.5,0,0,0,0,0.0,0.0,0.0,0.0,0.0,0,0,0,0,0.0,0.0,0.0,0.0,88.7,1307,770,0,0,0,0,0,0,0.0,0.0,0,0,0,68,0,0.0,0,222,128,0,0,34,0,0,0,0,0,0,3,0,0,0,0,0,5,0.0,0,0,0,0,0
Nathan Patterson,SCO,DF,Everton,Premier League,23,2001,7,0,129.0,1.4,5.7,-0.7,0,0,0,0,0.1,0.3,0.3,0.1,0.4,6,0,1,0,0.0,0.7,0.0,16.8,73.2,1024,455,2,7,4,1,6,2,4.19,0.0,4,7,7,99,7,85.7,6,186,105,3,1,52,45,36,3,3,0,3,3,0,2,2,0,1,6,20.0,0,0,0,1,0
Benjamin Pavard,FRA,DF,Inter,Serie A,28,1996,16,12,1125.0,12.5,50.0,0.88,0,0,1,1,0.4,0.7,0.4,0.4,0.8,19,1,5,0,0.0,0.4,0.0,11.8,91.9,14390,4207,6,65,7,0,8,2,1.52,0.08,12,67,20,954,2,0.0,0,3668,1751,3,0,760,509,127,30,23,12,35,25,0,11,10,3,13,28,48.9,3,0,15,7,1
Aleksandar Pavlovic,GER,MF,Bayern,Bundesliga,20,2004,14,13,951.0,10.6,48.0,1.99,1,1,0,1,0.4,1.2,0.1,0.4,0.5,17,1,7,3,42.9,0.66,0.14,20.9,93.8,15107,3575,3,117,8,2,4,1,1.61,0.09,7,81,29,1110,3,100.0,3,2823,1224,11,1,933,737,258,10,27,3,30,9,0,16,12,8,14,49,46.2,2,0,11,5,0
Strahinja Pavlović,SRB,DF,Milan,Serie A,23,2001,13,10,924.0,10.3,42.8,0.58,1,1,1,2,1.0,0.2,1.1,1.0,2.0,16,2,7,3,42.9,0.68,0.14,13.1,89.1,10424,3629,6,45,3,0,3,0,1.56,0.19,19,52,2,786,7,28.6,2,2790,1696,11,2,565,381,40,7,26,8,34,37,0,8,9,0,16,34,59.5,2,0,8,9,1
Leonardo Pavoletti,ITA,FW,Cagliari,Serie A,36,1988,18,0,290.0,3.2,12.9,-0.62,1,1,0,1,1.7,0.5,0.9,1.7,2.6,13,0,14,5,35.7,4.34,0.07,12.6,60.9,873,292,8,7,5,0,0,0,4.01,0.0,1,14,17,150,1,0.0,0,118,54,11,0,112,71,71,23,0,0,0,1,0,1,0,0,0,8,53.3,2,0,15,3,5
Martín Payero,ARG,MF,Udinese,Serie A,26,1998,16,12,974.0,10.8,43.3,-0.28,1,1,1,2,0.8,0.8,0.9,0.8,1.6,27,5,19,3,15.8,1.76,0.05,21.6,80.2,4439,883,7,34,6,1,22,5,2.5,0.46,21,36,27,457,40,50.0,20,1523,725,20,9,261,252,144,16,15,10,25,11,0,10,8,6,9,51,45.5,2,0,23,24,0
Nicolas Pays,FRA,FW,Montpellier,Ligue 1,21,2003,2,0,51.0,0.6,2.6,-3.53,0,0,0,0,0.8,0.0,0.0,0.8,0.8,1,0,1,0,0.0,1.76,0.0,4.1,86.4,288,101,0,1,1,0,1,0,1.76,0.0,3,4,7,30,2,50.0,1,191,98,1,0,23,13,16,3,2,2,4,1,0,0,2,0,1,3,66.7,0,0,0,1,0
Nicolás Paz,ARG,MF,Como,Serie A,20,2004,23,19,1727.0,19.2,76.8,-0.16,6,6,3,9,7.4,2.7,3.8,6.6,10.4,100,7,77,28,36.4,4.01,0.08,19.9,79.0,8437,2609,40,61,28,9,39,2,5.21,0.36,56,102,98,1081,96,51.0,49,4112,1916,75,28,781,503,447,65,33,18,51,9,0,33,16,6,20,86,57.9,3,0,29,22,2
Mads Pedersen,DEN,DF,Augsburg,Bundesliga,28,1996,6,2,233.0,2.6,11.8,-1.55,0,0,0,0,0.1,0.2,0.0,0.1,0.1,4,0,2,0,0.0,0.77,0.0,17.1,77.5,1315,613,0,7,2,0,5,0,1.55,0.0,1,11,10,118,7,28.6,2,250,111,4,1,57,43,46,5,6,2,8,5,0,4,1,1,5,11,33.3,0,0,5,1,1
Marcus Pedersen,NOR,DF,Torino,Serie A,24,2000,20,12,1066.0,11.8,47.4,-0.34,0,0,0,0,0.5,0.3,0.4,0.5,0.9,12,0,7,2,28.6,0.59,0.0,17.1,70.8,4103,998,6,7,5,0,43,5,1.01,0.0,36,12,68,486,20,30.0,6,1729,862,16,12,291,181,204,24,9,10,19,27,0,9,4,1,5,28,30.0,3,0,13,5,4
Pedri,ESP,MF,Barcelona,La Liga,22,2002,22,20,1695.0,18.8,81.9,1.43,4,4,3,7,1.8,5.7,4.6,1.8,6.4,85,9,17,9,52.9,0.9,0.24,18.7,86.7,20344,5181,40,157,41,16,28,2,4.51,0.48,49,186,73,1562,33,69.7,23,5396,2597,35,18,1186,936,491,34,34,12,46,14,1,26,20,5,17,133,33.3,2,0,7,32,1
Pedro,ESP,FW,Lazio,Serie A,37,1987,18,5,672.0,7.5,29.9,0.67,5,5,0,5,2.4,1.2,0.9,2.4,3.3,26,2,18,6,33.3,2.41,0.28,18.3,83.3,4573,931,11,27,13,6,25,2,3.49,0.27,22,40,50,414,19,47.4,9,1517,728,15,14,314,205,165,31,15,2,17,2,0,6,8,4,10,38,25.0,2,0,14,12,1
Kévin Pedro,FRA,DF,Saint-Etienne,Ligue 1,18,2006,1,0,10.0,0.1,0.5,0.0,0,0,0,0,0.0,0.0,0.0,0.0,0.0,0,0,0,0,0.0,0.0,0.0,0.0,54.5,89,35,0,0,0,0,1,0,0.0,0.0,2,0,1,17,1,100.0,1,60,38,0,0,4,8,1,0,3,2,5,1,0,1,1,0,0,2,0.0,0,0,1,0,0
Adrià Pedrosa,ESP,DF,Sevilla,La Liga,26,1998,18,16,1341.0,14.9,62.1,0.0,1,1,1,2,0.3,0.8,0.6,0.3,0.9,25,3,10,2,20.0,0.67,0.1,26.8,73.9,8706,3115,9,38,11,1,53,6,1.68,0.2,23,47,58,874,20,45.0,9,1968,1035,20,11,484,375,213,9,32,12,44,44,0,25,5,5,22,55,20.7,6,0,23,13,1
Jordan Pefok,USA,FW,Union Berlin,Bundesliga,28,1996,18,10,908.0,10.1,45.9,-0.4,0,0,1,1,3.2,0.4,0.9,3.2,4.1,26,0,23,7,30.4,2.28,0.0,12.2,69.1,1569,321,14,7,2,0,0,0,2.58,0.0,3,12,40,326,13,53.8,7,535,204,24,17,212,157,122,43,11,4,15,18,0,9,0,5,6,31,55.7,2,0,22,15,7
Pejiño,ESP,FW,Las Palmas,La Liga,28,1996,1,0,16.0,0.2,0.7,0.0,0,0,0,0,0.0,0.0,0.0,0.0,0.0,1,0,1,0,0.0,5.63,0.0,24.6,85.7,87,22,0,0,1,0,1,0,5.63,0.0,1,1,2,9,0,0.0,0,57,17,1,0,7,3,4,0,1,0,1,0,0,0,1,0,1,2,0.0,0,0,1,0,0
Pietro Pellegri,ITA,FW,Empoli,Serie A,23,2001,11,5,414.0,4.6,0.0,0.0,3,3,0,3,0.3,0.2,0.6,0.3,0.9,15,2,8,4,50.0,1.74,0.38,18.5,69.4,725,123,7,3,2,0,3,0,3.27,0.44,12,8,28,128,14,35.7,5,682,215,16,15,91,66,58,14,7,0,7,3,0,2,6,1,2,15,13.0,2,0,10,5,1
Lorenzo Pellegrini,ITA,MF,Roma,Serie A,28,1996,19,14,1250.0,13.9,55.6,-0.43,2,1,1,3,4.1,1.7,1.7,3.3,4.9,45,4,30,10,33.3,2.16,0.03,19.1,78.7,6355,1422,21,26,16,3,38,0,3.24,0.29,17,47,70,618,19,47.4,9,2000,843,21,15,446,293,247,34,17,4,21,18,0,5,10,3,12,47,36.0,4,0,22,18,3
Luca Pellegrini,ITA,DF,Lazio,Serie A,25,1999,14,5,545.0,6.1,24.2,0.5,0,0,1,1,0.2,0.6,0.8,0.2,1.0,24,8,7,2,28.6,1.16,0.0,27.8,74.2,4601,1876,11,37,10,0,41,4,3.96,1.32,13,38,28,427,16,43.8,7,1079,646,11,6,258,198,129,5,12,12,24,15,0,7,6,1,7,28,45.5,2,0,12,8,0
Théo Pellenard,FRA,DF,Auxerre,Ligue 1,30,1994,2,0,45.0,0.5,2.3,2.0,0,0,0,0,0.0,0.1,0.0,0.0,0.0,1,0,0,0,0.0,0.0,0.0,0.0,75.0,239,37,0,1,1,0,2,1,2.0,0.0,1,1,1,28,0,0.0,0,25,17,1,0,11,8,7,0,3,0,3,3,0,1,1,0,2,0,0.0,0,0,4,1,0
Andy Pelmard,FRA,DF,Lecce,Serie A,24,2000,3,1,129.0,1.4,5.7,-2.79,0,0,0,0,0.0,0.0,0.0,0.0,0.0,1,0,0,0,0.0,0.0,0.0,0.0,79.4,525,145,0,0,0,0,0,0,0.7,0.0,1,1,0,48,1,100.0,1,72,24,0,0,19,20,7,0,6,0,6,5,0,1,1,0,6,4,0.0,1,0,2,0,0
Andy Pelmard,FRA,DF,Las Palmas,La Liga,24,2000,4,2,205.0,2.3,5.7,-2.79,0,0,0,0,0.0,0.0,0.0,0.0,0.1,1,0,0,0,0.0,0.0,0.0,0.0,79.4,525,145,0,0,0,0,0,0,0.7,0.0,1,13,5,48,1,100.0,1,72,24,0,0,19,20,7,0,6,0,6,5,0,1,1,0,6,4,0.0,1,0,2,0,0
Timothee Pembele,FRA,DF,Le Havre,Ligue 1,22,2002,10,8,690.0,7.7,34.8,-1.96,0,0,0,0,0.2,0.1,0.0,0.2,0.2,5,0,2,1,50.0,0.26,0.0,14.4,78.4,3920,1428,1,11,3,0,24,2,0.65,0.0,16,22,35,411,21,52.4,11,1188,632,11,6,249,155,89,11,13,5,18,28,0,12,5,1,9,29,42.9,1,0,6,5,0
Faris Pemi Moumbagna,CMR,FW,Marseille,Ligue 1,24,2000,1,0,8.0,0.1,0.4,0.0,0,0,0,0,0.0,0.0,0.0,0.0,0.0,0,0,0,0,0.0,0.0,0.0,0.0,0.0,0,0,0,0,0,0,0,0,0.0,0.0,0,0,0,0,0,0.0,0,2,0,0,1,1,0,0,0,0,0,0,0,0,0,0,0,0,0,0.0,0,0,1,0,0
Iñaki Peña,ESP,GK,Barcelona,La Liga,25,1999,15,14,1306.0,14.5,63.1,1.03,0,0,0,0,0.0,0.0,0.0,0.0,0.0,1,1,0,0,0.0,0.0,0.0,0.0,88.6,11685,6528,0,0,0,0,0,0,0.07,0.07,0,3,0,624,0,0.0,0,1656,939,0,0,338,16,0,0,0,0,0,20,1,0,0,0,0,63,100.0,1,0,0,0,0
Rubén Peña,ESP,FW,Osasuna,La Liga,33,1991,17,5,541.0,6.0,25.0,-0.5,0,0,0,0,0.6,0.5,0.3,0.6,0.9,12,0,8,2,25.0,1.33,0.0,15.6,55.0,1470,660,9,7,4,0,32,2,2.0,0.0,13,13,34,254,21,38.1,8,726,331,18,9,148,95,122,15,6,4,10,10,0,8,1,4,0,22,25.0,1,0,11,4,0
Nicolas Pépé,CIV,FW,Villarreal,La Liga,29,1995,16,7,738.0,8.2,34.2,0.49,1,1,2,3,2.1,0.9,1.1,2.1,3.2,23,3,24,11,45.8,2.93,0.04,16.8,81.1,3434,637,9,16,10,1,11,1,2.81,0.37,36,31,75,425,30,43.3,13,1914,1078,26,10,332,152,243,44,5,3,8,5,0,3,2,2,2,27,42.9,1,0,7,9,6
Peque,ESP,FW,Sevilla,La Liga,22,2002,17,10,791.0,8.8,36.6,0.11,0,0,1,1,1.4,0.8,1.2,1.4,2.6,24,2,10,2,20.0,1.14,0.0,15.6,79.9,2850,645,10,15,3,4,6,1,2.73,0.23,9,22,28,335,16,37.5,6,864,397,18,21,244,177,120,23,9,7,16,4,0,11,5,1,3,28,19.2,1,0,15,18,2
Óscar Perea,COL,MF,Strasbourg,Ligue 1,19,2005,1,0,7.0,0.1,0.4,0.0,0,0,0,0,0.0,0.0,0.0,0.0,0.0,0,0,0,0,0.0,0.0,0.0,0.0,100.0,76,6,0,0,0,0,0,0,0.0,0.0,1,1,2,5,1,100.0,1,33,11,1,0,4,4,1,0,0,0,0,0,0,0,0,0,0,1,0.0,0,0,0,0,1
Andreas Pereira,BRA,MF,Fulham,Premier League,29,1996,22,16,1283.0,14.3,57.0,0.14,2,2,2,4,3.0,3.2,3.0,2.2,5.2,75,5,25,8,32.0,1.75,0.08,22.2,70.2,8626,2722,38,45,15,2,107,4,5.27,0.35,14,76,48,793,17,35.3,6,1850,903,18,13,484,328,364,22,13,6,19,7,1,9,6,3,5,67,40.9,7,0,16,16,1
Mathias Pereira Lage,POR,FW,Brest,Ligue 1,28,1996,17,6,567.0,6.3,28.6,0.48,1,1,2,3,0.9,1.3,1.2,0.9,2.1,14,2,12,7,58.3,1.9,0.08,19.4,62.7,1729,633,7,10,5,1,27,3,2.22,0.32,8,12,33,273,11,18.2,2,559,237,15,10,141,116,107,12,16,8,24,11,0,7,5,4,11,29,45.5,2,0,14,12,1
Pedro Pereira,POR,DF,Monza,Serie A,27,1998,23,20,1630.0,18.1,72.4,-0.77,1,1,3,4,1.2,0.9,1.1,1.2,2.4,22,4,12,6,50.0,0.66,0.08,15.4,75.4,8100,2280,8,28,11,1,42,7,1.21,0.22,38,32,81,798,21,47.6,10,2122,1106,18,10,471,321,219,27,26,10,36,50,2,17,10,2,17,60,41.5,7,0,30,5,0
Ricardo Pereira,POR,DF,Leicester City,Premier League,31,1993,2,2,146.0,1.6,6.5,-1.85,0,0,0,0,0.0,0.0,0.0,0.0,0.0,2,0,0,0,0.0,0.0,0.0,0.0,86.4,1120,367,0,8,0,0,1,0,1.23,0.0,1,5,3,97,0,0.0,0,123,33,1,0,55,56,13,1,3,1,4,0,0,3,1,2,2,8,0.0,1,0,1,3,0
Gastón Pereiro,URU,MF,Genoa,Serie A,29,1995,2,0,31.0,0.3,1.4,2.9,0,0,0,0,0.0,0.0,0.0,0.0,0.0,1,0,0,0,0.0,0.0,0.0,0.0,73.3,139,33,0,1,0,0,1,0,2.9,0.0,0,2,2,17,0,0.0,0,22,6,0,0,13,6,8,2,1,0,1,1,0,0,1,0,0,0,50.0,0,0,0,1,0
Daniel Peretz,ISR,GK,Bayern,Bundesliga,24,2000,3,3,270.0,3.0,13.6,1.67,0,0,0,0,0.0,0.0,0.0,0.0,0.0,0,0,0,0,0.0,0.0,0.0,0.0,76.7,1811,1173,0,0,0,1,0,0,0.0,0.0,0,1,0,106,0,0.0,0,338,177,0,0,77,9,0,0,0,0,0,2,0,0,0,0,0,10,0.0,1,0,0,2,0
Ayoze Pérez,ESP,FW,Villarreal,La Liga,31,1993,17,10,987.0,11.0,45.7,0.64,10,10,0,10,6.2,0.9,1.5,6.2,7.7,37,2,39,13,33.3,3.56,0.26,14.6,77.6,2391,625,18,17,9,3,10,4,3.31,0.18,35,34,62,344,39,41.0,16,1400,782,31,15,254,143,172,71,16,3,19,8,0,10,9,3,9,32,36.8,3,0,13,26,5
Carles Pérez,ESP,MF,Getafe,La Liga,27,1998,20,14,1254.0,13.9,58.1,-0.07,2,2,0,2,2.2,1.1,1.5,2.2,3.6,35,0,30,8,26.7,2.15,0.07,21.2,65.7,2808,722,16,15,13,1,38,7,2.51,0.0,24,17,66,463,41,41.5,17,1757,758,26,15,267,165,241,35,29,6,35,19,0,15,12,6,21,43,35.3,2,0,36,7,1
Francisco Perez,ESP,FW,Valencia,La Liga,22,2002,12,3,299.0,3.3,13.8,-1.2,0,0,0,0,0.1,1.3,2.1,0.1,2.2,8,0,4,1,25.0,1.2,0.0,20.1,77.2,1277,296,4,5,5,1,12,1,2.41,0.0,9,9,37,156,9,55.6,5,706,289,8,4,117,59,77,7,4,1,5,4,0,4,2,0,4,10,0.0,1,0,2,7,0
Kike Pérez,ESP,MF,Venezia,Serie A,28,1997,2,1,108.0,1.2,5.0,0.0,0,0,0,0,0.2,0.7,0.5,0.2,0.7,6,0,4,1,25.0,3.33,0.0,20.7,82.6,1370,451,4,7,3,0,9,2,5.0,0.0,0,8,5,103,1,100.0,1,347,111,3,2,69,58,29,2,1,3,4,1,0,1,0,0,1,5,80.0,0,0,1,1,0
Kike Pérez,ESP,MF,Valladolid,La Liga,28,1997,19,14,1191.0,13.2,5.0,0.0,2,2,0,2,2.1,0.7,1.0,2.1,3.1,6,0,4,1,25.0,3.33,0.0,20.7,82.6,1370,451,4,7,3,0,9,2,5.0,0.0,19,67,28,103,1,100.0,1,347,111,3,2,69,58,29,2,1,3,4,1,0,1,0,0,1,5,80.0,0,0,1,1,0
Luis Pérez,ESP,DF,Valladolid,La Liga,30,1995,23,23,2030.0,22.6,94.0,-1.46,0,0,0,0,0.1,2.1,1.7,0.1,1.8,41,2,3,1,33.3,0.13,0.0,25.7,75.6,12804,4818,20,44,27,2,81,24,1.82,0.09,30,67,92,1153,15,40.0,6,2296,1144,23,5,626,491,276,7,33,24,57,65,0,23,7,5,23,67,27.5,2,0,12,20,3
Nehuén Pérez,ARG,DF,Udinese,Serie A,24,2000,2,2,180.0,2.0,8.0,0.5,0,0,0,0,0.0,0.0,0.0,0.0,0.0,0,0,0,0,0.0,0.0,0.0,0.0,81.7,1023,477,0,5,0,0,0,0,0.0,0.0,2,4,2,74,1,100.0,1,151,78,0,0,34,31,4,1,1,1,2,7,0,2,0,1,1,6,75.0,0,0,3,2,0
Simone Perilli,ITA,GK,Hellas Verona,Serie A,30,1995,1,1,90.0,1.0,4.0,-1.0,0,0,0,0,0.0,0.0,0.0,0.0,0.0,0,0,0,0,0.0,0.0,0.0,0.0,39.1,367,314,0,1,0,0,0,0,0.0,0.0,0,0,0,27,0,0.0,0,81,67,0,0,7,1,0,0,0,0,0,1,0,0,0,0,0,1,100.0,0,0,0,0,0
Mattia Perin,ITA,GK,Juventus,Serie A,32,1992,5,5,450.0,5.0,20.0,1.0,0,0,0,0,0.0,0.0,0.0,0.0,0.0,0,0,0,0,0.0,0.0,0.0,0.0,79.7,3391,1965,0,2,0,0,0,0,0.0,0.0,0,0,0,185,0,0.0,0,703,460,0,0,110,0,0,0,0,0,0,2,0,0,0,0,0,6,100.0,0,0,0,0,0
Romain Perraud,FRA,DF,Betis,La Liga,27,1997,20,16,1417.0,15.7,65.6,0.0,1,1,0,1,0.3,1.0,0.9,0.3,1.2,22,1,12,3,25.0,0.76,0.08,23.7,78.3,9314,3142,9,46,9,0,52,7,1.4,0.06,39,45,83,1035,27,33.3,9,2782,1423,24,11,593,424,303,17,27,18,45,51,1,14,12,4,17,71,38.9,5,1,22,30,5
Lucas Perri,BRA,GK,Lyon,Ligue 1,27,1997,22,22,1980.0,22.0,100.0,0.59,0,0,0,0,0.0,0.0,0.0,0.0,0.0,3,0,0,0,0.0,0.0,0.0,0.0,74.4,13285,8958,1,20,0,0,0,0,0.14,0.0,0,0,0,759,0,0.0,0,2042,1443,0,1,369,6,0,0,1,0,1,14,1,1,0,0,1,23,100.0,1,0,1,4,0
Gaëtan Perrin,FRA,MF,Auxerre,Ligue 1,28,1996,22,19,1629.0,18.1,82.3,-0.44,7,7,6,13,3.8,2.5,4.9,3.8,8.7,65,10,37,19,51.4,2.04,0.19,19.6,70.4,7491,2816,38,50,15,3,89,4,3.59,0.55,37,75,84,791,71,42.3,30,2711,1420,20,37,512,355,356,53,41,10,51,3,0,9,10,11,22,78,23.1,1,0,14,10,5
Máximo Perrone,ARG,MF,Como,Serie A,22,2003,14,11,990.0,11.0,44.0,0.0,0,0,1,1,0.7,0.6,0.7,0.7,1.4,26,1,6,0,0.0,0.55,0.0,22.0,89.6,10193,3396,16,51,10,2,2,0,2.36,0.09,11,51,8,797,2,50.0,1,2110,951,12,10,619,491,124,11,18,10,28,20,0,7,8,1,13,55,38.5,3,0,18,6,0
Matteo Pessina,ITA,MF,Monza,Serie A,27,1997,11,10,854.0,9.5,38.0,-0.21,0,0,0,0,0.2,0.2,0.1,0.2,0.3,9,1,3,0,0.0,0.32,0.0,24.2,86.5,7412,1478,4,31,4,0,6,1,0.95,0.11,8,28,20,559,10,50.0,5,1750,735,9,13,397,317,91,5,15,12,27,7,0,6,11,1,4,58,55.6,2,0,5,13,0
Andrea Petagna,ITA,FW,Monza,Serie A,29,1995,7,2,214.0,2.4,9.5,-1.26,0,0,0,0,0.2,0.0,0.0,0.2,0.2,0,0,4,0,0.0,1.68,0.0,14.6,59.6,419,45,0,2,0,0,1,0,0.0,0.0,2,1,10,77,4,50.0,2,241,67,7,3,55,39,24,10,1,1,2,2,0,0,1,0,0,6,35.0,1,0,5,4,2
Léo Pétrot,FRA,DF,Saint-Etienne,Ligue 1,27,1997,19,17,1558.0,17.3,78.7,-1.1,0,0,1,1,0.4,0.5,0.4,0.4,0.8,16,1,4,1,25.0,0.23,0.0,10.4,79.7,10054,3876,6,37,8,1,20,4,0.92,0.06,13,38,54,993,9,66.7,6,1603,734,16,11,556,370,171,11,45,26,71,66,0,30,15,2,28,74,46.3,3,0,13,15,1
Đorđe Petrović,SRB,GK,Strasbourg,Ligue 1,25,1999,19,19,1710.0,19.0,86.4,0.21,0,0,0,0,0.0,0.0,0.0,0.0,0.0,2,0,0,0,0.0,0.0,0.0,0.0,79.9,17953,11457,0,18,1,0,0,0,0.11,0.0,1,1,0,1006,0,0.0,0,2708,1486,0,0,686,11,0,0,1,0,1,15,0,0,0,0,1,33,100.0,1,0,0,2,0
Giuseppe Pezzella,ITA,DF,Empoli,Serie A,27,1997,23,22,1798.0,20.0,79.9,-0.35,0,0,2,2,0.4,2.2,2.0,0.4,2.4,32,4,10,2,20.0,0.5,0.0,20.5,66.5,9016,3689,19,34,15,0,121,11,1.6,0.2,54,53,93,1035,38,34.2,13,2797,1459,30,23,515,401,323,21,37,8,45,72,0,20,10,4,22,61,60.7,5,0,32,27,3
Luca Philipp,GER,GK,Hoffenheim,Bundesliga,24,2000,4,4,360.0,4.0,18.2,-1.0,0,0,0,0,0.0,0.0,0.0,0.0,0.0,0,0,0,0,0.0,0.0,0.0,0.0,65.9,2415,1839,0,3,0,0,0,0,0.0,0.0,0,0,0,142,0,0.0,0,370,188,0,0,55,4,0,0,0,0,0,0,0,0,0,0,0,3,0.0,0,0,0,0,0
Maximilian Philipp,GER,MF,Freiburg,Bundesliga,30,1994,2,0,17.0,0.2,0.9,-10.59,0,0,0,0,0.0,0.0,0.0,0.0,0.0,0,0,1,0,0.0,5.29,0.0,21.5,42.9,21,0,0,0,0,0,0,0,0.0,0.0,0,0,0,9,0,0.0,0,15,14,1,0,6,3,5,0,0,0,0,0,0,0,0,0,0,0,0.0,0,0,0,0,0
Kalvin Phillips,ENG,MF,Ipswich Town,Premier League,29,1995,14,11,951.0,10.6,42.3,-1.23,0,0,0,0,0.4,0.3,0.1,0.4,0.5,13,2,8,2,25.0,0.76,0.0,23.5,79.9,6561,1820,2,39,4,1,15,1,1.23,0.19,4,37,2,568,8,50.0,4,1245,476,19,8,309,294,95,4,27,16,43,30,1,26,16,5,15,55,28.6,4,1,25,17,0
Jaden Philogene Bidace,ENG,FW,Aston Villa,Premier League,23,2002,11,2,332.0,3.7,14.8,-0.81,0,0,0,0,0.5,0.2,0.3,0.5,0.8,5,0,7,0,0.0,1.9,0.0,16.0,73.3,850,161,1,1,3,1,4,0,1.36,0.0,7,4,17,145,15,26.7,4,520,239,7,3,83,54,66,14,11,3,14,2,1,5,7,0,5,21,0.0,4,1,12,8,1
Jaden Philogene Bidace,ENG,FW,Ipswich Town,Premier League,23,2002,3,1,133.0,1.5,14.8,-0.81,0,0,0,0,0.0,0.2,0.0,0.0,0.0,5,0,7,0,0.0,1.9,0.0,16.0,73.3,850,161,1,1,3,1,4,0,1.36,0.0,7,2,9,145,15,26.7,4,520,239,7,3,83,54,66,14,11,3,14,2,1,5,7,0,5,21,0.0,4,1,12,8,1
Pica,ESP,DF,Alaves,La Liga,23,2002,8,5,487.0,5.4,22.5,-0.18,0,0,0,0,0.3,0.0,0.0,0.3,0.4,2,0,4,1,25.0,0.74,0.0,10.7,76.8,3075,1318,1,13,1,0,2,0,0.37,0.0,3,15,0,256,1,100.0,1,703,479,2,1,131,116,8,5,9,8,17,23,0,7,2,0,7,12,63.0,1,0,6,3,0
Roberto Piccoli,ITA,FW,Cagliari,Serie A,24,2001,25,25,2080.0,23.1,92.4,-0.56,6,5,0,6,8.4,0.4,0.6,7.6,8.2,36,2,62,16,25.8,2.68,0.08,13.3,67.3,3217,607,10,26,5,0,4,0,1.56,0.09,16,27,112,616,40,20.0,8,1510,419,66,33,446,315,256,101,12,1,13,22,0,10,6,4,9,35,43.9,3,0,37,35,17
Benedikt Pichler,AUT,FW,Holstein Kiel,Bundesliga,27,1997,16,7,743.0,8.3,37.5,-1.57,1,1,2,3,2.2,0.9,1.1,2.2,3.2,28,3,18,8,44.4,2.18,0.06,13.9,62.8,1811,307,11,11,7,2,9,2,3.39,0.36,16,17,51,292,17,47.1,8,811,372,21,12,214,144,120,38,5,2,7,11,0,4,0,4,2,15,58.6,1,0,13,16,12
Jordan Pickford,ENG,GK,Everton,Premier League,30,1994,25,25,2250.0,25.0,100.0,-0.16,0,0,1,1,0.0,0.2,0.4,0.0,0.4,6,1,0,0,0.0,0.0,0.0,0.0,64.4,22176,17011,2,51,6,0,0,0,0.24,0.04,0,0,0,1120,0,0.0,0,3699,2146,1,0,529,57,0,0,1,1,2,23,1,0,0,0,0,27,80.0,6,0,0,6,0
Amos Pieper,GER,DF,Werder Bremen,Bundesliga,27,1998,11,4,459.0,5.1,23.2,-1.96,0,0,0,0,0.2,0.2,0.5,0.2,0.7,1,0,2,0,0.0,0.39,0.0,22.9,81.8,4408,1434,1,5,4,0,1,1,0.2,0.0,1,11,0,340,1,100.0,1,557,202,1,0,210,129,21,1,9,11,20,20,0,9,1,2,3,14,44.8,0,0,2,3,0
Marvin Pieringer,GER,FW,Heidenheim,Bundesliga,25,1999,19,15,1269.0,14.1,64.1,-0.43,4,3,2,6,4.9,1.2,2.2,4.1,6.3,38,3,34,10,29.4,2.41,0.09,14.7,62.8,2877,804,16,27,6,1,8,0,2.69,0.21,11,41,62,505,20,50.0,10,1133,422,40,15,350,252,196,56,16,6,22,18,0,17,7,4,9,42,39.6,6,0,35,30,10
Nicholas Pierini,ITA,MF,Venezia,Serie A,26,1998,2,0,83.0,0.9,3.8,-1.08,0,0,0,0,0.0,0.1,0.1,0.0,0.1,2,0,1,0,0.0,1.08,0.0,32.9,75.0,210,65,2,1,0,0,3,0,2.17,0.0,1,2,4,28,1,0.0,0,79,21,2,3,18,10,12,3,0,0,0,0,0,2,0,0,0,2,25.0,0,0,1,2,0
Santiago Pierotti,ARG,FW,Lecce,Serie A,23,2001,24,12,1273.0,14.1,56.6,-0.64,4,4,2,6,2.3,0.8,1.5,2.3,3.8,32,2,24,7,29.2,1.7,0.17,15.7,72.5,2854,723,18,16,6,2,13,3,2.26,0.14,33,23,57,475,35,42.9,15,1562,827,33,19,268,214,181,59,26,9,35,21,0,17,10,3,16,73,45.5,4,0,39,9,8
Balthazar Pierret,FRA,MF,Lecce,Serie A,24,2000,20,14,1106.0,12.3,49.2,-1.46,0,0,0,0,0.1,0.4,0.3,0.1,0.4,25,0,3,0,0.0,0.24,0.0,22.3,85.2,7174,2171,6,47,3,0,8,1,2.03,0.0,9,57,11,678,14,50.0,7,1646,718,16,5,434,433,85,7,35,7,42,25,1,14,15,2,20,59,40.0,2,0,21,15,0
Andrea Pinamonti,ITA,FW,Genoa,Serie A,25,1999,23,22,1882.0,20.9,87.1,-0.53,7,7,1,8,5.8,1.0,1.4,5.1,6.5,35,3,57,19,33.3,2.73,0.12,15.8,62.2,3970,546,10,15,3,2,13,1,1.67,0.14,12,24,90,631,12,25.0,3,1085,309,42,24,466,335,244,84,5,1,6,19,2,11,4,1,3,33,45.4,3,0,12,28,10
Ethan Pinnock,JAM,DF,Brentford,Premier League,31,1993,17,16,1471.0,16.3,65.4,0.12,2,2,0,2,0.9,0.6,1.2,0.9,2.0,19,0,9,6,66.7,0.55,0.22,11.2,84.1,13252,4738,8,38,4,0,8,1,1.16,0.0,2,33,8,1065,9,33.3,3,2465,1201,1,4,597,354,99,21,30,19,49,107,3,25,13,3,16,42,59.3,2,0,7,3,0
Yeremi Pino,ESP,MF,Villarreal,La Liga,22,2002,21,15,1171.0,13.0,54.2,0.61,1,1,4,5,2.4,2.4,3.5,2.4,5.9,45,8,20,3,15.0,1.54,0.05,12.3,73.5,4600,1265,24,20,17,3,32,5,3.46,0.62,27,35,140,582,33,51.5,17,1811,949,33,17,402,207,294,66,34,4,38,9,0,22,22,5,20,54,43.8,6,0,26,21,8
Niccolò Pisilli,ITA,MF,Roma,Serie A,20,2004,20,10,1002.0,11.1,44.5,0.18,2,2,1,3,1.7,0.9,0.6,1.7,2.3,26,4,21,7,33.3,1.89,0.1,18.3,82.3,5655,1384,8,45,8,2,10,2,2.33,0.36,19,50,39,551,10,40.0,4,1533,739,24,11,394,304,172,29,17,9,26,15,0,11,5,3,9,42,18.2,6,0,14,11,1
Semuel Pizzignacco,ITA,GK,Monza,Serie A,23,2001,5,4,384.0,4.3,17.1,-1.17,0,0,0,0,0.0,0.0,0.0,0.0,0.0,0,0,0,0,0.0,0.0,0.0,0.0,76.1,3051,2195,0,0,0,0,0,0,0.0,0.0,0,0,0,150,0,0.0,0,316,198,0,0,72,3,1,0,0,0,0,3,0,0,0,0,0,3,100.0,0,0,0,1,0
Alassane Pléa,FRA,MF,Gladbach,Bundesliga,31,1993,19,16,1199.0,13.3,60.6,0.3,6,6,2,8,4.1,1.9,2.0,4.1,6.1,43,10,24,7,29.2,1.8,0.25,14.2,71.5,5963,1945,15,54,20,14,29,4,3.23,0.75,34,74,91,642,34,44.1,15,2071,1165,26,15,522,327,270,46,6,2,8,4,1,7,2,4,3,41,34.5,1,0,11,22,6
Tommaso Pobega,ITA,MF,Bologna,Serie A,25,1999,11,9,741.0,8.2,34.3,0.49,2,2,1,3,1.7,0.3,0.3,1.5,1.8,17,2,18,8,44.4,2.19,0.11,20.0,81.9,3682,879,7,27,2,1,3,1,2.06,0.24,7,21,13,367,5,60.0,3,804,353,7,4,223,217,85,13,21,10,31,10,0,12,9,4,14,28,58.8,6,2,21,7,0
Daniel Podence,POR,MF,Wolves,Premier League,29,1995,2,0,48.0,0.5,2.1,-3.75,0,0,0,0,0.0,0.0,0.0,0.0,0.0,0,0,1,0,0.0,1.87,0.0,24.4,68.8,132,78,0,1,1,0,1,0,0.0,0.0,1,2,3,20,2,100.0,2,77,43,0,0,17,11,7,0,0,0,0,0,0,0,0,0,0,1,0.0,0,0,0,2,0
Joel Pohjanpalo,FIN,FW,Venezia,Serie A,30,1994,20,19,1603.0,17.8,74.2,-0.62,6,3,0,6,7.5,1.0,1.7,4.3,6.0,33,3,34,13,38.2,1.91,0.09,16.9,60.3,3005,737,15,25,7,3,3,0,1.85,0.17,9,29,72,491,10,30.0,3,957,367,23,11,343,240,187,66,3,4,7,24,0,7,2,0,3,20,43.8,1,0,12,15,10
Matteo Politano,ITA,FW,Napoli,Serie A,31,1993,24,21,1735.0,19.3,77.1,0.88,2,2,2,4,1.9,3.8,3.2,1.9,5.2,65,7,33,6,18.2,1.71,0.06,20.5,68.8,8962,3080,34,43,37,1,146,14,3.38,0.36,74,92,175,956,51,33.3,17,3911,1973,26,13,698,322,502,50,18,9,27,32,0,14,8,0,9,60,38.5,2,0,9,22,5
Alfie Pond,ENG,DF,Wolves,Premier League,20,2004,1,0,1.0,0.0,0.0,0.0,0,0,0,0,0.0,0.0,0.0,0.0,0.0,0,0,0,0,0.0,0.0,0.0,0.0,100.0,23,0,0,0,0,0,0,0,0.0,0.0,0,0,0,1,0,0.0,0,2,2,0,0,1,1,0,0,0,0,0,0,0,0,0,0,0,0,0.0,0,0,0,0,0
Marin Pongračić,CRO,DF,Fiorentina,Serie A,27,1997,8,5,537.0,6.0,23.9,0.34,0,0,0,0,0.1,0.2,0.0,0.1,0.2,4,0,1,1,100.0,0.17,0.0,4.8,88.8,4318,1336,2,9,2,0,0,0,0.67,0.0,0,9,0,311,3,100.0,3,1093,422,4,4,179,106,10,3,7,4,11,35,1,9,1,0,4,24,70.6,2,1,7,1,0
Nick Pope,ENG,GK,Newcastle,Premier League,32,1992,15,15,1350.0,15.0,60.0,-0.13,0,0,0,0,0.0,0.0,0.0,0.0,0.0,3,0,0,0,0.0,0.0,0.0,0.0,71.2,7842,4985,0,1,0,0,0,0,0.2,0.0,0,0,0,492,0,0.0,0,1444,943,0,1,170,7,0,0,0,1,1,16,4,1,0,0,0,9,85.7,2,0,0,0,0
Finn Porath,GER,DF,Holstein Kiel,Bundesliga,27,1997,22,18,1625.0,18.1,82.1,-1.27,2,2,2,4,1.8,1.3,1.8,1.7,3.6,50,9,23,10,43.5,1.27,0.09,19.7,66.1,8004,2898,18,42,17,0,65,8,2.77,0.5,38,47,55,822,26,50.0,13,2014,1077,13,12,417,331,226,31,38,18,56,56,0,22,12,5,21,63,46.3,3,0,23,32,0
Pedro Porro,ESP,DF,Tottenham,Premier League,25,1999,25,22,2078.0,23.1,92.4,0.43,2,2,5,7,1.5,3.1,2.7,1.5,4.2,78,7,35,8,22.9,1.52,0.06,22.8,73.2,18616,7292,37,100,45,4,142,18,3.38,0.3,53,126,86,1756,28,35.7,10,4258,2198,18,16,1010,623,627,27,53,28,81,69,1,37,18,9,38,121,32.3,2,0,17,22,1
Portu,ESP,FW,Girona,La Liga,32,1992,14,1,277.0,3.1,12.8,-0.65,0,0,1,1,0.0,0.5,0.4,0.0,0.5,7,2,1,0,0.0,0.32,0.0,23.3,72.4,958,193,4,6,2,0,14,0,2.27,0.65,5,8,32,126,2,50.0,1,295,166,3,0,83,48,64,9,7,0,7,1,0,5,3,2,2,9,33.3,4,0,6,6,5
Stefan Posch,AUT,DF,Bologna,Serie A,27,1997,14,7,714.0,7.9,33.1,-0.13,0,0,0,0,0.3,0.5,0.7,0.3,1.0,18,1,2,0,0.0,0.25,0.0,20.5,78.4,7784,2928,10,40,11,0,18,7,2.26,0.13,11,36,35,602,11,27.3,3,1509,583,9,12,348,290,133,13,26,5,31,22,0,19,9,5,15,43,61.9,1,0,16,17,1
Stefan Posch,AUT,DF,Atalanta,Serie A,27,1997,2,2,180.0,2.0,33.1,-0.13,0,0,0,0,0.1,0.5,0.0,0.1,0.1,18,1,2,0,0.0,0.25,0.0,20.5,78.4,7784,2928,10,40,11,0,18,7,2.26,0.13,2,11,3,602,11,27.3,3,1509,583,9,12,348,290,133,13,26,5,31,22,0,19,9,5,15,43,61.9,1,0,16,17,1
Tom Pouilly,FRA,DF,Lens,Ligue 1,21,2003,2,0,46.0,0.5,2.3,-3.91,0,0,0,0,0.0,0.1,0.0,0.0,0.0,1,0,0,0,0.0,0.0,0.0,0.0,66.7,367,112,0,0,0,0,0,0,1.96,0.0,2,1,2,44,0,0.0,0,87,39,3,0,24,20,12,1,2,1,3,3,0,1,1,0,2,3,0.0,1,0,2,0,0
Yussuf Poulsen,DEN,FW,RB Leipzig,Bundesliga,30,1994,13,2,255.0,2.8,12.9,0.35,0,0,0,0,1.5,0.1,0.1,1.5,1.7,5,0,6,2,33.3,2.12,0.0,7.9,60.2,652,184,2,7,3,0,1,0,1.76,0.0,2,7,19,141,6,16.7,1,250,81,9,8,91,66,47,15,9,0,9,10,0,5,5,2,5,11,77.3,1,0,3,10,0
Beñat Prados,ESP,MF,Athletic Club,La Liga,24,2001,19,13,1062.0,11.8,49.2,0.85,1,1,0,1,0.7,1.0,0.8,0.7,1.5,12,2,12,5,41.7,1.02,0.08,21.9,81.8,7160,1672,5,44,4,3,6,1,1.02,0.17,11,45,25,656,15,26.7,4,1474,679,12,13,416,417,129,16,25,22,47,19,0,17,13,4,15,59,57.1,6,0,22,12,0
Alexander Prass,AUT,DF,Hoffenheim,Bundesliga,23,2001,20,16,1355.0,15.1,68.4,-0.46,0,0,1,1,0.9,2.7,2.8,0.9,3.6,35,5,12,1,8.3,0.8,0.0,18.6,73.2,10607,3689,18,35,24,3,48,10,2.33,0.33,27,59,63,1074,41,46.3,19,2522,1252,19,10,629,481,300,32,39,7,46,35,4,28,14,3,23,80,45.2,1,0,16,21,0
Matteo Prati,ITA,MF,Cagliari,Serie A,21,2003,6,4,238.0,2.6,10.6,-1.13,0,0,0,0,0.0,0.3,0.5,0.0,0.5,6,1,0,0,0.0,0.0,0.0,0.0,76.4,1636,439,4,7,2,0,4,1,2.27,0.38,1,10,3,128,3,0.0,0,275,121,2,2,79,72,20,1,5,2,7,3,1,0,3,1,2,10,0.0,1,0,5,4,0
Abdón Prats,ESP,FW,Mallorca,La Liga,32,1992,16,1,237.0,2.6,11.0,0.0,2,1,0,2,1.9,0.0,0.0,1.1,1.1,2,0,10,3,30.0,3.8,0.1,15.3,68.8,555,124,0,3,1,0,0,0,0.77,0.0,0,5,7,86,0,0.0,0,125,27,9,9,59,40,33,16,1,1,2,3,0,2,0,0,1,11,38.7,4,0,4,8,1
Grischa Prömel,GER,MF,Hoffenheim,Bundesliga,30,1995,2,2,174.0,1.9,8.8,-0.52,0,0,0,0,0.0,0.0,0.0,0.0,0.0,2,1,0,0,0.0,0.0,0.0,0.0,84.2,1274,250,0,5,0,0,2,0,1.03,0.52,2,5,3,106,1,0.0,0,300,137,2,2,82,71,18,0,0,2,2,4,0,1,0,0,0,7,25.0,0,0,0,3,0
Ivan Provedel,ITA,GK,Lazio,Serie A,30,1994,25,25,2250.0,25.0,100.0,0.52,0,0,0,0,0.0,0.1,0.3,0.0,0.3,9,0,0,0,0.0,0.0,0.0,0.0,77.1,20577,14057,3,20,2,0,0,0,0.36,0.0,0,4,0,987,0,0.0,0,3184,1961,0,0,622,30,0,0,0,0,0,9,3,1,0,0,0,41,87.5,0,0,0,5,0
Ivan Prtajin,CRO,FW,Union Berlin,Bundesliga,28,1996,5,2,161.0,1.8,8.1,0.0,0,0,0,0,0.5,0.1,0.1,0.5,0.7,1,0,8,2,25.0,4.47,0.0,15.7,37.5,204,37,1,0,1,0,3,1,0.56,0.0,1,1,17,78,1,100.0,1,96,23,6,3,54,29,43,12,3,0,3,3,0,2,1,2,2,4,37.0,0,0,1,1,2
Javi Puado,ESP,FW,Espanyol,La Liga,26,1998,22,22,1894.0,21.0,87.7,-0.52,8,6,1,9,6.5,0.8,0.9,5.0,5.9,31,4,41,10,24.4,1.95,0.15,18.9,75.1,4583,686,11,23,4,4,15,1,1.47,0.19,42,43,65,607,36,36.1,13,2863,1174,48,20,436,301,248,72,14,4,18,13,0,12,3,3,11,53,25.9,4,0,12,16,4
Tymoteusz Puchacz,POL,DF,Holstein Kiel,Bundesliga,26,1999,10,5,396.0,4.4,20.0,-0.91,0,0,1,1,0.1,0.7,0.6,0.1,0.7,14,1,4,1,25.0,0.91,0.0,21.6,70.3,2283,769,8,6,6,0,37,6,3.18,0.23,13,8,30,247,19,47.4,9,703,353,8,5,125,94,87,2,9,3,12,11,0,4,3,0,4,32,50.0,0,0,2,7,1
Diego Pugno,ITA,FW,Juventus,Serie A,18,2006,1,0,7.0,0.1,0.3,-12.86,0,0,0,0,0.0,0.0,0.1,0.0,0.1,1,0,0,0,0.0,0.0,0.0,0.0,100.0,28,0,1,0,0,0,0,0,12.86,0.0,0,0,0,4,1,0.0,0,5,3,0,0,1,2,3,0,0,0,0,0,0,0,0,0,0,1,0.0,0,0,0,0,0
Christian Pulisic,USA,FW,Milan,Serie A,26,1998,20,16,1359.0,15.1,62.9,0.93,6,4,6,12,6.2,3.1,3.6,4.6,8.2,69,8,30,13,43.3,1.99,0.13,17.5,77.8,6864,1572,41,32,22,10,74,5,4.57,0.53,65,67,102,755,36,44.4,16,3184,1825,29,18,540,278,419,67,24,3,27,7,1,13,8,8,15,62,14.3,0,0,9,17,1
Jarell Quansah,ENG,DF,Liverpool,Premier League,22,2003,6,2,273.0,3.0,12.1,1.32,0,0,0,0,0.0,0.1,0.0,0.0,0.0,1,0,0,0,0.0,0.0,0.0,0.0,90.4,3100,1053,0,13,0,0,2,0,0.33,0.0,2,7,2,232,2,50.0,1,832,460,3,2,163,102,19,3,9,5,14,12,0,4,2,0,7,5,45.5,1,0,5,1,0
Leopold Querfeld,AUT,DF,Union Berlin,Bundesliga,21,2003,15,6,748.0,8.3,37.8,-1.32,0,0,0,0,0.5,0.7,0.6,0.5,1.0,8,0,5,1,20.0,0.6,0.0,13.4,81.8,5882,2275,7,22,3,0,0,0,0.96,0.0,0,18,3,478,7,42.9,3,1067,460,3,1,284,212,26,13,11,8,19,49,0,13,3,0,3,28,52.9,5,0,10,4,0
Dani Raba,ESP,FW,Leganés,La Liga,29,1995,16,12,945.0,10.5,43.8,-0.29,3,0,4,7,3.7,2.1,2.4,0.5,2.9,55,8,13,3,23.1,1.24,0.0,34.8,66.3,3731,1277,27,23,13,6,49,2,5.23,0.76,23,29,52,474,53,43.4,23,1436,749,24,22,281,227,191,16,21,10,31,11,1,13,9,2,13,55,27.3,3,0,19,36,2
Adrien Rabiot,FRA,MF,Marseille,Ligue 1,29,1995,17,15,1405.0,15.6,71.0,1.02,5,5,1,6,3.8,1.0,1.2,3.8,5.0,29,4,29,13,44.8,1.86,0.17,14.1,85.5,10641,2199,11,80,6,3,21,0,1.86,0.26,44,90,90,1075,25,44.0,11,3353,1596,22,17,847,599,343,52,36,15,51,23,0,12,16,7,21,71,60.0,3,0,35,19,4
Ionuț Radu,ROU,GK,Venezia,Serie A,27,1997,1,1,90.0,1.0,4.2,-1.0,0,0,0,0,0.0,0.0,0.0,0.0,0.0,0,0,0,0,0.0,0.0,0.0,0.0,68.6,511,306,0,0,0,0,0,0,0.0,0.0,0,0,0,38,0,0.0,0,128,75,0,0,27,0,0,0,0,0,0,0,0,0,0,0,0,0,0.0,0,0,0,0,0
Hamza Rafia,TUN,MF,Lecce,Serie A,25,1999,17,13,1013.0,11.3,45.0,-0.71,0,0,0,0,0.5,1.3,1.4,0.5,1.9,36,0,10,2,20.0,0.89,0.0,23.3,78.6,6389,2189,16,47,15,2,43,6,3.2,0.0,13,51,31,633,21,47.6,10,1503,658,20,20,402,356,158,12,42,4,46,18,1,7,24,5,26,61,27.8,4,0,26,25,0
Hákon Rafn Valdimarsson,ISL,GK,Brentford,Premier League,23,2001,2,1,145.0,1.6,6.4,-1.24,0,0,0,0,0.0,0.0,0.0,0.0,0.0,2,0,0,0,0.0,0.0,0.0,0.0,65.7,1445,1110,0,2,0,0,0,0,1.24,0.0,0,0,0,72,0,0.0,0,191,80,0,0,36,1,0,0,0,0,0,2,0,0,0,0,0,1,100.0,0,0,0,0,0
Antonio Raillo,ESP,DF,Mallorca,La Liga,33,1991,23,23,2037.0,22.6,94.3,-0.27,1,1,0,1,1.2,0.7,1.3,1.2,2.5,15,1,19,5,26.3,0.84,0.05,12.7,88.4,18690,6539,8,51,5,1,1,0,0.66,0.04,20,67,14,1339,3,66.7,2,3754,2256,4,6,786,553,94,38,19,22,41,113,1,30,7,3,12,69,64.0,2,1,31,8,2
Antonio Raimondo,ITA,FW,Venezia,Serie A,20,2004,9,0,94.0,1.0,4.4,0.0,0,0,0,0,0.3,0.2,0.1,0.3,0.4,2,0,1,1,100.0,0.96,0.0,4.4,65.4,200,48,1,0,0,1,1,0,1.91,0.0,2,2,7,34,0,0.0,0,93,37,5,3,28,15,19,5,2,0,2,0,1,0,1,0,1,4,14.3,0,0,2,1,1
Ylber Ramadani,ALB,MF,Lecce,Serie A,28,1996,22,17,1452.0,16.1,64.5,-1.24,0,0,1,1,0.4,0.4,0.8,0.4,1.2,27,4,11,5,45.5,0.68,0.0,25.9,83.2,10751,2924,11,44,3,2,4,0,1.67,0.25,7,48,5,891,20,50.0,10,2111,776,17,18,581,512,101,5,38,20,58,21,3,25,20,0,21,99,28.0,4,0,13,10,0
Benito Ramírez,ESP,DF,Las Palmas,La Liga,29,1995,15,1,377.0,4.2,17.5,0.0,0,0,0,0,0.2,0.7,0.7,0.2,1.0,20,0,7,1,14.3,1.67,0.0,21.3,80.8,3318,869,9,7,8,0,28,6,4.8,0.0,14,13,51,318,6,16.7,1,925,478,7,5,199,123,124,8,10,1,11,12,0,6,6,0,4,24,25.0,2,1,4,6,0
Sandro Ramírez,ESP,FW,Las Palmas,La Liga,29,1995,19,16,1311.0,14.6,60.7,-0.14,7,7,3,10,2.6,2.0,2.2,2.6,4.8,35,4,34,16,47.1,2.33,0.21,23.6,63.7,4309,1356,15,23,5,1,73,3,2.4,0.27,37,28,75,562,30,40.0,12,1662,784,29,18,345,238,240,47,17,12,29,16,1,11,9,1,12,53,53.3,5,0,20,25,3
Gonçalo Ramos,POR,FW,PSG,Ligue 1,23,2001,11,5,419.0,4.7,21.2,1.93,4,4,2,6,4.7,0.9,1.5,4.7,6.3,12,2,21,14,66.7,4.51,0.19,8.3,79.3,784,162,9,2,4,0,0,0,2.58,0.43,4,8,25,141,6,16.7,1,231,113,6,5,106,38,89,43,7,0,7,2,0,3,3,1,5,9,70.6,0,0,5,5,6
Aaron Ramsdale,ENG,GK,Southampton,Premier League,26,1998,17,17,1530.0,17.0,0.0,0.0,0,0,0,0,0.0,0.0,0.0,0.0,0.0,2,0,0,0,0.0,0.0,0.0,0.0,66.5,13297,10507,0,25,1,0,0,0,0.12,0.0,0,0,0,775,0,0.0,0,2506,1496,0,0,450,12,0,0,0,2,2,8,2,0,0,0,0,10,100.0,1,0,0,2,0
Jacob Ramsey,ENG,FW,Aston Villa,Premier League,23,2001,17,12,1045.0,11.6,46.4,-0.17,1,1,2,3,1.2,1.6,1.7,1.2,2.9,37,5,13,4,30.8,1.12,0.08,16.4,85.5,4453,972,11,16,11,2,6,0,3.18,0.43,37,42,69,508,31,61.3,19,2254,1061,23,14,392,191,232,42,18,7,25,5,0,11,7,2,9,51,50.0,1,0,8,17,2
Luca Ranieri,ITA,DF,Fiorentina,Serie A,25,1999,24,23,2095.0,23.3,93.1,0.64,1,1,2,3,0.2,1.1,1.5,0.2,1.7,15,2,7,1,14.3,0.3,0.14,18.5,87.5,20202,7441,10,47,5,0,3,1,0.64,0.09,13,52,3,1418,14,57.1,8,3995,1991,9,1,937,642,43,9,24,18,42,101,1,32,6,1,15,63,45.6,3,0,15,13,1
Grant Ranos,ARM,FW,Gladbach,Bundesliga,21,2003,2,0,20.0,0.2,1.0,-4.5,0,0,0,0,0.0,0.0,0.0,0.0,0.0,0,0,0,0,0.0,0.0,0.0,0.0,66.7,71,16,0,0,0,0,0,0,0.0,0.0,1,1,2,17,0,0.0,0,35,18,0,1,11,9,7,0,1,0,1,0,0,2,1,0,0,0,0.0,1,0,1,0,0
Lilian Raolisoa,FRA,DF,Angers,Ligue 1,24,2000,18,5,553.0,6.1,27.9,-0.16,0,0,2,2,0.3,0.8,1.3,0.3,1.6,15,3,4,1,25.0,0.65,0.0,22.9,70.9,3062,1558,6,15,9,2,35,5,2.44,0.49,11,21,23,344,31,51.6,16,1124,537,9,6,190,128,113,6,20,4,24,22,0,7,8,2,11,35,46.7,0,2,9,4,2
Raphinha,BRA,FW,Barcelona,La Liga,28,1996,23,22,1891.0,21.0,91.4,1.81,13,12,6,19,13.3,7.2,9.8,12.6,22.4,120,19,71,28,39.4,3.38,0.17,19.3,68.9,11711,3401,69,59,47,6,151,11,5.71,0.9,69,103,227,1242,79,49.4,39,3808,1980,38,24,855,441,748,127,27,5,32,17,0,19,15,6,18,68,42.9,3,0,5,26,7
Marcus Rashford,ENG,FW,Manchester Utd,Premier League,27,1997,15,12,978.0,10.9,43.5,0.55,4,4,1,5,1.7,1.4,2.1,1.7,3.8,29,1,16,9,56.3,1.47,0.25,16.4,73.8,3508,868,15,13,16,6,27,8,2.67,0.09,20,21,79,440,39,23.1,9,1694,728,14,6,341,189,222,34,7,4,11,7,0,8,2,3,4,24,41.7,2,0,8,7,7
Marcus Rashford,ENG,FW,Aston Villa,Premier League,27,1997,1,0,45.0,0.5,43.5,0.55,0,0,0,0,0.1,1.4,0.5,0.1,0.6,29,1,16,9,56.3,1.47,0.25,16.4,73.8,3508,868,15,13,16,6,27,8,2.67,0.09,5,6,13,440,39,23.1,9,1694,728,14,6,341,189,222,34,7,4,11,7,0,8,2,3,4,24,41.7,2,0,8,7,7
Giacomo Raspadori,ITA,FW,Napoli,Serie A,24,2000,14,3,409.0,4.5,18.2,-0.44,2,2,0,2,1.2,0.5,0.5,1.2,1.6,19,2,12,3,25.0,2.64,0.17,15.4,70.7,2231,568,12,7,3,1,23,1,4.17,0.44,5,19,24,234,6,33.3,2,564,179,9,4,154,115,97,19,5,2,7,4,0,6,2,0,2,22,42.9,1,0,5,8,0
Andrei Ratiu,ROU,DF,Rayo,La Liga,26,1998,21,20,1818.0,20.2,87.8,0.2,1,1,2,3,1.3,1.8,3.3,1.3,4.7,49,4,20,4,20.0,0.99,0.05,17.9,81.3,12531,4514,20,58,8,2,49,4,2.43,0.2,67,79,90,1234,71,57.7,41,4204,2051,36,30,754,505,391,42,45,16,61,42,1,19,11,6,27,96,29.0,2,0,15,8,4
Raúl,ESP,FW,Osasuna,La Liga,24,2000,22,4,582.0,6.5,26.9,-0.77,2,2,0,2,1.8,0.3,0.6,1.8,2.4,11,1,17,9,52.9,2.63,0.12,16.0,64.8,1173,180,2,9,0,0,5,0,1.7,0.15,10,13,36,194,15,66.7,10,634,249,18,13,155,86,100,30,9,0,9,3,0,3,4,3,4,9,59.3,0,0,8,9,6
David Raum,GER,DF,RB Leipzig,Bundesliga,26,1998,14,13,1073.0,11.9,54.2,0.84,1,1,3,4,0.4,4.1,3.8,0.4,4.2,41,4,7,3,42.9,0.59,0.14,17.4,70.4,8452,3645,28,25,9,1,103,6,3.44,0.34,25,37,81,812,16,43.8,7,1573,885,8,7,472,299,284,33,20,5,25,26,0,15,7,3,16,62,38.1,1,0,13,6,5
Federico Ravaglia,ITA,GK,Bologna,Serie A,25,1999,7,7,630.0,7.0,29.2,0.43,0,0,0,0,0.0,0.0,0.0,0.0,0.0,2,0,0,0,0.0,0.0,0.0,0.0,78.6,5515,3577,1,9,0,0,0,0,0.29,0.0,0,0,0,288,1,100.0,1,1001,534,0,0,173,4,0,0,0,0,0,3,0,0,0,0,0,9,100.0,0,0,0,2,0
Rayan Raveloson,MAD,MF,Auxerre,Ligue 1,28,1997,13,7,724.0,8.0,36.6,-0.5,1,1,0,1,0.8,0.3,0.2,0.8,1.0,17,0,16,5,31.3,1.99,0.06,21.6,86.6,5021,1334,3,19,6,1,8,0,2.11,0.0,5,31,12,401,13,53.8,7,1071,393,11,11,240,230,67,11,6,5,11,22,0,8,4,0,5,44,47.1,3,0,9,12,0
David Raya,ESP,GK,Arsenal,Premier League,29,1995,25,25,2250.0,25.0,100.0,1.16,0,0,0,0,0.0,0.0,0.0,0.0,0.0,3,0,0,0,0.0,0.0,0.0,0.0,72.6,16684,11567,0,32,1,0,0,0,0.12,0.0,0,6,0,950,0,0.0,0,2974,1767,1,0,536,49,0,0,0,1,1,12,4,0,0,0,0,18,100.0,2,0,1,6,0
Abderrahman Rebbach,ALG,FW,Alaves,La Liga,26,1998,8,4,385.0,4.3,17.8,-0.23,0,0,0,0,0.2,0.4,0.3,0.2,0.5,10,0,6,1,16.7,1.4,0.0,20.3,62.7,1234,255,6,2,5,0,17,3,2.34,0.0,16,5,34,173,14,21.4,3,674,389,9,5,107,62,85,18,3,0,3,6,0,4,0,0,2,16,8.3,1,0,5,6,2
Ante Rebić,CRO,FW,Lecce,Serie A,31,1993,19,6,540.0,6.0,24.0,-0.83,1,1,0,1,1.6,1.1,1.8,1.6,3.5,26,0,10,2,20.0,1.67,0.1,13.7,62.0,1760,641,16,12,11,2,27,3,4.33,0.0,13,24,45,281,21,33.3,7,792,349,30,11,214,107,145,27,9,0,9,3,0,3,2,3,7,22,47.5,3,1,14,9,5
Harrison Reed,ENG,MF,Fulham,Premier League,30,1995,9,0,69.0,0.8,3.1,-1.3,0,0,0,0,0.1,0.1,0.1,0.1,0.2,1,0,2,1,50.0,2.61,0.0,21.7,71.1,464,126,1,0,1,0,5,0,1.3,0.0,1,4,7,63,1,0.0,0,74,17,2,2,31,22,35,5,5,1,6,2,0,1,2,1,2,8,33.3,2,0,5,2,0
Remy Rees-Dottin,ENG,FW,Bournemouth,Premier League,18,2006,1,0,1.0,0.0,0.0,0.0,0,0,0,0,0.0,0.0,0.0,0.0,0.0,0,0,0,0,0.0,0.0,0.0,0.0,0.0,0,0,0,0,0,0,0,0,0.0,0.0,0,0,0,0,0,0.0,0,0,0,0,0,0,0,0,0,0,0,0,0,0,0,0,0,0,0,0.0,0,0,0,0,0
Sergio Reguilón,ESP,DF,Tottenham,Premier League,28,1996,3,0,123.0,1.4,5.5,-0.73,0,0,0,0,0.1,0.2,0.0,0.1,0.1,1,0,1,0,0.0,0.73,0.0,5.4,69.5,1144,410,1,11,2,0,10,1,0.73,0.0,4,12,10,121,4,50.0,2,293,180,1,1,74,61,33,3,4,2,6,3,0,4,3,0,3,9,71.4,2,0,2,5,0
Bobby Reid,JAM,FW,Leicester City,Premier League,32,1993,17,5,526.0,5.8,23.4,-0.34,1,1,2,3,0.8,0.1,1.2,0.8,2.0,11,3,6,3,50.0,1.03,0.17,26.4,71.2,1407,458,6,8,4,0,10,0,1.88,0.51,8,13,29,203,7,0.0,0,573,287,9,7,141,86,81,13,6,0,6,5,0,6,4,0,3,21,23.1,1,0,7,9,3
Tijjani Reijnders,NED,MF,Milan,Serie A,26,1998,23,22,1868.0,20.8,86.5,0.63,7,7,2,9,3.9,2.6,2.4,3.9,6.3,68,8,46,20,43.5,2.22,0.15,20.4,87.0,13478,3673,32,84,31,9,35,1,3.28,0.39,73,141,79,1101,48,56.3,27,4767,2513,23,21,816,587,384,53,17,23,40,16,2,9,9,4,10,74,21.4,2,1,16,13,0
Pepe Reina,ESP,GK,Como,Serie A,42,1982,10,10,900.0,10.0,40.0,-0.3,0,0,0,0,0.0,0.0,0.0,0.0,0.0,1,0,0,0,0.0,0.0,0.0,0.0,75.2,6015,4357,0,3,0,0,0,0,0.1,0.0,0,0,0,326,1,0.0,0,1202,642,0,0,168,1,0,0,0,0,0,3,1,0,0,0,0,11,100.0,0,0,0,1,0
Rocco Reitz,GER,MF,Gladbach,Bundesliga,22,2002,19,14,1254.0,13.9,63.3,0.22,1,1,1,2,1.0,1.6,1.2,1.0,2.2,33,4,16,5,31.3,1.15,0.06,17.9,80.4,8884,3211,13,52,13,8,14,3,2.37,0.29,13,70,19,859,28,42.9,12,2254,971,12,15,541,479,133,24,37,39,76,36,1,20,19,3,15,71,48.0,1,0,13,32,0
Nicolai Remberg,GER,MF,Holstein Kiel,Bundesliga,24,2000,21,15,1457.0,16.2,73.6,-1.05,0,0,1,1,0.9,0.8,0.3,0.9,1.3,21,3,14,2,14.3,0.86,0.0,18.3,76.2,8728,2278,6,48,9,0,7,2,1.3,0.19,14,54,21,812,10,20.0,2,1492,692,13,10,448,476,100,13,31,14,45,57,0,29,12,3,17,54,65.5,6,0,31,27,2
Álex Remiro,ESP,GK,Real Sociedad,La Liga,29,1995,24,24,2160.0,24.0,100.0,-0.12,0,0,0,0,0.0,0.0,0.0,0.0,0.0,6,0,0,0,0.0,0.0,0.0,0.0,73.8,17772,12668,1,10,0,0,0,0,0.25,0.0,0,1,0,881,0,0.0,0,2343,1209,1,0,435,8,0,0,0,0,0,9,3,0,0,0,0,42,100.0,0,0,0,3,0
Devyne Rensch,NED,DF,Roma,Serie A,22,2003,3,3,193.0,2.1,8.6,0.0,0,0,0,0,0.1,0.1,0.0,0.1,0.1,5,0,1,1,100.0,0.47,0.0,21.5,85.1,1108,307,0,2,3,0,4,1,2.33,0.0,1,6,12,117,1,0.0,0,191,69,2,1,73,53,37,4,9,4,13,4,1,2,7,1,6,3,55.6,0,0,1,4,0
Guillaume Restes,FRA,GK,Toulouse,Ligue 1,19,2005,21,21,1823.0,20.3,92.1,-0.05,0,0,0,0,0.0,0.0,0.0,0.0,0.0,1,0,0,0,0.0,0.0,0.0,0.0,74.4,10161,6953,0,4,0,0,0,0,0.05,0.0,0,0,0,635,1,0.0,0,1794,1004,2,0,327,3,2,0,2,1,3,13,1,0,0,0,1,38,0.0,0,0,1,2,0
Mateo Retegui,ITA,FW,Atalanta,Serie A,25,1999,23,19,1371.0,15.2,60.9,1.58,20,18,3,23,11.6,1.4,2.1,9.3,11.4,44,8,63,25,39.7,4.14,0.29,13.1,77.2,3649,520,22,16,4,0,11,0,2.89,0.53,12,24,120,511,17,23.5,4,1309,314,52,26,418,208,294,107,8,2,10,7,0,3,4,4,4,37,44.9,2,0,14,22,3
Elvis Rexhbeçaj,KVX,MF,Augsburg,Bundesliga,27,1997,18,18,1395.0,15.5,70.5,-0.52,1,1,1,2,1.1,1.0,0.7,1.1,1.9,43,4,19,5,26.3,1.23,0.05,19.0,68.7,5642,1800,12,31,18,3,63,2,2.77,0.26,25,79,66,667,26,34.6,9,1520,721,22,23,395,304,269,23,24,13,37,16,1,31,13,4,18,67,26.3,7,0,8,33,1
Gio Reyna,USA,MF,Dortmund,Bundesliga,22,2002,12,1,186.0,2.1,9.4,1.45,2,2,0,2,0.2,0.6,0.2,0.2,0.4,6,0,3,2,66.7,1.45,0.67,18.3,75.8,1466,413,2,5,6,0,12,3,2.89,0.0,3,12,12,154,4,50.0,2,418,185,7,4,106,65,75,3,2,0,2,6,0,2,0,1,0,10,50.0,2,0,5,2,0
Chadi Riad,MAR,DF,Crystal Palace,Premier League,21,2003,1,1,90.0,1.0,4.0,-2.0,0,0,0,0,0.0,0.0,0.0,0.0,0.0,0,0,0,0,0.0,0.0,0.0,0.0,85.4,1411,568,0,8,1,0,0,0,0.0,0.0,2,7,0,90,0,0.0,0,318,232,1,0,69,49,1,0,5,2,7,0,0,0,2,1,2,4,33.3,0,0,1,0,0
Alexsandro Ribeiro,BRA,DF,Lille,Ligue 1,25,1999,19,19,1710.0,19.0,86.4,0.79,0,0,1,1,1.0,0.6,0.2,1.0,1.2,26,4,14,3,21.4,0.74,0.0,10.2,90.6,26892,9428,4,147,4,2,5,1,1.37,0.21,19,138,5,1671,4,50.0,2,5586,3540,13,6,1217,959,83,27,20,21,41,79,1,13,9,1,12,107,78.4,6,0,15,17,2
Samuele Ricci,ITA,MF,Torino,Serie A,23,2001,24,24,2030.0,22.6,90.2,-0.13,1,1,1,2,1.2,1.0,0.4,1.2,1.6,38,4,19,6,31.6,0.84,0.05,25.5,87.4,14337,3023,10,72,10,3,23,0,1.68,0.18,32,78,27,1140,20,30.0,6,4085,1951,21,13,774,684,220,17,27,18,45,33,2,16,9,5,15,101,40.9,5,0,25,51,0
Declan Rice,ENG,MF,Arsenal,Premier League,26,1999,23,21,1831.0,20.3,81.4,1.08,1,1,5,6,1.6,4.0,5.3,1.6,6.8,70,7,25,7,28.0,1.23,0.04,20.4,83.2,16158,4297,39,92,24,2,120,3,3.44,0.34,65,135,60,1291,20,45.0,9,4352,2333,24,16,840,616,470,43,35,17,52,28,0,19,18,6,15,96,55.8,5,1,16,13,1
Chris Richards,USA,DF,Crystal Palace,Premier League,24,2000,14,12,1068.0,11.9,47.5,-0.25,0,0,0,0,0.3,0.1,0.1,0.3,0.4,4,1,5,3,60.0,0.42,0.0,12.1,80.5,7427,2681,2,16,0,0,1,0,0.34,0.08,3,26,1,671,4,0.0,0,1399,670,4,2,390,291,37,9,27,9,36,66,0,22,9,3,18,34,44.0,1,0,7,3,1
Amir Richardson,MAR,MF,Fiorentina,Serie A,23,2002,18,6,696.0,7.7,30.9,0.91,0,0,0,0,0.4,0.3,0.2,0.4,0.6,14,3,6,4,66.7,0.78,0.0,20.0,87.1,5303,1157,6,31,3,0,2,0,1.81,0.39,11,29,11,484,12,58.3,7,1394,619,11,6,323,286,93,8,23,4,27,24,1,9,10,2,10,29,51.7,4,0,23,10,0
Richarlison,BRA,FW,Tottenham,Premier League,27,1997,9,2,279.0,3.1,12.4,1.94,2,2,1,3,1.2,0.6,0.9,1.2,2.1,8,1,6,3,50.0,1.94,0.33,8.4,65.3,750,272,4,7,4,0,7,2,2.57,0.32,8,10,17,116,9,11.1,1,310,138,4,5,79,62,36,12,4,0,4,8,0,1,3,1,3,8,33.3,1,0,4,7,1
Diego Rico,ESP,DF,Getafe,La Liga,31,1993,22,21,1887.0,21.0,87.4,0.14,0,0,2,2,0.3,2.5,1.9,0.3,2.2,57,6,12,3,25.0,0.57,0.0,29.3,66.2,12483,7030,27,81,34,0,107,23,2.72,0.29,20,89,66,1272,10,40.0,4,1771,884,32,10,498,583,352,10,58,23,81,64,1,24,19,3,36,84,58.1,5,0,25,41,2
Fabian Rieder,SUI,MF,Stuttgart,Bundesliga,23,2002,18,6,671.0,7.5,33.9,-0.27,1,1,3,4,1.2,2.0,1.9,1.2,3.1,28,5,16,6,37.5,2.15,0.06,20.9,71.0,3758,1038,11,20,8,2,34,2,3.76,0.67,14,31,44,394,14,50.0,7,1054,438,20,10,251,168,188,15,15,6,21,3,1,8,8,4,12,35,25.0,0,0,8,8,0
Luis Rioja,ESP,FW,Alaves,La Liga,31,1993,1,0,23.0,0.3,1.1,-3.91,0,0,0,0,0.0,0.1,0.1,0.0,0.1,1,0,0,0,0.0,0.0,0.0,0.0,45.5,70,27,1,0,0,0,6,0,3.91,0.0,4,1,3,15,0,0.0,0,99,71,0,0,10,4,10,2,2,0,2,0,0,2,1,1,1,1,0.0,0,0,1,1,0
Luis Rioja,ESP,MF,Valencia,La Liga,31,1993,23,22,1907.0,21.2,1.1,-3.91,5,3,1,6,2.9,0.1,2.7,1.3,4.0,1,0,0,0,0.0,0.0,0.0,0.0,45.5,70,27,1,0,0,0,6,0,3.91,0.0,59,53,133,15,0,0.0,0,99,71,0,0,10,4,10,2,2,0,2,0,0,2,1,1,1,1,0.0,0,0,1,1,0
Rodrigo Riquelme,ESP,DF,Atleti,La Liga,24,2000,11,4,414.0,4.6,19.2,1.74,0,0,1,1,0.7,0.6,0.6,0.7,1.3,20,1,12,4,33.3,2.61,0.0,17.9,80.6,2246,596,10,12,7,0,21,1,4.34,0.22,35,19,48,269,18,22.2,4,1365,787,7,5,200,102,139,18,8,1,9,3,0,2,5,0,3,14,50.0,0,0,4,6,4
Alberto Risco,ESP,MF,Getafe,La Liga,19,2005,5,0,69.0,0.8,3.2,2.61,0,0,0,0,0.2,0.2,0.1,0.2,0.3,6,0,4,1,25.0,5.22,0.0,21.1,73.5,340,98,4,1,4,0,4,3,7.71,0.0,3,3,6,57,6,16.7,1,153,79,5,4,33,17,34,5,4,0,4,0,0,2,0,2,4,5,25.0,0,0,1,2,0
Mihailo Ristić,SRB,MF,Celta Vigo,La Liga,29,1995,5,3,202.0,2.2,9.4,0.45,0,0,1,1,0.0,0.0,0.0,0.0,0.0,2,1,0,0,0.0,0.0,0.0,0.0,75.2,1522,495,1,5,0,0,4,0,0.89,0.45,1,4,8,150,10,20.0,2,385,154,4,3,90,63,41,0,3,1,4,6,0,0,1,0,3,11,0.0,1,0,6,2,0
Lars Ritzka,GER,DF,St. Pauli,Bundesliga,26,1998,12,6,503.0,5.6,25.4,-0.18,0,0,0,0,0.3,0.2,0.2,0.3,0.5,9,0,5,0,0.0,0.89,0.0,24.4,74.1,3140,1052,4,13,3,0,12,1,1.61,0.0,3,10,18,334,1,0.0,0,330,169,1,3,154,143,67,4,33,6,39,23,0,11,10,3,20,20,0.0,1,0,3,2,0
Gorka Rivera Alonso,ESP,DF,Getafe,La Liga,20,2004,1,0,20.0,0.2,0.9,0.0,0,0,0,0,0.0,0.0,0.0,0.0,0.0,0,0,0,0,0.0,0.0,0.0,0.0,45.5,94,27,0,1,0,0,0,0,0.0,0.0,0,1,0,17,2,0.0,0,23,5,2,0,5,8,2,0,2,0,2,0,0,0,2,0,0,1,0.0,0,0,1,1,0
Sergi Roberto,ESP,MF,Como,Serie A,33,1992,10,7,619.0,6.9,27.5,0.29,0,0,1,1,0.7,0.5,0.7,0.7,1.4,23,1,6,1,16.7,0.87,0.0,23.5,90.7,5247,1224,15,24,5,1,5,0,3.34,0.15,8,33,15,511,9,33.3,3,1361,690,12,5,365,305,114,7,13,9,22,13,0,6,4,4,7,46,46.7,3,0,7,11,0
Andrew Robertson,SCO,DF,Liverpool,Premier League,30,1994,24,22,1808.0,20.1,80.4,1.49,0,0,0,0,0.5,3.2,3.3,0.5,3.9,57,2,6,2,33.3,0.3,0.0,15.6,83.8,20416,6153,31,113,23,3,113,14,2.84,0.1,45,134,74,1594,10,30.0,3,3794,2173,19,9,1075,733,472,32,31,16,47,36,1,8,9,3,20,82,27.3,3,1,8,6,1
Antonee Robinson,USA,DF,Fulham,Premier League,27,1997,25,25,2250.0,25.0,100.0,0.2,0,0,10,10,0.7,3.1,3.4,0.7,4.1,64,11,15,2,13.3,0.6,0.0,21.7,76.7,20166,7689,33,91,46,0,124,24,2.56,0.44,88,93,201,1830,57,43.9,25,5278,3131,27,13,1106,715,573,52,65,45,110,80,0,28,21,3,43,105,60.4,5,0,24,17,4
Marc Roca,ESP,MF,Betis,La Liga,28,1996,14,11,906.0,10.1,41.9,0.2,2,2,2,4,1.1,0.5,1.0,1.1,2.1,24,1,12,4,33.3,1.19,0.17,16.9,86.4,7969,2303,12,51,6,0,10,2,2.38,0.1,11,59,13,632,5,80.0,4,2067,1035,9,7,427,374,108,19,20,14,34,14,2,17,9,1,14,51,27.8,4,0,16,5,0
Rodri,ESP,MF,City,Premier League,28,1996,2,1,65.0,0.7,2.9,1.38,0,0,0,0,0.0,0.1,0.0,0.0,0.0,2,0,0,0,0.0,0.0,0.0,0.0,93.4,1056,250,1,3,1,0,0,0,2.77,0.0,0,4,1,65,1,0.0,0,125,42,0,0,49,30,24,0,2,1,3,0,0,1,1,0,1,7,100.0,0,0,1,2,0
Rodri,ESP,FW,Betis,La Liga,24,2000,3,1,118.0,1.3,2.9,1.38,0,0,0,0,0.2,0.1,0.1,0.2,0.2,2,0,0,0,0.0,0.0,0.0,0.0,93.4,1056,250,1,3,1,0,0,0,2.77,0.0,4,8,11,65,1,0.0,0,125,42,0,0,49,30,24,0,2,1,3,0,0,1,1,0,1,7,100.0,0,0,1,2,0
Álvaro Rodríguez,URU,FW,Getafe,La Liga,20,2004,14,4,522.0,5.8,24.2,0.0,2,2,0,2,0.7,0.2,0.2,0.7,0.9,6,0,14,5,35.7,2.41,0.14,16.2,51.1,997,200,3,9,1,1,3,0,1.03,0.0,1,7,32,250,17,52.9,9,459,91,26,15,180,116,117,29,7,3,10,11,0,19,5,2,4,19,55.4,2,0,19,14,4
Óscar Rodríguez Arnaiz,ESP,MF,Leganés,La Liga,26,1998,17,9,832.0,9.2,38.5,0.11,1,1,3,4,1.1,0.7,1.0,1.1,2.1,26,5,17,5,29.4,1.84,0.06,24.2,71.6,4410,1359,10,19,12,2,25,3,2.82,0.54,15,38,34,477,37,37.8,14,1264,561,19,9,309,253,151,12,26,12,38,15,0,6,13,5,13,39,40.9,3,1,11,14,1
Damián Rodríguez,ESP,MF,Celta Vigo,La Liga,21,2003,12,6,655.0,7.3,30.3,-0.55,0,0,0,0,0.0,1.0,0.5,0.0,0.6,17,2,1,0,0.0,0.14,0.0,25.3,87.6,8005,2161,11,52,3,0,23,0,2.33,0.27,4,41,5,583,1,0.0,0,1571,813,4,5,446,393,106,4,10,5,15,9,0,5,7,1,7,29,0.0,2,0,9,7,0
Dani Rodríguez,ESP,MF,Mallorca,La Liga,36,1988,24,17,1413.0,15.7,65.4,-0.38,4,4,5,9,2.7,2.5,2.3,2.7,5.0,38,9,23,9,39.1,1.46,0.17,18.5,67.0,5762,1845,19,30,11,6,88,4,2.42,0.57,30,58,71,655,20,55.0,11,2011,836,30,28,416,302,280,37,30,7,37,18,0,11,10,9,19,44,43.6,2,0,30,26,6
Guido Rodríguez,ARG,MF,West Ham,Premier League,30,1994,19,14,1017.0,11.3,45.2,-0.18,0,0,0,0,0.2,0.1,0.1,0.2,0.3,10,0,8,1,12.5,0.71,0.0,27.8,84.1,7149,2000,3,36,1,1,4,0,0.88,0.0,2,31,5,615,3,66.7,2,988,392,1,6,354,365,55,2,30,12,42,28,1,21,11,0,16,46,53.3,5,0,15,11,1
James Rodríguez,COL,MF,Rayo,La Liga,33,1991,6,1,140.0,1.6,6.8,1.29,0,0,0,0,0.3,0.3,0.2,0.3,0.5,6,0,4,2,50.0,2.57,0.0,18.8,79.6,1368,440,2,12,1,1,13,0,3.86,0.0,3,13,7,116,7,71.4,5,244,105,5,0,85,51,50,4,3,1,4,0,0,2,2,0,2,8,40.0,1,0,2,1,3
Javi Rodríguez,ESP,DF,Celta Vigo,La Liga,21,2003,22,15,1482.0,16.5,68.6,0.06,2,2,2,4,1.5,0.8,0.9,1.5,2.4,22,2,7,3,42.9,0.43,0.29,10.1,86.0,16520,4997,10,66,7,1,2,0,1.34,0.12,18,75,30,1246,8,37.5,3,3359,1786,13,1,892,681,127,15,38,24,62,59,1,19,13,0,28,46,57.4,5,0,18,12,0
Jesus Rodríguez,ESP,FW,Betis,La Liga,19,2005,8,6,473.0,5.3,21.9,0.38,1,1,0,1,0.6,0.4,0.1,0.6,0.7,18,3,12,4,33.3,2.28,0.08,18.6,71.5,1346,451,4,9,10,1,12,2,3.43,0.57,24,19,48,256,47,40.4,19,1316,658,17,13,174,103,134,31,11,4,15,2,0,9,4,4,9,30,37.5,0,0,3,21,0
Kirian Rodríguez,ESP,MF,Las Palmas,La Liga,28,1996,21,21,1758.0,19.5,81.4,-0.36,0,0,3,3,1.6,1.4,1.5,1.6,3.0,49,7,21,8,38.1,1.08,0.0,21.8,85.2,16191,4876,16,106,14,8,18,1,2.51,0.36,25,128,39,1357,16,68.8,11,3545,1999,20,14,1026,872,199,15,33,10,43,21,0,22,18,3,17,100,43.3,2,0,9,18,0
Ricardo Rodríguez,SUI,DF,Betis,La Liga,32,1992,10,7,599.0,6.7,27.7,0.0,0,0,0,0,0.0,0.4,0.2,0.0,0.2,11,0,0,0,0.0,0.0,0.0,0.0,79.9,4447,1496,4,21,7,0,11,5,1.65,0.0,5,29,19,420,4,75.0,3,806,412,2,1,242,216,86,1,15,4,19,19,0,3,2,3,9,29,52.4,0,0,5,2,0
Rodrygo,BRA,FW,Real Madrid,La Liga,24,2001,21,16,1398.0,15.5,64.7,1.35,6,6,5,11,3.0,3.5,2.7,2.9,5.6,86,9,38,16,42.1,2.45,0.16,16.7,86.2,9127,2233,43,50,24,1,64,1,5.54,0.58,76,82,189,982,75,44.0,33,4147,2364,36,9,795,340,606,92,10,6,16,4,0,13,2,1,8,42,35.7,0,0,5,25,1
Mads Roerslev,DEN,DF,Brentford,Premier League,25,1999,19,11,1101.0,12.2,48.9,-0.08,0,0,2,2,0.2,2.1,3.0,0.2,3.2,21,2,5,2,40.0,0.41,0.0,20.8,78.7,6925,2249,14,37,11,0,31,4,1.72,0.16,17,51,54,645,19,36.8,7,1630,858,9,6,407,268,146,20,18,4,22,35,0,12,3,1,8,39,41.7,2,0,6,10,0
Mads Roerslev,DEN,DF,Wolfsburg,Bundesliga,25,1999,2,0,61.0,0.7,48.9,-0.08,0,0,0,0,0.0,2.1,0.0,0.0,0.0,21,2,5,2,40.0,0.41,0.0,20.8,78.7,6925,2249,14,37,11,0,31,4,1.72,0.16,0,2,2,645,19,36.8,7,1630,858,9,6,407,268,146,20,18,4,22,35,0,12,3,1,8,39,41.7,2,0,6,10,0
Morgan Rogers,ENG,MF,Aston Villa,Premier League,22,2002,24,24,1990.0,22.1,88.4,0.14,6,6,4,10,4.4,3.2,4.7,4.4,9.1,73,9,42,13,31.0,1.9,0.14,16.3,73.9,6243,2156,34,47,38,13,13,2,3.3,0.41,81,79,122,884,103,41.7,43,3791,2264,68,48,618,382,389,102,22,4,26,15,1,15,10,7,11,77,17.5,8,0,39,33,2
Merlin Röhl,GER,MF,Freiburg,Bundesliga,22,2002,14,9,760.0,8.4,38.4,-0.95,0,0,1,1,0.7,0.9,1.0,0.7,1.8,17,2,11,2,18.2,1.3,0.0,17.9,76.1,2208,432,5,15,1,0,8,1,2.02,0.24,15,19,45,327,34,29.4,10,1099,460,37,18,213,163,128,24,15,3,18,2,0,5,9,2,9,38,28.6,1,0,15,13,0
Alessio Romagnoli,ITA,DF,Lazio,Serie A,30,1995,21,20,1683.0,18.7,74.8,0.37,0,0,0,0,1.1,0.1,0.1,1.1,1.2,14,1,10,3,30.0,0.53,0.0,9.5,92.4,17519,5717,5,55,2,0,0,0,0.75,0.05,3,48,2,1258,0,0.0,0,2755,1164,3,1,848,656,45,25,28,20,48,68,0,20,16,2,15,57,65.8,1,1,16,8,2
Leo Román,ESP,GK,Mallorca,La Liga,24,2000,5,5,450.0,5.0,20.8,-0.6,0,0,0,0,0.0,0.0,0.0,0.0,0.0,0,0,0,0,0.0,0.0,0.0,0.0,61.2,3579,2854,0,4,0,0,0,0,0.0,0.0,0,0,0,184,1,100.0,1,514,293,0,0,96,1,0,0,0,0,0,0,0,0,0,0,0,5,0.0,0,0,0,0,0
Carlos Romero,ESP,DF,Espanyol,La Liga,23,2001,20,14,1303.0,14.5,60.3,-0.83,2,2,1,3,1.3,1.0,0.9,1.3,2.2,29,2,16,3,18.8,1.11,0.13,20.8,68.3,5708,2146,15,26,15,1,47,6,2.0,0.14,28,38,56,677,20,45.0,9,2014,1111,19,7,335,257,210,14,39,12,51,46,0,18,9,1,26,65,31.6,5,0,17,6,1
Cristian Romero,ARG,DF,Tottenham,Premier League,26,1998,12,12,974.0,10.8,43.3,0.83,1,1,0,1,1.1,0.7,0.5,1.1,1.6,16,2,11,4,36.4,1.02,0.09,9.4,90.1,14806,5799,6,85,7,4,3,1,1.48,0.18,10,48,2,981,3,33.3,1,3423,2136,4,3,672,531,54,16,27,13,40,32,0,13,5,0,23,63,54.0,1,0,7,9,1
Isaac Romero,ESP,FW,Sevilla,La Liga,24,2000,20,19,1564.0,17.4,72.4,-0.4,3,3,2,5,4.5,1.2,1.8,3.7,5.5,26,4,38,12,31.6,2.19,0.08,17.5,70.4,3555,412,14,11,7,1,14,2,1.5,0.23,16,18,73,549,49,34.7,17,1189,374,56,45,381,258,252,67,7,4,11,18,0,13,3,4,3,41,37.7,8,0,26,24,11
Luka Romero,ARG,FW,Alaves,La Liga,20,2004,6,2,199.0,2.2,9.2,-0.9,0,0,0,0,0.8,0.4,0.2,0.0,0.2,8,1,1,0,0.0,0.45,0.0,38.7,69.4,515,110,4,0,1,0,10,1,3.62,0.45,3,0,12,69,3,33.3,1,256,69,5,7,45,28,37,5,4,1,5,0,0,2,1,2,4,9,33.3,0,0,3,3,1
Oriol Romeu,ESP,MF,Girona,La Liga,33,1991,15,12,946.0,10.5,43.8,-0.19,0,0,0,0,0.1,0.5,0.1,0.1,0.2,10,0,2,0,0.0,0.19,0.0,16.3,90.1,9804,2080,4,59,2,1,5,1,0.95,0.0,11,53,5,727,6,33.3,2,2042,1063,10,8,554,469,99,3,29,7,36,10,2,14,14,3,19,53,45.5,5,0,23,13,0
Valentin Rongier,FRA,MF,Marseille,Ligue 1,30,1994,15,9,821.0,9.1,41.5,1.32,2,2,0,2,0.8,0.5,0.4,0.8,1.2,20,3,10,5,50.0,1.1,0.2,20.7,91.3,9857,2481,7,54,3,1,1,0,2.19,0.33,15,52,13,875,6,83.3,5,1719,898,13,10,668,545,124,8,27,19,46,19,1,20,16,2,17,53,44.4,3,0,19,8,0
Marten de Roon,NED,MF,Atalanta,Serie A,33,1991,24,22,1978.0,22.0,87.9,1.14,3,3,2,5,0.4,1.9,1.6,0.4,2.0,49,11,8,3,37.5,0.36,0.38,23.7,87.1,25017,7601,17,164,14,0,20,2,2.23,0.5,23,163,23,1734,6,33.3,2,4513,2452,15,7,1237,1026,299,11,54,28,82,40,1,27,31,2,31,92,60.4,5,0,33,13,1
Vitor Roque,BRA,FW,Betis,La Liga,19,2005,21,14,1224.0,13.6,56.7,-0.29,4,4,0,4,6.1,0.7,1.2,6.1,7.3,34,4,41,18,43.9,3.01,0.1,14.5,72.4,1931,418,12,4,10,1,6,3,2.5,0.29,24,17,57,359,40,27.5,11,1250,554,40,34,239,164,178,57,11,7,18,4,0,5,6,4,6,34,36.6,4,0,28,29,5
Pablo Rosario,NED,MF,Nice,Ligue 1,28,1997,18,14,1183.0,13.1,59.7,0.46,1,0,1,2,2.2,0.4,0.3,1.4,1.8,23,2,8,3,37.5,0.61,0.0,15.5,85.8,7774,2755,11,45,10,2,2,1,1.75,0.15,10,54,12,645,12,50.0,6,1621,952,11,9,456,378,84,14,15,22,37,32,2,12,9,2,9,35,60.7,2,1,17,7,0
Lasse Rosenboom,GER,DF,Holstein Kiel,Bundesliga,23,2002,14,9,813.0,9.0,41.1,-1.0,1,1,1,2,0.5,0.7,0.5,0.5,1.0,12,1,5,2,40.0,0.55,0.2,14.5,66.3,2990,1161,8,19,5,0,5,3,1.33,0.11,8,18,18,367,4,25.0,1,696,286,16,6,157,155,65,20,23,12,35,36,2,12,7,3,16,29,37.5,0,0,9,6,0
Max Rosenfelder,GER,DF,Freiburg,Bundesliga,22,2003,18,8,850.0,9.4,42.9,-1.16,0,0,0,0,0.1,0.2,0.6,0.1,0.7,11,0,3,0,0.0,0.32,0.0,14.6,85.1,6550,1821,4,12,3,0,3,0,1.16,0.0,13,21,6,539,15,66.7,10,1686,936,2,1,321,241,25,5,21,5,26,53,0,12,7,0,14,37,37.5,1,0,8,12,1
Valentin Rosier,FRA,DF,Leganés,La Liga,28,1996,21,17,1633.0,18.1,75.6,-0.72,0,0,2,2,0.3,0.6,0.6,0.3,0.9,18,3,8,1,12.5,0.44,0.0,21.5,77.1,8979,3445,6,41,8,0,21,3,0.99,0.17,24,37,50,1012,26,65.4,17,2120,1127,18,17,473,421,181,12,51,28,79,103,1,23,13,3,38,73,65.6,5,0,28,14,4
Tom Rothe,GER,DF,Union Berlin,Bundesliga,20,2004,16,12,1046.0,11.6,52.8,-0.26,2,2,2,4,1.3,1.2,1.2,1.3,2.4,24,5,15,5,33.3,1.29,0.13,11.8,68.0,5534,2106,8,18,12,1,33,7,2.07,0.43,20,29,77,709,14,35.7,5,1498,664,17,19,349,282,237,27,34,11,45,29,1,23,10,3,18,56,46.3,3,1,17,8,1
Anthony Rouault,FRA,DF,Stuttgart,Bundesliga,23,2001,18,14,1212.0,13.5,61.2,0.07,1,1,0,1,0.5,0.5,0.3,0.5,0.8,11,0,5,1,20.0,0.37,0.2,6.5,90.0,14146,5635,6,49,1,1,1,0,0.82,0.0,6,52,4,1014,5,40.0,2,2545,1121,4,4,697,476,33,11,15,19,34,63,1,18,3,2,11,63,61.1,1,0,18,8,0
Jonas Rouhi,SWE,DF,Juventus,Serie A,21,2004,4,1,192.0,2.1,8.5,0.94,0,0,0,0,0.0,0.0,0.0,0.0,0.0,0,0,0,0,0.0,0.0,0.0,0.0,79.3,1937,577,0,9,0,0,3,0,0.0,0.0,1,9,7,175,4,50.0,2,381,156,4,3,111,90,28,2,4,3,7,2,0,1,3,0,1,13,0.0,0,0,4,2,0
Jérôme Roussillon,FRA,DF,Union Berlin,Bundesliga,32,1993,4,1,85.0,0.9,4.3,-2.12,0,0,0,0,0.1,0.0,0.0,0.1,0.1,1,0,2,0,0.0,2.12,0.0,20.3,66.7,480,210,0,2,0,0,6,0,1.06,0.0,2,5,6,59,2,0.0,0,98,55,1,0,28,22,22,4,0,1,1,6,0,0,0,0,0,0,66.7,0,0,1,2,0
Nicolò Rovella,ITA,MF,Lazio,Serie A,23,2001,22,20,1824.0,20.3,81.1,0.44,0,0,2,2,0.6,1.5,1.4,0.6,2.0,50,3,17,7,41.2,0.84,0.0,27.3,90.3,23573,5840,22,112,11,5,27,1,2.47,0.15,29,111,29,1608,19,68.4,13,5224,2512,18,12,1186,1016,236,7,55,34,89,25,3,12,29,7,34,102,30.0,10,0,33,16,1
Jon Rowe,ENG,FW,Marseille,Ligue 1,21,2003,18,3,493.0,5.5,24.9,0.91,2,2,2,4,2.6,1.6,3.3,2.6,5.9,21,5,27,12,44.4,4.93,0.07,16.6,81.5,2130,434,12,5,9,3,18,3,3.84,0.91,20,21,57,272,31,45.2,14,1088,555,22,10,221,87,171,36,7,1,8,0,0,2,2,5,6,13,23.1,2,0,9,16,4
Amir Rrahmani,KVX,DF,Napoli,Serie A,30,1994,25,25,2250.0,25.0,100.0,0.88,1,1,2,3,2.0,0.5,0.6,2.0,2.6,28,3,22,2,9.1,0.88,0.05,8.8,92.4,32301,10924,6,137,3,1,0,0,1.12,0.12,18,120,1,2001,2,100.0,2,5894,3407,7,4,1438,1103,75,26,25,14,39,93,1,25,11,1,21,86,64.8,2,0,30,5,0
Tommaso Rubino,ITA,MF,Fiorentina,Serie A,18,2006,1,0,8.0,0.1,0.4,0.0,0,0,0,0,0.0,0.1,0.0,0.0,0.0,1,0,0,0,0.0,0.0,0.0,0.0,33.3,22,19,1,0,0,1,0,0,11.25,0.0,0,1,0,3,0,0.0,0,5,4,0,0,1,2,0,0,0,0,0,0,0,0,0,0,0,2,0.0,0,0,1,0,0
Antonio Rüdiger,GER,DF,Real Madrid,La Liga,31,1993,22,21,1806.0,20.1,83.6,1.4,0,0,0,0,1.3,0.3,0.2,1.3,1.5,22,2,19,3,15.8,0.95,0.0,18.2,91.8,26021,8486,6,89,4,1,3,1,1.1,0.1,14,69,2,1662,6,50.0,3,4850,3055,5,2,1265,789,69,18,14,8,22,77,1,18,6,0,8,82,60.9,2,0,11,13,2
Matteo Ruggeri,ITA,DF,Atalanta,Serie A,22,2002,20,17,1470.0,16.3,65.3,0.98,0,0,2,2,0.2,1.4,1.6,0.2,1.8,29,3,2,2,100.0,0.12,0.0,16.1,84.8,14566,3788,17,55,19,0,67,17,1.78,0.18,46,91,89,1216,10,60.0,6,3220,1597,13,3,813,525,409,12,31,15,46,32,1,23,9,10,19,106,65.5,2,0,11,5,2
Aitor Ruibal,ESP,FW,Betis,La Liga,28,1996,17,7,656.0,7.3,30.4,-0.27,0,0,2,2,0.6,0.8,1.3,0.6,1.9,24,2,9,2,22.2,1.23,0.0,17.9,81.6,3327,1280,13,20,8,0,18,4,3.29,0.27,14,24,40,352,15,53.3,8,943,495,15,10,223,163,129,20,12,8,20,13,0,9,2,3,8,33,28.6,3,0,4,8,2
Abel Ruiz,ESP,FW,Girona,La Liga,25,2000,17,14,1099.0,12.2,50.9,-0.08,4,3,0,4,4.5,0.6,0.4,3.0,3.3,9,1,20,7,35.0,1.64,0.15,13.7,87.2,2839,384,4,12,4,1,3,0,0.74,0.08,16,18,57,323,15,33.3,5,997,297,28,17,232,150,149,50,4,4,8,7,0,5,1,1,1,19,28.0,3,0,6,10,5
Ferrán Ruiz,ESP,MF,Girona,La Liga,21,2003,1,0,18.0,0.2,0.8,0.0,0,0,0,0,0.0,0.0,0.0,0.0,0.0,0,0,0,0,0.0,0.0,0.0,0.0,50.0,39,15,0,0,0,0,0,0,0.0,0.0,0,1,0,9,0,0.0,0,15,1,1,0,4,6,1,0,0,1,1,0,0,2,0,0,0,1,0.0,0,0,0,0,0
Fabián Ruiz Peña,ESP,MF,PSG,Ligue 1,28,1996,21,14,1306.0,14.5,66.0,1.58,3,3,1,4,3.4,2.0,2.3,3.4,5.8,57,7,33,8,24.2,2.27,0.09,19.0,90.1,16411,4330,23,110,19,5,19,3,3.93,0.48,34,140,58,1263,13,69.2,9,3657,2000,19,14,996,718,357,41,25,13,38,23,1,16,7,6,15,93,36.4,0,0,2,7,3
Gerónimo Rulli,ARG,GK,Marseille,Ligue 1,32,1992,22,22,1980.0,22.0,100.0,1.09,0,0,0,0,0.0,0.0,0.0,0.0,0.0,4,1,0,0,0.0,0.0,0.0,0.0,86.3,14762,9581,1,6,0,0,0,0,0.18,0.05,0,0,0,860,0,0.0,0,2166,1130,1,0,479,9,0,0,3,0,3,19,2,0,0,0,2,24,85.7,0,0,0,5,0
Georginio Rutter,FRA,FW,Brighton,Premier League,22,2002,24,15,1339.0,14.9,59.5,-0.07,4,4,2,6,3.6,1.3,1.8,3.6,5.4,50,4,43,9,20.9,2.89,0.09,15.5,67.3,2891,1023,14,28,15,10,9,1,3.36,0.27,39,61,67,520,55,38.2,21,2146,1289,33,26,338,197,267,66,27,8,35,12,1,18,12,6,10,52,35.6,2,0,29,37,7
Mathew Ryan,AUS,GK,Lens,Ligue 1,32,1992,2,2,180.0,2.0,0.0,0.0,0,0,0,0,0.0,0.0,0.0,0.0,0.0,0,0,0,0,0.0,0.0,0.0,0.0,66.1,1124,730,0,0,0,0,0,0,0.0,0.0,0,0,0,60,0,0.0,0,208,88,0,0,32,0,0,0,0,0,0,0,0,0,0,0,0,1,100.0,0,0,0,0,0
Julian Ryerson,NOR,DF,Dortmund,Bundesliga,27,1997,18,18,1434.0,15.9,72.4,-0.06,1,1,1,2,0.4,2.1,2.3,0.4,2.7,33,3,10,3,30.0,0.63,0.1,20.3,87.9,14290,3541,21,61,21,1,55,14,2.07,0.19,43,63,91,1134,36,52.8,19,3910,1998,28,9,756,586,305,17,26,14,40,20,1,22,5,4,16,77,23.8,5,1,23,18,0
Frederik Rønnow,DEN,GK,Union Berlin,Bundesliga,32,1992,17,17,1530.0,17.0,77.3,0.06,0,0,0,0,0.0,0.1,0.0,0.0,0.0,4,0,0,0,0.0,0.0,0.0,0.0,72.8,11314,8000,0,14,2,0,0,0,0.24,0.0,0,1,0,596,0,0.0,0,2101,1313,1,0,288,11,0,0,0,0,0,8,2,0,0,0,0,20,100.0,2,0,0,1,0
José Sá,POR,GK,Wolves,Premier League,32,1993,18,18,1620.0,18.0,72.0,-0.61,0,0,0,0,0.0,0.0,0.1,0.0,0.1,4,0,0,0,0.0,0.0,0.0,0.0,61.7,9405,6418,2,13,1,1,0,0,0.22,0.0,0,2,0,624,6,100.0,6,2389,1479,1,0,298,8,0,0,2,0,2,9,1,0,0,0,2,25,100.0,1,0,3,6,0
Elias Saad,TUN,FW,St. Pauli,Bundesliga,25,1999,9,4,441.0,4.9,22.3,-0.41,2,2,2,4,1.0,0.3,0.5,1.0,1.5,22,4,14,5,35.7,2.86,0.14,18.2,72.5,1211,263,8,6,5,0,8,1,4.49,0.82,19,14,39,208,35,31.4,11,1081,553,24,16,153,76,117,29,15,1,16,1,0,6,6,4,9,19,21.4,1,0,10,19,1
Youssouf Sabaly,SEN,DF,Betis,La Liga,31,1993,14,12,1018.0,11.3,47.1,-0.53,0,0,0,0,0.1,0.5,0.4,0.1,0.5,12,2,3,0,0.0,0.27,0.0,14.2,85.0,7169,2555,6,27,5,2,22,4,1.06,0.18,12,34,36,714,17,47.1,8,1410,688,18,7,401,369,127,19,25,10,35,30,0,10,10,2,19,48,36.4,1,0,12,6,1
Emmanuel Sabbi,USA,FW,Le Havre,Ligue 1,27,1997,15,7,653.0,7.3,33.0,-1.1,0,0,0,0,1.9,0.3,0.6,1.9,2.5,20,2,15,4,26.7,2.07,0.0,12.5,71.1,1424,409,4,5,5,1,15,1,2.76,0.28,11,15,39,230,29,37.9,11,747,274,20,10,149,88,106,23,14,3,17,4,0,2,4,3,7,26,40.9,1,0,11,16,2
Stefano Sabelli,ITA,DF,Genoa,Serie A,32,1993,22,15,1354.0,15.0,62.7,0.0,0,0,1,1,0.1,0.8,1.2,0.1,1.3,24,1,5,0,0.0,0.33,0.0,21.5,64.6,9021,4610,10,52,19,1,45,7,1.6,0.07,23,55,36,867,10,20.0,2,1638,975,17,2,442,398,167,7,46,13,59,43,0,19,21,3,26,64,39.3,2,0,21,15,0
Marcel Sabitzer,AUT,MF,Dortmund,Bundesliga,30,1994,19,14,1250.0,13.9,63.1,-0.36,0,0,0,0,1.5,0.9,0.5,1.5,2.0,25,4,14,5,35.7,1.01,0.0,20.2,83.5,7531,2005,8,54,7,3,16,1,1.8,0.29,19,72,54,728,11,27.3,3,1760,893,19,11,502,424,214,24,20,6,26,24,1,13,12,4,14,36,51.9,2,0,8,6,0
Falaye Sacko,MLI,DF,Montpellier,Ligue 1,29,1995,10,10,850.0,9.4,42.9,-2.22,0,0,1,1,0.0,0.2,0.1,0.0,0.1,16,1,0,0,0.0,0.0,0.0,0.0,84.0,6389,2486,5,32,2,0,8,1,1.69,0.11,15,47,27,532,8,25.0,2,1305,669,6,1,307,263,117,6,13,11,24,9,0,14,3,1,7,43,26.3,1,0,11,6,1
Umar Sadiq,NGA,FW,Valencia,La Liga,28,1997,4,0,115.0,1.3,5.3,0.78,1,1,0,1,0.3,0.0,0.1,0.3,0.4,3,0,3,1,33.3,2.35,0.33,14.3,70.6,319,62,1,1,0,0,0,0,2.35,0.0,3,1,9,56,3,33.3,1,213,85,6,9,45,26,27,4,4,0,4,0,0,0,1,2,2,3,54.5,2,0,12,4,1
Umar Sadiq,NGA,FW,Real Sociedad,La Liga,28,1997,7,2,227.0,2.5,5.3,0.78,0,0,0,0,0.2,0.0,0.2,0.2,0.4,3,0,3,1,33.3,2.35,0.33,14.3,70.6,319,62,1,1,0,0,0,0,2.35,0.0,5,5,18,56,3,33.3,1,213,85,6,9,45,26,27,4,4,0,4,0,0,0,1,2,2,3,54.5,2,0,12,4,1
Alexis Saelemaekers,BEL,DF,Roma,Serie A,25,1999,13,10,782.0,8.7,34.8,1.27,4,4,2,6,1.7,1.6,2.3,1.7,4.1,30,5,14,7,50.0,1.61,0.29,16.4,79.9,4763,1380,15,19,15,1,36,5,3.46,0.58,22,35,70,505,22,36.4,8,1568,882,23,9,371,181,226,25,25,5,30,4,0,9,5,3,12,40,66.7,3,0,11,13,0
Alexis Saelemaekers,BEL,DF,Milan,Serie A,25,1999,1,1,90.0,1.0,34.8,1.27,0,0,0,0,0.0,1.6,0.1,0.0,0.1,30,5,14,7,50.0,1.61,0.29,16.4,79.9,4763,1380,15,19,15,1,36,5,3.46,0.58,7,4,13,505,22,36.4,8,1568,882,23,9,371,181,226,25,25,5,30,4,0,9,5,3,12,40,66.7,3,0,11,13,0
Jorge Sáenz,ESP,DF,Leganés,La Liga,28,1996,13,10,850.0,9.4,39.4,-0.64,1,1,0,1,0.4,0.2,0.1,0.4,0.5,8,0,2,1,50.0,0.21,0.5,11.0,83.8,8130,3222,2,21,1,0,0,0,0.85,0.0,5,17,0,621,2,0.0,0,1313,700,5,1,370,263,6,4,20,15,35,79,0,13,9,1,14,29,58.5,2,1,15,7,0
Matvei Safonov,RUS,GK,PSG,Ligue 1,25,1999,6,5,519.0,5.8,26.2,1.56,0,0,0,0,0.0,0.0,0.0,0.0,0.0,0,0,0,0,0.0,0.0,0.0,0.0,79.6,3898,2508,0,1,0,0,0,0,0.0,0.0,0,0,0,212,0,0.0,0,631,369,0,0,114,6,0,0,0,1,1,3,0,1,0,0,0,12,0.0,0,0,0,1,0
Modibo Sagnan,MLI,DF,Montpellier,Ligue 1,25,1999,20,18,1600.0,17.8,80.8,-1.13,2,2,0,2,0.7,0.5,0.6,0.7,1.3,11,2,10,3,30.0,0.56,0.2,11.5,87.7,13294,4525,6,33,3,0,1,0,0.62,0.11,12,35,2,934,14,71.4,10,2707,1406,6,5,564,411,44,17,46,24,70,88,3,20,11,3,26,73,46.3,9,0,28,11,1
Richie Sagrado,BEL,DF,Venezia,Serie A,21,2004,3,3,140.0,1.6,6.5,-2.57,0,0,0,0,0.1,0.0,0.0,0.1,0.1,0,0,1,0,0.0,0.64,0.0,23.2,77.4,291,114,0,2,0,0,0,0,0.0,0.0,0,2,5,46,0,0.0,0,93,55,3,0,24,20,11,0,2,3,5,4,0,1,1,0,2,6,100.0,1,0,2,2,0
Osame Sahraoui,MAR,FW,Lille,Ligue 1,23,2001,21,9,1056.0,11.7,53.3,1.11,3,3,3,6,2.6,3.8,3.1,2.6,5.7,58,6,21,7,33.3,1.79,0.14,16.1,84.7,5996,1611,24,38,33,4,10,2,4.94,0.51,59,74,137,659,66,42.4,28,2873,1435,31,19,515,237,389,63,9,6,15,5,1,11,2,5,7,45,0.0,1,0,6,9,1
Wesley Saïd,FRA,FW,Lens,Ligue 1,29,1995,13,5,416.0,4.6,21.0,0.22,1,1,0,1,2.0,0.4,0.3,2.0,2.3,15,0,9,3,33.3,1.95,0.11,13.9,77.3,1148,251,5,4,6,0,5,0,3.25,0.0,7,14,26,153,14,42.9,6,441,208,8,5,118,64,81,24,4,0,4,1,0,1,3,0,3,7,27.3,2,0,10,2,4
Théo Sainte-Luce,FRA,DF,Montpellier,Ligue 1,26,1998,8,3,395.0,4.4,19.9,-1.37,1,1,0,1,0.8,0.3,0.6,0.8,1.4,6,0,4,2,50.0,0.91,0.25,10.5,70.3,1662,673,6,7,5,0,11,4,1.37,0.0,5,10,17,204,5,100.0,5,440,237,9,4,104,92,54,10,9,2,11,13,0,5,1,0,5,16,70.6,2,0,2,2,0
Bukayo Saka,ENG,FW,Arsenal,Premier League,23,2001,16,16,1268.0,14.1,56.4,1.21,5,4,10,15,4.2,5.6,5.8,3.4,9.2,89,21,45,17,37.8,3.19,0.09,15.9,74.4,6315,1918,42,11,28,4,99,9,6.32,1.49,72,53,195,733,73,45.2,33,3196,1846,24,35,526,163,536,115,22,2,24,7,0,16,10,7,13,56,33.3,3,0,13,32,3
Faik Sakar,GER,MF,RB Leipzig,Bundesliga,17,2008,1,0,1.0,0.0,0.1,0.0,0,0,0,0,0.0,0.0,0.0,0.0,0.0,0,0,0,0,0.0,0.0,0.0,0.0,0.0,0,0,0,0,0,0,0,0,0.0,0.0,0,0,0,0,0,0.0,0,0,0,0,0,0,0,0,0,0,0,0,0,0,0,0,0,0,0,0.0,0,0,0,0,0
Marco Sala,ITA,DF,Como,Serie A,25,1999,8,3,261.0,2.9,11.6,-2.07,0,0,0,0,0.0,0.2,0.1,0.0,0.1,6,0,0,0,0.0,0.0,0.0,0.0,75.7,1728,523,1,8,2,0,9,1,2.07,0.0,10,16,16,173,2,50.0,1,565,311,1,1,116,69,51,1,9,1,10,9,0,2,3,1,6,11,33.3,3,0,5,1,0
Ibrahim Salah,MAR,FW,Brest,Ligue 1,23,2001,12,4,358.0,4.0,18.1,-0.5,1,1,1,2,0.6,0.4,0.6,0.6,1.1,11,2,13,4,30.8,3.27,0.08,19.7,68.2,1255,239,6,2,2,0,15,2,2.76,0.5,15,7,40,186,25,36.0,9,780,423,12,6,138,81,94,16,4,2,6,0,0,2,1,2,2,20,25.0,0,0,6,3,2
Mohamed Salah,EGY,FW,Liverpool,Premier League,32,1992,25,25,2209.0,24.5,98.2,1.47,23,16,14,37,19.3,6.0,9.5,13.8,23.3,111,17,87,40,46.0,3.54,0.18,15.0,70.6,8832,2565,54,38,66,9,46,12,4.52,0.69,100,95,315,1098,86,51.2,44,4573,2304,72,51,936,328,722,238,14,4,18,5,0,4,5,5,9,68,40.0,1,0,17,31,10
Anass Salah-Eddine,NED,DF,Roma,Serie A,23,2002,1,1,77.0,0.9,3.4,1.17,0,0,0,0,0.3,0.0,0.0,0.3,0.3,2,0,2,1,50.0,2.34,0.0,13.0,82.8,769,122,1,1,0,0,3,0,2.34,0.0,7,1,10,68,3,0.0,0,311,206,1,0,49,27,29,4,1,0,1,1,0,0,0,0,1,5,0.0,0,0,0,1,0
Amine Salama,FRA,FW,Reims,Ligue 1,24,2000,17,2,373.0,4.1,0.0,0.0,0,0,0,0,0.7,0.2,0.3,0.7,1.0,8,0,9,3,33.3,2.17,0.0,16.3,75.6,976,197,5,5,2,0,4,0,1.93,0.0,12,9,28,132,17,41.2,7,639,252,18,9,96,56,73,22,3,1,4,0,0,2,2,1,2,11,40.0,0,0,2,1,5
Jan Salas,ESP,MF,Mallorca,La Liga,19,2005,2,0,19.0,0.2,0.9,-9.47,0,0,0,0,0.1,0.0,0.0,0.1,0.1,1,0,2,0,0.0,9.47,0.0,22.9,80.0,142,29,0,2,0,0,0,0,4.74,0.0,0,0,0,19,0,0.0,0,34,29,1,0,9,8,3,0,1,0,1,0,0,0,1,0,1,2,100.0,0,0,0,2,0
Kike Salas,ESP,DF,Sevilla,La Liga,22,2002,18,12,1115.0,12.4,51.6,-0.32,0,0,2,2,0.3,0.8,0.5,0.3,0.8,12,4,7,0,0.0,0.57,0.0,15.4,78.7,11245,4029,5,41,1,0,5,1,0.97,0.32,5,39,12,931,4,50.0,2,1599,862,6,1,574,417,77,9,21,19,40,54,0,15,8,5,13,45,72.5,3,0,10,7,0
Manolis Saliakas,GRE,MF,St. Pauli,Bundesliga,28,1996,19,17,1487.0,16.5,75.1,-0.12,1,1,0,1,1.0,2.0,1.6,1.0,2.6,44,3,20,4,20.0,1.21,0.05,21.9,71.8,12378,5097,18,53,20,2,58,8,2.66,0.18,22,69,61,1066,8,37.5,3,1751,982,3,4,595,469,292,22,32,14,46,42,0,22,14,3,14,60,61.1,3,0,9,12,0
William Saliba,FRA,DF,Arsenal,Premier League,23,2001,23,23,2009.0,22.3,89.3,1.39,2,2,0,2,1.9,0.8,0.5,1.9,2.4,17,1,3,2,66.7,0.13,0.67,2.5,93.8,25888,7761,4,111,3,0,1,0,0.76,0.04,9,79,3,1767,13,69.2,9,4557,2228,12,5,1308,979,73,11,45,14,59,69,3,15,17,1,27,102,54.2,2,1,21,11,1
Mohammed Salisu,GHA,DF,Monaco,Ligue 1,25,1999,13,11,1020.0,11.3,51.5,0.71,1,1,0,1,0.8,0.2,0.1,0.8,0.8,14,1,8,4,50.0,0.71,0.13,8.1,85.4,11686,5228,3,51,2,0,0,0,1.24,0.09,8,68,3,904,1,0.0,0,2800,1519,6,1,596,510,25,14,28,16,44,54,2,10,11,1,18,54,66.0,2,0,9,3,1
Roland Sallai,HUN,FW,Freiburg,Bundesliga,27,1997,2,0,46.0,0.5,2.3,-1.96,0,0,0,0,0.1,0.0,0.1,0.1,0.2,3,0,3,1,33.3,5.87,0.0,22.1,64.7,218,78,1,2,0,0,4,0,5.87,0.0,4,3,2,25,1,0.0,0,173,88,1,1,18,7,15,2,2,1,3,0,0,0,1,0,1,0,0.0,0,0,0,1,0
Yoann Salmier,GUF,DF,Le Havre,Ligue 1,32,1992,13,9,797.0,8.9,40.3,-1.24,0,0,0,0,0.8,0.2,0.2,0.8,1.1,3,1,5,2,40.0,0.56,0.0,9.8,81.8,5596,1997,2,20,1,1,1,0,0.34,0.11,7,24,1,462,5,80.0,4,1202,630,4,0,236,201,33,9,14,10,24,59,0,12,4,1,7,22,64.5,3,0,8,3,0
Lazar Samardzic,SRB,MF,Atalanta,Serie A,22,2002,23,6,946.0,10.5,42.0,1.52,2,2,1,3,1.8,3.1,1.7,1.8,3.4,67,6,28,10,35.7,2.66,0.07,19.4,78.9,7918,1850,28,48,23,5,55,3,6.37,0.57,43,71,86,721,51,51.0,26,3041,1340,29,13,547,282,398,48,16,2,18,6,0,7,6,6,12,43,15.0,2,0,14,7,1
Diadie Samassékou,MLI,MF,Hoffenheim,Bundesliga,29,1996,7,5,286.0,3.2,14.4,-1.89,0,0,0,0,0.1,0.1,0.0,0.1,0.1,4,0,3,1,33.3,0.94,0.0,25.7,92.8,1969,473,0,15,2,0,0,0,1.25,0.0,3,11,2,186,5,80.0,4,311,112,1,3,120,111,42,1,5,5,10,5,0,4,2,2,5,18,33.3,0,0,5,4,0
Mama Samba Baldé,GNB,FW,Lyon,Ligue 1,29,1995,2,0,33.0,0.4,1.7,-5.45,0,0,0,0,0.1,0.0,0.0,0.1,0.1,1,0,1,0,0.0,2.73,0.0,8.7,66.7,37,22,0,1,0,0,0,0,2.73,0.0,1,1,2,15,3,0.0,0,65,28,1,1,9,6,7,2,2,1,3,1,0,0,2,0,2,1,100.0,0,0,1,1,0
Mama Samba Baldé,GNB,FW,Brest,Ligue 1,29,1995,19,10,914.0,10.2,1.7,-5.45,2,2,3,5,2.4,0.0,1.9,2.4,4.3,1,0,1,0,0.0,2.73,0.0,8.7,66.7,37,22,0,1,0,0,0,0,2.73,0.0,27,16,85,15,3,0.0,0,65,28,1,1,9,6,7,2,2,1,3,1,0,0,2,0,2,1,100.0,0,0,1,1,0
Brice Samba,FRA,GK,Rennes,Ligue 1,30,1994,6,6,540.0,6.0,27.3,-0.33,0,0,0,0,0.0,0.0,0.0,0.0,0.0,0,0,0,0,0.0,0.0,0.0,0.0,69.7,4576,3046,0,4,0,0,0,0,0.0,0.0,0,0,0,267,0,0.0,0,644,327,0,0,138,7,0,0,1,0,1,8,1,0,0,0,0,9,100.0,2,0,0,1,0
Brice Samba,FRA,GK,Lens,Ligue 1,30,1994,15,15,1350.0,15.0,27.3,-0.33,0,0,0,0,0.0,0.0,0.0,0.0,0.0,0,0,0,0,0.0,0.0,0.0,0.0,69.7,4576,3046,0,4,0,0,0,0,0.0,0.0,0,1,0,267,0,0.0,0,644,327,0,0,138,7,0,0,1,0,1,8,1,0,0,0,0,9,100.0,2,0,0,1,0
Albert Sambi Lokonga,BEL,MF,Sevilla,La Liga,25,1999,15,12,1117.0,12.4,51.7,-0.32,0,0,2,2,0.3,0.8,0.5,0.3,0.8,21,2,7,2,28.6,0.56,0.0,19.9,89.7,10667,3160,11,64,6,4,2,0,1.69,0.16,19,68,14,807,7,42.9,3,2353,1313,13,10,580,487,118,11,18,7,25,18,3,8,8,1,13,59,70.6,3,0,16,14,0
Junior Sambia,FRA,DF,Empoli,Serie A,28,1996,8,0,90.0,1.0,4.0,-4.0,0,0,0,0,0.1,0.0,0.0,0.1,0.1,0,0,2,0,0.0,2.0,0.0,33.8,55.3,403,197,1,3,1,0,9,0,0.0,0.0,1,7,5,66,6,16.7,1,61,38,1,1,22,29,32,1,5,1,6,0,0,2,2,2,3,5,60.0,0,0,1,0,0
Chuky san jose,ESP,MF,Valladolid,La Liga,20,2004,7,3,237.0,2.6,11.0,-3.8,0,0,0,0,0.2,0.2,0.1,0.2,0.2,5,0,4,1,25.0,1.52,0.0,24.4,61.4,416,138,2,1,1,0,9,1,1.91,0.0,1,2,6,64,2,0.0,0,120,50,3,3,40,27,28,3,3,0,3,1,0,2,1,2,2,5,0.0,1,0,0,6,3
Antonio Sanabria,PAR,FW,Torino,Serie A,28,1996,19,13,1009.0,11.2,44.8,-0.45,2,2,0,2,2.4,0.7,0.4,1.6,2.1,17,1,13,4,30.8,1.16,0.15,15.5,81.0,2334,382,7,13,3,1,0,0,1.52,0.09,5,14,45,294,7,42.9,3,723,148,24,21,236,157,107,27,2,0,2,9,0,5,0,1,2,21,26.7,1,0,10,12,0
Oihan Sancet,ESP,MF,Athletic Club,La Liga,24,2000,20,16,1280.0,14.2,59.3,0.91,12,10,1,13,7.8,1.2,1.3,6.2,7.6,36,6,35,14,40.0,2.46,0.29,15.9,81.6,5561,1399,16,54,13,5,17,1,2.53,0.42,39,73,92,598,38,47.4,18,2433,1350,45,35,482,294,269,53,10,5,15,5,0,9,3,1,6,55,50.0,2,0,12,17,3
Alexis Sánchez,CHI,FW,Udinese,Serie A,36,1988,7,3,241.0,2.7,10.7,0.0,0,0,0,0,0.5,0.1,0.0,0.5,0.6,12,0,4,0,0.0,1.49,0.0,16.1,81.8,953,286,1,6,1,0,5,0,4.48,0.0,1,8,13,101,4,25.0,1,256,55,8,6,84,41,53,8,3,1,4,0,1,3,2,1,1,6,11.1,0,0,2,7,2
Antonio Sánchez,ESP,MF,Mallorca,La Liga,28,1997,20,7,881.0,9.8,40.8,0.0,0,0,0,0,0.8,0.8,0.6,0.8,1.3,11,0,10,1,10.0,1.02,0.0,18.2,73.2,4435,1380,4,24,7,1,20,3,1.12,0.0,11,27,33,473,13,53.8,7,1139,448,12,4,262,202,130,10,18,12,30,24,0,12,4,1,11,48,33.3,1,0,14,7,3
Iván Sánchez,ESP,MF,Valladolid,La Liga,32,1992,20,7,819.0,9.1,37.9,-1.87,1,1,1,2,0.3,1.1,1.4,0.3,1.7,27,3,6,2,33.3,0.66,0.17,22.3,69.1,3877,1207,10,29,6,2,51,3,2.97,0.33,29,39,49,407,30,53.3,16,1892,1015,16,13,283,182,163,11,21,8,29,6,0,10,4,5,12,32,47.1,4,0,10,25,0
Javi Sánchez,ESP,DF,Valladolid,La Liga,27,1997,17,17,1389.0,15.4,64.3,-1.43,1,1,0,1,0.3,0.3,0.2,0.3,0.5,9,1,6,3,50.0,0.39,0.17,21.2,85.5,12878,4706,3,26,0,0,0,0,0.58,0.06,3,17,4,904,1,100.0,1,2228,1084,7,1,616,260,20,8,18,13,31,80,3,27,5,0,13,32,49.1,3,0,14,0,0
Juanlu Sánchez,ESP,MF,Sevilla,La Liga,21,2003,19,10,926.0,10.3,42.9,-0.29,4,4,3,7,1.8,0.5,0.9,1.8,2.7,19,3,12,5,41.7,1.17,0.33,11.9,81.9,4012,995,11,27,5,0,18,2,1.85,0.29,18,32,38,452,14,14.3,2,1106,613,8,8,287,223,136,21,22,8,30,14,0,8,7,2,16,33,40.9,4,1,6,4,1
Manu Sánchez,ESP,DF,Alaves,La Liga,24,2000,20,18,1600.0,17.8,74.1,-0.62,0,0,0,0,0.5,0.7,0.4,0.5,0.9,25,1,8,0,0.0,0.45,0.0,18.4,70.6,8002,3161,7,34,9,0,50,5,1.41,0.06,33,50,57,899,20,25.0,5,2061,1145,26,12,392,379,259,16,45,20,65,40,1,28,17,6,31,65,26.9,6,0,33,11,1
Robert Sánchez,ESP,GK,Chelsea,Premier League,27,1997,21,21,1890.0,21.0,84.0,0.62,0,0,0,0,0.0,0.0,0.0,0.0,0.0,4,2,0,0,0.0,0.0,0.0,0.0,73.3,14637,9609,0,14,1,0,0,0,0.19,0.1,0,1,0,910,0,0.0,0,2822,1789,0,0,578,10,0,0,0,2,2,15,7,0,0,0,0,33,100.0,5,0,2,2,0
Jadon Sancho,ENG,FW,Chelsea,Premier League,24,2000,19,13,1183.0,13.1,52.6,0.38,2,2,4,6,1.5,2.3,2.6,1.5,4.2,45,9,17,4,23.5,1.29,0.12,14.5,82.8,5898,1350,23,18,29,6,15,0,3.42,0.68,68,60,147,649,74,51.4,38,3054,1710,20,14,512,202,374,81,8,1,9,4,2,4,2,4,5,66,0.0,1,0,3,7,5
Philipp Sander,GER,MF,Gladbach,Bundesliga,26,1998,20,10,931.0,10.3,47.0,-0.1,1,1,0,1,0.7,0.5,0.3,0.7,1.0,15,0,10,5,50.0,0.97,0.1,20.6,78.4,6024,1643,7,33,4,2,10,2,1.45,0.0,6,43,14,615,9,44.4,4,1440,581,11,5,376,367,81,12,22,14,36,33,3,12,10,2,11,53,67.6,2,0,11,7,0
James Sands,USA,MF,St. Pauli,Bundesliga,24,2000,7,5,453.0,5.0,22.9,0.2,0,0,0,0,0.1,0.1,0.0,0.1,0.1,7,0,1,0,0.0,0.2,0.0,9.5,76.1,2309,646,1,8,3,0,2,0,1.39,0.0,0,16,6,259,1,100.0,1,407,140,3,3,152,147,49,6,15,5,20,9,0,5,8,2,6,21,68.0,1,0,11,5,1
Leroy Sané,GER,FW,Bayern,Bundesliga,29,1996,18,9,897.0,10.0,45.3,2.11,6,6,2,8,5.2,2.7,1.6,5.2,6.8,40,5,35,13,37.1,3.51,0.17,16.6,81.9,5731,999,17,12,19,0,28,4,4.01,0.5,35,34,147,639,54,40.7,22,2617,1186,31,14,515,230,390,63,10,6,16,1,0,5,6,3,7,44,25.0,1,0,8,14,3
Arouna Sangante,SEN,DF,Le Havre,Ligue 1,22,2002,10,10,792.0,8.8,40.0,-0.91,2,2,0,2,0.5,0.1,0.1,0.5,0.6,11,0,6,3,50.0,0.68,0.33,10.0,85.7,7995,2690,3,36,3,0,2,1,1.25,0.0,8,33,1,588,4,75.0,3,1822,1005,9,5,382,294,35,7,14,16,30,34,1,9,7,0,10,29,53.6,3,1,17,10,1
Ibrahim Sangaré,CIV,MF,Forest,Premier League,27,1997,5,3,249.0,2.8,11.1,0.72,0,0,1,1,0.0,0.1,0.3,0.0,0.3,4,0,1,1,100.0,0.36,0.0,32.0,77.5,1527,454,2,7,1,0,0,0,1.45,0.0,0,11,2,175,0,0.0,0,276,80,3,1,95,114,23,7,15,2,17,3,0,5,10,0,9,20,55.6,2,0,7,5,0
Nhoa Sangui,FRA,DF,Reims,Ligue 1,18,2006,19,8,872.0,9.7,44.0,-0.41,0,0,1,1,0.1,0.4,0.3,0.1,0.4,12,3,3,0,0.0,0.31,0.0,24.5,82.4,5514,1437,3,30,2,0,12,1,1.24,0.31,9,32,44,521,12,58.3,7,1257,586,13,12,321,251,117,8,10,5,15,16,0,7,4,4,5,49,28.6,3,0,7,6,0
Maroan Sannadi,ESP,FW,Athletic Club,La Liga,24,2001,2,1,103.0,1.1,4.8,0.87,0,0,0,0,0.4,0.2,0.0,0.4,0.4,6,0,5,2,40.0,4.37,0.0,17.4,72.0,245,57,1,2,2,1,1,0,5.24,0.0,3,5,7,47,5,40.0,2,152,89,7,2,36,23,25,9,0,0,0,0,0,0,0,0,0,5,50.0,0,0,0,4,0
Kaishu Sano,JPN,MF,Mainz 05,Bundesliga,24,2000,22,22,1963.0,21.8,99.1,0.5,0,0,0,0,0.4,1.3,0.4,0.4,0.8,42,4,12,2,16.7,0.55,0.0,21.1,80.3,12158,3586,9,86,11,0,5,0,1.93,0.18,26,106,27,1173,32,68.8,22,2791,1275,30,20,660,700,208,17,41,34,75,40,0,45,21,7,27,108,58.1,1,0,11,19,1
Nicola Sansone,ITA,MF,Lecce,Serie A,33,1991,5,0,65.0,0.7,2.9,1.38,0,0,0,0,0.2,0.1,0.0,0.2,0.3,5,0,3,1,33.3,4.15,0.0,26.0,81.8,294,98,1,2,0,0,4,0,6.92,0.0,0,1,5,29,1,0.0,0,83,7,1,1,20,10,15,3,0,0,0,0,0,0,0,0,0,1,0.0,1,0,0,1,1
Baptiste Santamaria,FRA,MF,Nice,Ligue 1,29,1995,4,4,357.0,4.0,18.0,1.51,0,0,0,0,0.5,0.1,0.1,0.5,0.6,6,1,7,0,0.0,1.76,0.0,19.2,86.7,2820,880,2,18,2,0,0,0,1.51,0.25,2,18,2,245,2,50.0,1,350,181,5,3,165,154,37,5,11,8,19,9,0,5,6,2,4,18,90.0,0,0,6,10,0
Baptiste Santamaria,FRA,MF,Rennes,Ligue 1,29,1995,10,5,482.0,5.4,18.0,1.51,0,0,1,1,0.1,0.1,0.3,0.1,0.4,6,1,7,0,0.0,1.76,0.0,19.2,86.7,2820,880,2,18,2,0,0,0,1.51,0.25,3,28,9,245,2,50.0,1,350,181,5,3,165,154,37,5,11,8,19,9,0,5,6,2,4,18,90.0,0,0,6,10,0
Jesús Santiago,ESP,MF,Getafe,La Liga,20,2004,15,4,317.0,3.5,14.7,0.0,0,0,0,0,0.0,0.2,0.0,0.0,0.0,4,0,1,0,0.0,0.28,0.0,22.9,69.4,1134,338,0,9,0,0,2,0,1.14,0.0,2,12,4,150,6,0.0,0,376,148,8,0,74,86,33,4,12,0,12,3,0,5,6,0,7,18,20.0,4,0,13,5,0
Andrey Santos,BRA,MF,Strasbourg,Ligue 1,20,2004,21,21,1865.0,20.7,94.2,0.29,7,7,1,8,3.5,1.2,2.4,3.5,5.9,39,3,28,11,39.3,1.35,0.25,16.1,87.6,14675,5018,19,86,9,6,0,0,1.88,0.14,22,104,20,1272,28,46.4,13,2701,1601,31,9,765,737,131,21,76,19,95,40,1,29,34,7,51,134,57.9,5,0,17,42,0
Kauã Santos,BRA,GK,Eint Frankfurt,Bundesliga,21,2003,5,4,405.0,4.5,20.5,0.44,0,0,0,0,0.0,0.0,0.0,0.0,0.0,1,0,0,0,0.0,0.0,0.0,0.0,72.7,2625,1830,0,1,0,0,0,0,0.22,0.0,0,1,0,175,0,0.0,0,478,319,0,0,83,1,0,0,0,0,0,2,2,0,0,0,0,12,100.0,0,0,0,2,0
Tiago Santos,POR,DF,Lille,Ligue 1,22,2002,7,4,404.0,4.5,20.4,1.56,0,0,0,0,0.4,0.8,0.6,0.4,1.0,16,3,8,4,50.0,1.78,0.0,20.9,78.5,2807,603,5,15,8,0,19,4,3.56,0.67,24,17,43,285,21,57.1,12,1183,661,13,3,206,116,120,21,12,2,14,4,0,2,5,3,7,15,60.0,1,0,6,10,2
Pablo Sarabia,ESP,MF,Wolves,Premier League,32,1992,11,6,472.0,5.2,21.0,-1.14,1,1,1,2,2.4,0.8,0.6,2.4,3.0,13,2,10,6,60.0,1.91,0.1,17.6,64.8,2289,859,6,16,10,4,23,0,2.48,0.38,10,29,35,268,9,44.4,4,774,421,9,8,179,131,104,14,11,4,15,5,1,6,6,1,6,18,37.5,2,0,9,10,4
Jeremy Sarmiento,ECU,MF,Brighton,Premier League,22,2002,1,0,9.0,0.1,0.4,10.0,0,0,0,0,0.0,0.0,0.0,0.0,0.0,0,0,0,0,0.0,0.0,0.0,0.0,100.0,74,1,0,0,0,0,0,0,0.0,0.0,0,0,2,8,0,0.0,0,61,10,1,0,7,6,2,0,0,0,0,0,0,0,0,0,0,1,0.0,0,0,0,0,0
Amin Sarr,SWE,FW,Hellas Verona,Serie A,23,2001,19,12,914.0,10.2,40.6,-1.58,3,3,1,4,1.2,0.7,1.8,1.2,3.1,24,2,9,3,33.3,0.89,0.33,15.1,74.7,2230,404,16,13,9,1,1,0,2.37,0.2,15,21,53,344,9,55.6,5,869,361,25,15,245,156,163,25,14,1,15,8,0,8,5,7,8,23,41.5,0,0,25,5,6
Ismaila Sarr,SEN,MF,Crystal Palace,Premier League,26,1998,25,18,1681.0,18.7,74.7,0.05,4,4,3,7,4.5,4.2,4.7,4.5,9.2,75,8,36,20,55.6,1.93,0.11,15.1,66.7,4691,1308,25,16,28,8,36,4,4.02,0.43,44,55,122,676,33,30.3,10,2259,1216,46,29,464,253,325,84,16,6,22,22,0,16,7,3,8,72,38.9,3,0,10,36,7
Malang Sarr,FRA,DF,Lens,Ligue 1,26,1999,10,8,744.0,8.3,37.6,-0.48,0,0,0,0,0.2,0.5,0.1,0.2,0.3,9,0,3,0,0.0,0.36,0.0,13.9,90.5,8766,2626,2,29,1,1,1,0,1.09,0.0,3,25,1,547,1,0.0,0,1650,651,3,3,379,272,24,5,9,13,22,30,1,12,3,0,6,39,80.0,0,0,4,3,0
Mamadou Sarr,FRA,DF,Strasbourg,Ligue 1,19,2005,16,16,1397.0,15.5,70.6,0.52,0,0,1,1,0.2,0.2,0.3,0.2,0.5,9,1,2,0,0.0,0.13,0.0,8.8,93.1,16987,5601,5,40,1,0,1,1,0.58,0.06,5,38,1,1117,15,60.0,9,3015,1447,9,7,826,520,23,6,21,17,38,63,2,13,10,1,12,58,45.9,2,0,20,8,0
Martin Satriano,URU,FW,Lens,Ligue 1,23,2001,4,0,41.0,0.5,2.1,2.2,0,0,0,0,0.3,0.1,0.1,0.3,0.5,1,0,3,0,0.0,6.59,0.0,8.6,55.6,103,26,2,0,0,0,1,0,2.14,0.0,2,1,11,32,2,50.0,1,83,30,2,2,19,10,16,8,3,0,3,2,0,0,1,1,1,4,60.0,0,0,1,0,0
Razvan Sava,ROU,GK,Udinese,Serie A,22,2002,11,11,990.0,11.0,44.0,0.0,0,0,0,0,0.0,0.0,0.0,0.0,0.0,0,0,0,0,0.0,0.0,0.0,0.0,68.9,6412,4252,0,6,0,0,0,0,0.0,0.0,0,0,0,386,0,0.0,0,1035,605,1,0,211,0,0,0,0,0,0,6,2,0,0,0,0,12,0.0,1,0,1,1,0
Téji Savanier,FRA,MF,Montpellier,Ligue 1,33,1991,20,20,1703.0,18.9,86.0,-1.64,2,0,5,7,3.6,5.3,5.5,2.0,7.6,95,7,34,12,35.3,1.8,0.0,26.4,68.6,16500,5349,48,118,19,11,149,5,5.02,0.37,20,122,87,1295,51,33.3,17,3299,1417,34,23,837,747,416,30,20,12,32,15,3,13,10,5,17,91,53.3,3,1,17,45,1
Sávio,BRA,FW,City,Premier League,20,2004,20,15,1260.0,14.0,56.0,0.43,1,1,7,8,3.5,5.3,5.5,3.5,9.0,81,14,41,17,41.5,2.93,0.02,18.2,80.6,7363,1359,32,12,40,5,65,8,5.79,1.0,99,53,164,792,89,47.2,42,4754,2649,34,27,613,191,574,109,17,4,21,5,1,9,9,5,11,57,0.0,2,0,14,17,1
Nicolò Savona,ITA,DF,Juventus,Serie A,21,2003,22,16,1405.0,15.6,62.4,1.02,2,2,1,3,0.5,0.9,1.2,0.5,1.6,27,2,6,4,66.7,0.38,0.33,14.8,89.8,14786,4248,15,53,11,0,31,8,1.73,0.13,31,52,39,1075,11,54.5,6,3639,1558,9,4,784,539,189,14,26,7,33,22,0,7,8,1,13,58,35.0,3,0,9,8,1
Saba Sazonov,GEO,DF,Torino,Serie A,23,2002,1,0,3.0,0.0,0.1,-60.0,0,0,0,0,0.0,0.0,0.0,0.0,0.0,0,0,0,0,0.0,0.0,0.0,0.0,0.0,0,0,0,0,0,0,0,0,0.0,0.0,0,0,0,1,0,0.0,0,0,0,0,0,0,0,0,0,0,0,0,0,0,1,0,0,0,0,0.0,0,0,0,0,0
Joe Scally,USA,DF,Gladbach,Bundesliga,22,2002,21,21,1752.0,19.5,88.5,0.26,0,0,0,0,0.1,1.0,0.9,0.1,1.0,20,2,3,0,0.0,0.15,0.0,25.1,83.5,14820,4450,8,37,9,3,30,3,1.03,0.1,34,45,45,1297,44,56.8,25,3725,1797,19,19,820,593,218,13,32,13,45,52,1,29,12,2,23,68,37.1,4,0,17,34,0
Giorgio Scalvini,ITA,DF,Atalanta,Serie A,21,2003,6,4,272.0,3.0,12.1,-0.66,0,0,0,0,0.1,0.1,0.0,0.1,0.1,1,0,4,0,0.0,1.32,0.0,18.6,84.6,2779,1088,0,14,2,1,0,0,0.33,0.0,5,20,7,228,7,71.4,5,685,380,2,0,171,116,29,4,8,4,12,7,0,0,3,0,4,13,57.1,2,0,7,1,0
Gianluca Scamacca,ITA,FW,Atalanta,Serie A,26,1999,1,0,6.0,0.1,0.3,0.0,0,0,0,0,0.1,0.0,0.0,0.1,0.1,0,0,1,1,100.0,15.0,0.0,9.5,100.0,8,0,0,0,0,0,0,0,0.0,0.0,0,0,0,2,0,0.0,0,1,0,0,0,2,1,1,1,0,0,0,0,0,0,0,0,0,0,0.0,0,0,0,0,0
Oliver Scarles,ENG,DF,West Ham,Premier League,19,2005,7,0,161.0,1.8,7.2,-1.12,0,0,0,0,0.1,0.0,0.0,0.1,0.1,1,0,2,0,0.0,1.12,0.0,17.3,73.9,1119,269,0,2,1,0,5,0,0.56,0.0,2,7,14,126,5,20.0,1,240,111,6,0,59,46,41,4,4,1,5,7,0,8,0,1,2,12,50.0,0,0,1,0,1
Dane Scarlett,ENG,FW,Tottenham,Premier League,20,2004,1,0,12.0,0.1,0.5,7.5,0,0,0,0,0.0,0.0,0.0,0.0,0.0,0,0,0,0,0.0,0.0,0.0,0.0,50.0,8,0,0,0,0,0,0,0,0.0,0.0,1,0,0,2,0,0.0,0,24,21,0,0,0,2,0,0,0,0,0,0,0,0,0,0,0,1,0.0,0,0,0,0,1
Kevin Schade,GER,FW,Brentford,Premier League,23,2001,25,13,1239.0,13.8,55.1,0.29,7,7,2,9,5.2,1.0,2.3,5.2,7.5,29,7,34,15,44.1,2.47,0.21,11.8,59.2,2521,704,10,21,5,1,20,0,2.11,0.51,34,27,94,466,45,28.9,13,1828,797,30,24,308,136,266,76,25,4,29,16,0,8,8,7,19,42,58.9,2,0,10,19,12
András Schäfer,HUN,MF,Union Berlin,Bundesliga,25,1999,15,9,795.0,8.8,40.2,-0.34,1,1,1,2,0.5,0.8,0.6,0.5,1.2,19,3,8,1,12.5,0.91,0.13,21.5,76.6,3814,852,5,22,8,0,7,0,2.15,0.34,13,39,25,474,17,47.1,8,974,417,13,5,256,259,135,12,26,13,39,13,0,21,13,3,13,36,60.0,2,0,15,16,0
Fabian Schär,SUI,DF,Newcastle,Premier League,33,1991,21,20,1782.0,19.8,79.2,0.2,2,2,0,2,1.5,0.8,0.3,1.5,1.8,18,2,20,6,30.0,1.01,0.1,18.8,83.5,20502,8151,3,98,9,3,6,0,0.91,0.1,12,68,14,1435,10,70.0,7,4276,2470,7,2,1003,595,91,19,21,29,50,79,2,26,12,0,14,93,39.4,5,1,19,8,3
Patrik Schick,CZE,FW,Leverkusen,Bundesliga,29,1996,19,9,842.0,9.4,42.5,1.39,14,14,0,14,8.2,0.5,0.5,8.2,8.7,17,0,39,21,53.8,4.17,0.36,11.2,77.6,2047,273,7,8,3,0,1,0,1.81,0.0,1,12,64,327,16,37.5,6,588,123,17,19,250,139,164,63,4,2,6,8,1,5,2,2,3,15,50.0,3,0,10,7,3
Stefan Schimmer,GER,FW,Heidenheim,Bundesliga,30,1994,9,0,193.0,2.1,9.7,-1.87,0,0,0,0,1.0,0.3,0.3,1.0,1.3,4,0,9,1,11.1,4.2,0.0,13.5,61.4,447,74,4,0,2,0,3,1,1.86,0.0,0,3,15,69,1,0.0,0,87,12,4,0,41,25,40,15,2,0,2,1,0,1,1,0,0,7,12.5,1,0,1,1,1
Joël Schingtienne,BEL,DF,Venezia,Serie A,22,2002,4,2,215.0,2.4,10.0,-2.09,0,0,0,0,0.0,0.0,0.0,0.0,0.0,2,0,0,0,0.0,0.0,0.0,0.0,82.4,1257,416,1,1,0,0,0,0,0.84,0.0,1,4,1,126,2,100.0,2,295,121,4,3,57,52,14,3,6,3,9,6,0,3,1,0,5,13,0.0,1,0,1,0,0
Xaver Schlager,AUT,MF,RB Leipzig,Bundesliga,27,1997,4,2,181.0,2.0,9.1,0.0,0,0,0,0,0.1,0.4,0.7,0.1,0.8,2,0,1,0,0.0,0.5,0.0,22.0,86.7,1392,408,1,6,1,1,1,0,0.99,0.0,5,6,2,123,1,100.0,1,310,225,3,2,89,80,14,1,4,0,4,3,0,7,1,1,2,8,0.0,1,0,4,3,0
Keven Schlotterbeck,GER,DF,Augsburg,Bundesliga,27,1997,15,14,1144.0,12.7,57.8,-0.47,3,3,1,4,0.8,0.4,0.4,0.8,1.2,18,2,12,4,33.3,0.94,0.25,12.7,83.0,9439,3817,4,36,2,2,1,0,1.42,0.16,2,50,2,736,2,100.0,2,1283,639,8,0,448,348,49,19,14,11,25,65,1,11,7,0,13,51,69.2,4,1,9,10,1
Nico Schlotterbeck,GER,DF,Dortmund,Bundesliga,25,1999,18,18,1532.0,17.0,77.4,-0.12,0,0,2,2,1.1,1.0,0.9,1.1,2.0,34,4,11,3,27.3,0.65,0.0,13.7,90.1,27637,10158,12,165,7,2,5,2,2.0,0.23,32,141,10,1798,15,66.7,10,5434,3305,8,7,1333,1044,110,16,32,20,52,56,0,26,13,1,20,110,67.3,5,2,14,16,0
Jeffrey Schlupp,GHA,MF,Crystal Palace,Premier League,32,1992,12,0,103.0,1.1,4.6,-0.87,0,0,0,0,0.2,0.1,0.2,0.2,0.3,7,0,4,2,50.0,3.5,0.0,17.7,78.0,591,144,3,4,2,0,4,0,6.06,0.0,4,5,9,79,1,100.0,1,150,67,7,0,41,31,41,6,2,0,2,2,0,6,0,1,0,6,42.9,0,0,1,0,0
Romano Schmid,AUT,MF,Werder Bremen,Bundesliga,25,2000,21,21,1868.0,20.8,94.3,-0.14,1,1,3,4,2.3,5.4,3.9,2.3,6.2,97,10,31,7,22.6,1.49,0.03,18.0,74.5,12837,4571,40,107,59,13,83,15,4.67,0.48,77,185,136,1322,60,41.7,25,4823,2694,48,39,1011,616,554,74,34,11,45,7,1,31,18,8,19,115,47.4,3,0,22,26,3
Niklas Schmidt,GER,MF,Toulouse,Ligue 1,26,1998,9,2,205.0,2.3,10.4,-0.44,0,0,1,1,0.1,0.9,0.7,0.1,0.8,12,1,3,1,33.3,1.32,0.0,25.3,78.9,2834,884,5,23,4,0,16,0,5.27,0.44,2,23,1,194,1,0.0,0,489,228,0,2,123,110,50,2,6,1,7,4,0,0,5,0,4,24,50.0,0,0,5,1,0
Jan Schöppner,GER,MF,Heidenheim,Bundesliga,25,1999,22,21,1812.0,20.1,91.5,-0.75,3,3,1,4,2.8,1.5,2.7,2.8,5.5,37,2,31,10,32.3,1.54,0.1,16.0,75.5,9888,2798,16,46,13,2,8,2,1.84,0.1,26,74,36,999,25,44.0,11,2819,1502,27,15,558,502,233,48,35,32,67,63,1,27,18,8,20,89,50.0,4,0,24,12,1
Marvin Schulz,GER,DF,Holstein Kiel,Bundesliga,30,1995,8,3,259.0,2.9,13.1,-2.43,0,0,0,0,0.0,0.5,0.7,0.0,0.7,8,0,3,1,33.3,1.04,0.0,28.1,78.7,2144,645,4,6,2,0,12,2,2.77,0.0,3,10,1,194,2,0.0,0,459,241,7,2,104,87,29,1,5,0,5,10,0,10,2,1,4,16,0.0,2,0,3,1,0
Alexander Schwolow,GER,GK,Union Berlin,Bundesliga,32,1992,5,5,450.0,5.0,22.7,-1.8,0,0,0,0,0.0,0.1,0.0,0.0,0.0,0,0,0,0,0.0,0.0,0.0,0.0,76.3,3207,2364,0,2,2,0,0,0,0.0,0.0,0,0,0,168,0,0.0,0,511,269,0,0,98,0,0,0,0,0,0,1,0,0,0,0,0,9,100.0,0,0,0,0,0
Léo Scienza,BRA,FW,Heidenheim,Bundesliga,26,1998,19,12,926.0,10.3,46.8,-0.87,3,3,2,5,1.6,3.2,2.8,1.6,4.4,60,5,30,14,46.7,2.92,0.1,21.2,64.8,3389,1435,25,21,12,1,62,7,5.82,0.48,51,25,72,460,71,43.7,31,2544,1624,37,10,280,192,226,35,13,5,18,8,1,10,4,1,9,41,15.4,0,0,12,47,5
Alex Scott,ENG,MF,Bournemouth,Premier League,21,2003,9,2,277.0,3.1,12.3,0.32,0,0,0,0,0.2,0.3,0.2,0.2,0.4,13,1,4,1,25.0,1.3,0.0,22.5,89.0,2230,830,5,25,4,1,0,0,4.21,0.32,5,36,15,209,14,14.3,2,661,296,5,4,130,104,63,6,17,6,23,5,0,9,4,4,8,25,16.7,0,0,4,14,0
Simone Scuffet,ITA,GK,Cagliari,Serie A,28,1996,13,13,1170.0,13.0,52.0,-0.92,0,0,0,0,0.0,0.0,0.0,0.0,0.0,2,0,0,0,0.0,0.0,0.0,0.0,70.3,8534,6695,0,5,0,0,0,0,0.15,0.0,0,0,0,442,0,0.0,0,1040,641,0,0,178,4,0,0,0,0,0,8,2,0,0,0,0,17,75.0,0,0,0,1,0
Jérémy Sebas,MTQ,FW,Strasbourg,Ligue 1,21,2003,13,1,190.0,2.1,9.6,0.47,0,0,0,0,0.7,0.0,0.0,0.7,0.7,4,0,6,2,33.3,2.84,0.0,15.6,65.9,344,73,1,4,2,0,2,0,1.91,0.0,6,3,10,70,8,75.0,6,245,156,6,4,46,25,35,9,3,0,3,4,0,2,1,1,2,10,50.0,0,0,6,2,2
Aleksandar Sedlar,SRB,DF,Alaves,La Liga,33,1991,7,5,426.0,4.7,19.7,0.0,0,0,0,0,0.0,0.0,0.0,0.0,0.0,1,0,1,0,0.0,0.21,0.0,11.8,79.0,2556,986,0,6,0,0,0,0,0.21,0.0,1,6,1,197,1,0.0,0,509,286,0,0,101,98,3,2,15,7,22,12,1,2,10,0,9,12,72.7,1,1,7,4,0
Jacopo Seghetti,ITA,GK,Empoli,Serie A,20,2005,1,1,90.0,1.0,4.0,-2.0,0,0,0,0,0.0,0.0,0.0,0.0,0.0,0,0,0,0,0.0,0.0,0.0,0.0,63.6,384,277,0,0,0,0,0,0,0.0,0.0,0,0,0,24,0,0.0,0,53,44,0,0,9,0,0,0,0,0,0,0,0,0,0,0,0,0,0.0,0,0,0,0,0
Alidu Seidu,GHA,DF,Rennes,Ligue 1,24,2000,11,10,803.0,8.9,40.6,0.11,0,0,0,0,0.1,0.4,0.3,0.1,0.4,12,0,3,0,0.0,0.34,0.0,19.9,82.2,7350,2223,5,33,8,1,4,0,1.34,0.0,23,41,17,616,18,50.0,9,2129,1091,5,10,337,329,90,5,22,14,36,17,0,13,6,2,18,67,45.0,4,0,10,28,1
Nicolas Seiwald,AUT,DF,RB Leipzig,Bundesliga,23,2001,18,10,1150.0,12.8,58.1,0.31,0,0,0,0,0.1,1.1,0.9,0.1,0.9,28,2,2,0,0.0,0.16,0.0,25.3,82.3,10907,4257,13,53,13,1,27,2,2.19,0.16,11,76,15,907,5,60.0,3,1635,765,3,7,580,511,107,3,29,22,51,49,2,18,14,2,17,77,32.3,1,0,13,1,0
Hiroki Sekine,JPN,DF,Reims,Ligue 1,22,2002,3,0,49.0,0.5,2.5,-1.84,0,0,0,0,0.0,0.0,0.0,0.0,0.0,3,0,1,0,0.0,1.84,0.0,13.6,75.6,438,155,0,0,1,0,5,0,5.51,0.0,2,4,13,54,1,0.0,0,113,66,2,0,34,12,31,3,0,2,2,3,0,0,0,0,0,2,100.0,0,0,1,1,0
Matz Sels,BEL,GK,Forest,Premier League,32,1992,25,25,2250.0,25.0,100.0,0.48,0,0,0,0,0.0,0.1,0.0,0.0,0.0,4,0,0,0,0.0,0.0,0.0,0.0,51.5,12965,11272,0,28,2,0,0,0,0.16,0.0,0,1,0,724,0,0.0,0,2141,1103,0,0,288,14,0,0,1,0,1,15,1,0,0,0,1,8,92.3,2,0,0,7,0
Nélson Semedo,POR,DF,Wolves,Premier League,31,1993,21,20,1787.0,19.9,79.4,-0.2,0,0,3,3,0.4,1.0,2.3,0.4,2.8,39,6,10,5,50.0,0.5,0.0,25.9,80.0,10351,3020,16,49,10,1,35,6,1.96,0.3,42,42,70,1046,44,50.0,22,3171,1742,22,9,591,483,241,16,44,8,52,79,1,24,12,6,27,80,44.4,7,0,36,17,3
Antoine Semenyo,GHA,FW,Bournemouth,Premier League,25,2000,24,24,2106.0,23.4,93.6,0.56,7,7,4,11,7.7,3.2,4.3,7.7,12.0,89,10,92,29,31.5,3.93,0.08,16.5,71.5,7480,1863,29,36,30,6,42,5,3.8,0.43,98,68,204,1108,100,55.0,55,5197,2541,61,52,771,378,613,139,35,5,40,26,0,45,17,5,20,111,46.9,6,0,47,29,8
Marvin Senaya,TOG,DF,Strasbourg,Ligue 1,24,2001,10,1,227.0,2.5,11.5,-1.59,0,0,0,0,0.0,0.0,0.1,0.0,0.1,3,0,1,0,0.0,0.4,0.0,22.5,79.7,1854,596,2,6,1,0,1,1,1.19,0.0,1,5,2,173,2,0.0,0,231,109,0,1,86,73,15,0,8,7,15,12,0,6,2,1,3,13,50.0,3,0,4,4,0
Marcos Senesi,ARG,DF,Bournemouth,Premier League,27,1997,11,11,917.0,10.2,40.8,0.0,0,0,0,0,0.8,0.5,0.4,0.8,1.2,16,1,2,0,0.0,0.2,0.0,6.0,76.1,9108,4764,5,66,12,0,7,3,1.57,0.1,11,45,3,698,8,62.5,5,2287,1306,5,5,437,339,63,12,33,11,44,42,0,14,10,2,21,62,47.6,4,0,17,7,0
Stefano Sensi,ITA,MF,Monza,Serie A,29,1995,8,2,211.0,2.3,9.4,-1.28,1,0,0,1,0.9,0.2,0.0,0.1,0.1,7,0,4,1,25.0,1.71,0.0,30.8,87.4,3495,1077,0,22,3,0,6,0,2.97,0.0,2,23,4,228,5,60.0,3,859,373,1,1,180,141,34,1,6,3,9,2,1,3,4,0,4,10,50.0,0,0,3,5,0
Suat Serdar,GER,MF,Hellas Verona,Serie A,27,1997,14,12,937.0,10.4,41.6,-1.54,1,1,1,2,1.7,0.4,0.8,1.7,2.6,23,1,26,6,23.1,2.5,0.04,20.5,75.9,4269,1185,7,33,2,3,3,0,2.21,0.1,14,37,15,461,28,50.0,14,1324,590,15,10,279,268,115,24,20,6,26,13,0,12,13,0,13,53,50.0,4,1,23,12,0
Sergi,ESP,DF,Leganés,La Liga,32,1992,23,22,1976.0,22.0,91.5,-0.46,2,2,0,2,1.1,0.4,0.4,1.1,1.5,8,2,8,3,37.5,0.36,0.25,9.9,83.5,17334,6727,4,32,2,0,1,0,0.36,0.09,3,48,1,1286,3,100.0,3,2799,1432,3,0,816,510,16,11,25,30,55,128,2,25,11,1,18,54,45.9,2,1,22,6,5
Nicolás Serrano,ESP,FW,Athletic Club,La Liga,21,2003,4,1,112.0,1.2,5.2,-1.61,0,0,0,0,0.2,0.1,0.0,0.2,0.2,2,0,5,1,20.0,4.02,0.0,24.6,56.8,342,90,1,2,1,0,13,1,1.61,0.0,2,4,18,68,9,33.3,3,163,65,1,3,44,19,42,4,1,1,2,1,0,4,1,0,1,3,0.0,0,0,2,2,0
Benjamin Šeško,SVN,FW,RB Leipzig,Bundesliga,21,2003,21,20,1521.0,16.9,76.8,0.41,9,9,3,12,5.6,1.1,1.0,5.6,6.5,29,6,36,19,52.8,2.13,0.25,15.9,69.6,3181,749,9,16,8,3,2,0,1.71,0.35,30,27,77,574,48,47.9,23,1718,840,41,34,433,314,204,47,6,5,11,13,0,7,3,3,2,43,53.9,2,1,17,10,10
Ryan Sessegnon,ENG,MF,Fulham,Premier League,24,2000,4,0,19.0,0.2,0.8,9.47,0,0,0,0,0.0,0.0,0.0,0.0,0.0,0,0,0,0,0.0,0.0,0.0,0.0,37.5,25,0,0,0,0,0,1,0,0.0,0.0,1,0,2,13,0,0.0,0,75,63,0,2,6,6,4,0,0,1,1,2,0,0,0,0,0,1,0.0,0,0,2,0,0
Stephan El Shaarawy,ITA,DF,Roma,Serie A,32,1992,20,11,895.0,9.9,39.8,1.31,3,3,3,6,1.8,1.6,1.0,1.8,2.8,37,8,21,9,42.9,2.11,0.14,19.1,77.9,4648,1268,12,12,15,4,23,3,3.72,0.8,37,36,69,511,31,45.2,14,2081,1056,18,8,340,206,244,35,13,7,20,10,0,3,5,5,11,38,31.3,2,0,5,9,5
Luke Shaw,ENG,DF,Manchester Utd,Premier League,29,1995,2,0,70.0,0.8,3.1,1.29,0,0,0,0,0.0,0.0,0.0,0.0,0.0,0,0,0,0,0.0,0.0,0.0,0.0,88.1,1503,573,0,6,0,0,0,0,0.0,0.0,1,6,0,107,0,0.0,0,335,143,1,0,93,56,5,0,2,1,3,1,0,1,1,0,2,4,0.0,0,0,0,0,0
Alen Sherri,ALB,GK,Cagliari,Serie A,27,1997,6,6,540.0,6.0,24.0,-0.33,0,0,0,0,0.0,0.0,0.0,0.0,0.0,2,0,0,0,0.0,0.0,0.0,0.0,75.3,3658,2598,1,2,0,0,0,0,0.33,0.0,0,0,0,212,0,0.0,0,566,283,0,0,103,3,0,0,1,0,1,1,0,0,0,0,0,14,0.0,0,0,0,0,0
Eldor Shomurodov,UZB,FW,Roma,Serie A,29,1995,14,2,357.0,4.0,15.9,0.0,1,1,1,2,1.3,0.6,0.2,1.3,1.5,14,4,12,6,50.0,3.03,0.08,11.3,79.1,963,162,6,4,2,1,2,0,3.53,1.01,7,8,22,152,10,30.0,3,381,178,21,5,110,69,74,17,4,0,4,2,0,6,2,0,1,7,48.3,1,0,5,3,3
Djibril Sidibé,FRA,DF,Toulouse,Ligue 1,32,1992,16,12,1100.0,12.2,55.6,0.49,0,0,2,2,0.3,1.5,2.0,0.3,2.3,21,4,3,0,0.0,0.25,0.0,7.7,79.9,10182,4765,12,47,17,5,26,7,1.72,0.33,5,71,24,801,11,72.7,8,1541,817,13,7,474,406,142,6,39,15,54,30,0,8,14,6,19,64,58.8,1,0,13,15,0
Armindo Sieb,GER,FW,Mainz 05,Bundesliga,22,2003,21,5,701.0,7.8,35.4,0.39,2,2,2,4,2.7,0.6,1.1,2.7,3.8,16,3,25,7,28.0,3.21,0.08,15.8,69.7,1680,487,7,12,8,1,6,2,2.05,0.39,25,16,54,294,30,36.7,11,1058,475,29,18,210,134,134,42,9,1,10,6,0,3,5,1,3,27,34.3,2,0,13,10,9
Vincent Sierro,SUI,MF,Toulouse,Ligue 1,29,1995,17,15,1349.0,15.0,68.1,0.0,1,0,1,2,1.2,2.7,2.6,0.4,3.0,42,3,10,0,0.0,0.67,0.0,23.0,75.2,11091,3764,22,60,17,6,50,0,2.8,0.2,8,95,16,992,13,30.8,4,2240,1017,22,12,628,537,218,15,33,12,45,26,1,22,16,4,20,82,55.8,3,0,15,17,0
Tim Siersleben,GER,DF,Heidenheim,Bundesliga,24,2000,6,4,343.0,3.8,17.3,-1.57,0,0,0,0,0.1,0.2,0.2,0.1,0.3,5,0,1,0,0.0,0.26,0.0,12.6,83.9,4050,1874,3,8,2,0,3,2,1.31,0.0,2,8,4,270,1,100.0,1,718,369,0,0,173,84,13,3,8,4,12,33,0,5,2,1,6,13,38.1,2,0,5,3,0
Zain Silcott-Duberry,MSR,FW,Bournemouth,Premier League,19,2005,1,0,1.0,0.0,0.0,0.0,0,0,0,0,0.0,0.0,0.0,0.0,0.0,0,0,0,0,0.0,0.0,0.0,0.0,50.0,25,0,0,0,0,0,0,0,0.0,0.0,0,0,0,3,0,0.0,0,6,6,0,0,2,0,2,0,1,0,1,0,0,0,0,1,1,0,0.0,0,0,0,0,0
Kiliann Sildillia,FRA,DF,Freiburg,Bundesliga,22,2002,11,3,349.0,3.9,17.6,-0.52,1,1,0,1,0.2,0.2,0.1,0.2,0.3,6,0,1,1,100.0,0.26,1.0,4.5,71.0,2771,1044,2,11,2,0,7,0,1.55,0.0,3,14,14,263,3,66.7,2,518,225,5,3,138,122,51,4,8,4,12,20,0,6,1,2,6,16,52.2,1,0,3,3,0
André Silva,POR,FW,Werder Bremen,Bundesliga,29,1995,2,0,84.0,0.9,4.2,-4.29,0,0,0,0,0.0,0.0,0.1,0.0,0.1,2,0,1,0,0.0,1.07,0.0,10.7,70.4,288,36,1,0,1,0,0,0,2.14,0.0,1,1,7,42,7,0.0,0,116,38,2,1,30,25,15,4,0,0,0,0,0,1,0,0,0,3,66.7,1,0,1,3,1
André Silva,POR,FW,RB Leipzig,Bundesliga,29,1995,8,0,132.0,1.5,4.2,-4.29,1,0,2,3,1.3,0.0,0.6,0.5,1.1,2,0,1,0,0.0,1.07,0.0,10.7,70.4,288,36,1,0,1,0,0,0,2.14,0.0,6,4,11,42,7,0.0,0,116,38,2,1,30,25,15,4,0,0,0,0,0,1,0,0,0,3,66.7,1,0,1,3,1
Bernardo Silva,POR,MF,City,Premier League,30,1994,23,21,1916.0,21.3,85.2,0.23,2,2,4,6,2.9,3.3,4.0,2.9,6.9,69,7,25,9,36.0,1.17,0.08,12.5,86.3,15704,2860,38,55,21,3,45,6,3.24,0.33,77,89,156,1380,46,47.8,22,5659,2851,16,26,1025,537,623,121,32,16,48,17,3,22,17,5,24,70,30.0,5,0,18,21,2
Caio Henrique Oliveira Silva,BRA,DF,Monaco,Ligue 1,27,1997,15,10,953.0,10.6,48.1,0.94,0,0,3,3,0.1,3.1,3.3,0.1,3.4,36,5,2,1,50.0,0.19,0.0,17.2,77.0,8411,2863,21,53,18,2,68,6,3.4,0.47,33,59,78,802,11,90.9,10,2172,1259,15,3,480,361,279,19,21,8,29,25,0,12,10,2,15,56,26.7,1,0,9,7,1
Fábio Silva,POR,FW,Las Palmas,La Liga,22,2002,17,16,1293.0,14.4,59.9,-0.28,7,6,2,9,6.6,0.5,0.8,5.0,5.8,28,3,36,16,44.4,2.51,0.17,14.2,63.7,2674,431,10,10,9,2,14,2,1.95,0.21,24,18,85,485,37,40.5,15,1444,626,41,18,326,220,222,72,7,3,10,19,0,10,2,2,3,35,55.2,7,0,29,29,13
Jota Silva,POR,FW,Forest,Premier League,25,1999,24,4,715.0,7.9,31.8,0.0,1,1,1,2,1.0,1.8,2.8,1.0,3.8,27,3,15,3,20.0,1.89,0.07,14.2,60.4,1326,404,13,2,8,1,19,3,3.4,0.38,17,13,45,301,28,32.1,9,982,540,23,11,165,82,153,39,22,12,34,15,0,9,9,2,11,39,45.0,4,0,18,20,6
Eric da Silva Moreira,GER,MF,Forest,Premier League,18,2006,2,0,30.0,0.3,1.3,0.0,0,0,0,0,0.0,0.0,0.0,0.0,0.0,0,0,0,0,0.0,0.0,0.0,0.0,87.5,86,7,0,0,0,0,0,0,0.0,0.0,1,0,1,13,1,0.0,0,26,11,1,0,3,4,2,0,2,1,3,0,0,0,0,0,2,2,0.0,0,0,0,0,0
Rui Silva,POR,GK,Betis,La Liga,31,1994,15,15,1350.0,15.0,62.5,-0.13,0,0,0,0,0.0,0.0,0.1,0.0,0.1,5,0,0,0,0.0,0.0,0.0,0.0,78.6,10283,6196,2,5,0,0,0,0,0.33,0.0,0,0,0,553,0,0.0,0,1482,710,1,0,277,1,0,0,0,0,0,7,0,1,0,0,0,25,100.0,1,0,1,2,0
Marco Silvestri,ITA,GK,Empoli,Serie A,33,1991,1,1,90.0,1.0,0.0,0.0,0,0,0,0,0.0,0.0,0.0,0.0,0.0,0,0,0,0,0.0,0.0,0.0,0.0,64.5,547,420,0,1,0,0,0,0,0.0,0.0,0,0,0,38,0,0.0,0,94,37,0,0,22,0,0,0,0,0,0,3,0,0,0,0,0,2,0.0,0,0,0,0,0
Abdallah Sima,SEN,FW,Brest,Ligue 1,23,2001,17,8,734.0,8.2,37.1,-0.12,3,3,2,5,2.5,0.5,0.5,2.5,3.0,14,3,22,10,45.5,2.7,0.14,14.6,69.4,1917,418,5,7,2,0,13,1,1.72,0.37,24,17,56,317,18,27.8,5,1276,426,30,10,226,121,155,34,7,1,8,9,0,3,2,4,6,42,46.0,2,0,9,17,3
Mohamed Simakan,FRA,DF,RB Leipzig,Bundesliga,24,2000,1,1,54.0,0.6,2.7,0.0,0,0,0,0,0.0,0.2,0.3,0.0,0.3,3,0,0,0,0.0,0.0,0.0,0.0,84.0,779,306,3,5,2,0,1,1,5.0,0.0,3,7,4,52,1,0.0,0,130,70,0,0,39,35,9,2,0,2,2,0,0,0,0,0,0,3,75.0,0,0,0,1,0
Giovanni Simeone,ARG,FW,Napoli,Serie A,29,1995,21,1,329.0,3.7,14.6,0.55,1,1,1,2,1.6,0.2,0.5,1.6,2.1,11,2,11,2,18.2,3.01,0.09,16.0,71.6,748,92,6,3,1,1,2,0,3.02,0.55,7,4,21,147,8,37.5,3,422,216,15,10,110,69,69,19,1,1,2,3,0,6,1,0,0,20,17.1,0,0,4,11,1
Giuliano Simeone,ARG,MF,Atleti,La Liga,22,2002,19,13,996.0,11.1,46.1,1.17,1,1,3,4,1.8,2.2,2.3,1.8,4.1,28,3,12,5,41.7,1.08,0.08,13.1,76.4,4134,1187,13,17,14,1,24,5,2.53,0.27,38,28,101,573,31,38.7,12,1820,966,31,8,408,234,253,43,11,7,18,7,0,13,3,6,6,56,23.8,3,0,10,22,3
Moses Simon,NGA,FW,Nantes,Ligue 1,29,1995,20,20,1652.0,18.4,83.4,-0.44,5,3,7,12,3.7,3.5,4.3,2.1,6.4,80,10,31,12,38.7,1.69,0.1,19.4,61.7,6091,1738,40,18,29,4,148,16,4.36,0.54,103,42,160,757,94,48.9,46,4303,2324,43,31,520,245,460,86,10,9,19,11,0,10,4,4,8,84,17.6,1,0,7,32,8
Unai Simón,ESP,GK,Athletic Club,La Liga,27,1997,7,7,630.0,7.0,29.2,0.71,0,0,0,0,0.0,0.0,0.0,0.0,0.0,2,0,0,0,0.0,0.0,0.0,0.0,73.2,4271,3438,0,0,0,0,0,0,0.29,0.0,0,0,0,220,0,0.0,0,665,378,1,1,107,3,0,0,0,0,0,4,3,0,0,0,0,12,100.0,0,0,0,0,0
Xavi Simons,NED,MF,RB Leipzig,Bundesliga,21,2003,14,14,1194.0,13.3,60.3,0.9,5,5,3,8,2.6,3.8,4.5,2.6,7.0,49,6,26,12,46.2,1.96,0.19,18.3,80.3,8229,2244,28,45,29,14,45,3,3.69,0.45,50,81,99,850,50,40.0,20,2818,1541,42,27,622,440,345,45,11,6,17,11,0,8,7,1,9,61,37.5,3,0,14,28,3
Jahmai Simpson-Pusey,ENG,DF,City,Premier League,19,2005,2,1,96.0,1.1,4.3,-0.94,0,0,0,0,0.0,0.0,0.0,0.0,0.0,0,0,0,0,0.0,0.0,0.0,0.0,93.0,1754,549,0,3,0,0,0,0,0.0,0.0,1,3,0,123,1,0.0,0,376,190,1,0,101,59,3,1,1,0,1,2,0,1,0,0,0,3,25.0,1,0,0,1,0
Danel Sinani,LUX,FW,St. Pauli,Bundesliga,27,1997,14,4,405.0,4.5,20.5,-0.67,1,1,1,2,0.4,0.6,0.9,0.4,1.3,18,2,14,5,35.7,3.11,0.07,23.1,73.1,1814,506,5,16,7,3,10,0,4.0,0.44,5,22,19,231,8,37.5,3,526,166,11,5,158,109,101,11,8,1,9,7,0,5,4,4,6,16,22.2,2,0,10,2,2
Lassine Sinayoko,MLI,FW,Auxerre,Ligue 1,25,1999,22,18,1554.0,17.3,78.5,-0.35,2,1,4,6,3.7,2.6,3.4,2.9,6.3,70,11,36,8,22.2,2.08,0.03,17.2,75.8,4671,1055,23,15,11,1,20,2,4.05,0.64,37,46,134,663,40,27.5,11,1900,917,32,26,449,261,303,80,24,9,33,26,0,12,11,6,15,52,27.7,4,0,22,21,11
Wilfried Singo,CIV,DF,Monaco,Ligue 1,24,2000,16,13,1187.0,13.2,59.9,0.23,1,1,2,3,1.2,0.4,1.2,1.2,2.4,10,2,9,3,33.3,0.68,0.11,10.7,84.7,13463,4689,5,55,6,0,9,1,0.76,0.15,21,65,17,977,8,62.5,5,3208,1926,8,4,625,546,65,18,23,27,50,55,2,6,7,1,16,82,63.2,3,0,22,19,3
Luis Sinisterra,COL,FW,Bournemouth,Premier League,25,1999,9,1,211.0,2.3,9.4,0.85,1,1,1,2,1.1,0.9,1.0,1.1,2.1,13,1,12,6,50.0,5.12,0.08,15.7,78.7,856,149,9,5,1,0,5,1,5.49,0.42,14,4,30,125,16,43.8,7,560,280,4,3,83,32,81,18,6,0,6,6,0,3,2,2,1,15,14.3,0,0,3,2,1
Daley Sinkgraven,NED,DF,Las Palmas,La Liga,29,1995,2,1,91.0,1.0,4.2,-0.99,0,0,0,0,0.0,0.0,0.0,0.0,0.0,2,0,0,0,0.0,0.0,0.0,0.0,75.8,682,211,1,2,1,0,4,0,1.98,0.0,2,3,7,77,1,100.0,1,262,95,1,1,50,35,20,1,5,1,6,2,0,1,2,0,1,6,100.0,0,0,2,2,0
Jailson Siqueira,BRA,DF,Celta Vigo,La Liga,29,1995,7,5,453.0,5.0,21.0,0.4,0,0,0,0,0.1,0.1,0.0,0.1,0.1,7,0,2,1,50.0,0.4,0.0,11.9,89.8,5728,2191,0,20,0,0,1,0,1.39,0.0,4,30,2,401,4,75.0,3,1286,705,0,5,299,209,25,6,7,8,15,18,1,5,2,0,7,24,52.9,0,0,2,4,0
Ibrahim Sissoko,MLI,FW,Saint-Etienne,Ligue 1,29,1995,16,8,808.0,9.0,40.8,-1.45,3,2,1,4,4.3,0.3,0.6,3.5,4.1,20,1,21,4,19.0,2.34,0.1,14.6,65.7,1601,196,7,9,1,1,3,0,2.23,0.11,13,11,34,283,11,27.3,3,676,285,33,12,195,135,110,35,11,2,13,13,0,10,3,3,9,22,36.4,1,0,36,20,9
Ibrahima Sissoko,MLI,MF,Bochum,Bundesliga,27,1997,21,19,1697.0,18.9,85.7,-1.11,1,1,1,2,1.0,1.4,0.7,1.0,1.6,40,3,17,4,23.5,0.9,0.06,19.0,75.7,8535,2847,15,52,10,2,13,4,2.12,0.16,26,72,38,895,37,54.1,20,2276,1044,18,16,491,512,145,27,47,28,75,40,0,23,21,2,33,98,53.6,5,0,45,21,2
Niama Sissoko,MLI,FW,Reims,Ligue 1,19,2005,4,0,47.0,0.5,2.4,-1.91,0,0,0,0,0.3,0.0,0.0,0.3,0.3,1,0,3,0,0.0,5.74,0.0,12.1,63.6,136,5,0,0,1,0,0,0,1.91,0.0,1,1,2,24,2,0.0,0,59,17,4,2,15,9,14,6,0,0,0,0,0,1,0,0,0,2,25.0,0,0,3,0,0
Antonio Sivera,ESP,GK,Alaves,La Liga,28,1996,20,20,1763.0,19.6,81.6,-0.46,0,0,0,0,0.0,0.1,0.1,0.0,0.1,7,0,0,0,0.0,0.0,0.0,0.0,58.3,13944,12035,1,26,1,0,0,0,0.36,0.0,0,1,0,667,0,0.0,0,1977,1399,0,0,223,17,0,0,1,0,1,13,0,0,0,0,0,14,75.0,4,0,3,4,0
Tim Skarke,GER,FW,Union Berlin,Bundesliga,28,1996,21,8,793.0,8.8,40.1,-0.45,0,0,1,1,1.8,0.9,0.8,1.8,2.7,25,2,16,6,37.5,1.82,0.0,17.0,71.2,2431,576,14,8,12,0,23,7,2.84,0.23,22,19,70,347,16,37.5,6,1057,469,21,16,253,145,158,27,8,4,12,10,0,6,5,0,7,37,25.0,1,0,8,12,9
Ellyes Skhiri,TUN,MF,Eint Frankfurt,Bundesliga,29,1995,19,17,1400.0,15.6,70.7,1.09,0,0,1,1,0.6,1.3,1.0,0.6,1.6,36,5,9,0,0.0,0.58,0.0,19.3,88.2,10932,3008,14,55,10,1,2,0,2.31,0.32,7,67,19,971,10,80.0,8,2175,955,19,5,653,561,134,12,18,16,34,30,2,23,8,2,10,73,50.0,4,0,13,13,1
Oliver Skipp,ENG,MF,Leicester City,Premier League,24,2000,15,7,765.0,8.5,34.0,-1.53,0,0,0,0,0.1,0.3,0.2,0.1,0.3,10,0,3,1,33.3,0.35,0.0,20.2,84.7,4411,1105,8,23,4,2,2,0,1.18,0.0,13,22,13,424,9,44.4,4,987,492,10,5,290,270,59,5,14,8,22,10,1,14,9,1,4,31,72.7,4,0,11,11,0
Leo Skiri Østigård,NOR,DF,Rennes,Ligue 1,25,1999,16,14,1227.0,13.6,62.0,-0.51,1,1,0,1,0.7,0.2,0.2,0.7,0.9,8,0,6,2,33.3,0.44,0.17,8.8,84.8,12920,4774,2,42,0,0,0,0,0.59,0.0,3,50,1,948,2,50.0,1,2421,1125,7,1,589,490,19,11,20,15,35,81,1,12,4,0,18,51,70.1,4,0,18,5,0
Leo Skiri Østigård,NOR,DF,Hoffenheim,Bundesliga,25,1999,2,2,180.0,2.0,62.0,-0.51,0,0,0,0,0.2,0.2,0.0,0.2,0.2,8,0,6,2,33.3,0.44,0.17,8.8,84.8,12920,4774,2,42,0,0,0,0,0.59,0.0,0,10,0,948,2,50.0,1,2421,1125,7,1,589,490,19,11,20,15,35,81,1,12,4,0,18,51,70.1,4,0,18,5,0
Łukasz Skorupski,POL,GK,Bologna,Serie A,33,1991,17,17,1530.0,17.0,70.8,0.35,0,0,0,0,0.0,0.0,0.0,0.0,0.0,3,0,0,0,0.0,0.0,0.0,0.0,77.5,14003,8999,0,13,0,0,0,0,0.18,0.0,0,0,0,683,0,0.0,0,1978,1121,0,0,429,8,0,0,1,0,1,5,1,0,0,0,0,27,100.0,1,0,1,4,0
Andreas Skov Olsen,DEN,MF,Wolfsburg,Bundesliga,25,1999,3,0,83.0,0.9,4.2,2.17,0,0,0,0,0.1,0.1,0.5,0.1,0.6,6,0,2,0,0.0,2.17,0.0,15.3,85.0,547,143,4,1,3,0,7,1,6.51,0.0,5,4,4,52,3,33.3,1,175,105,0,1,31,17,26,2,3,0,3,3,0,0,1,0,3,4,0.0,0,0,0,0,0
Robert Skov,DEN,DF,Union Berlin,Bundesliga,28,1996,15,11,852.0,9.5,43.0,-0.21,2,1,2,4,1.7,3.5,2.4,0.9,3.3,37,5,16,5,31.3,1.69,0.06,22.5,65.9,5404,2361,19,18,16,2,61,5,3.9,0.53,25,36,45,564,17,29.4,5,1447,758,21,3,291,261,200,23,15,8,23,9,0,8,7,0,11,43,50.0,1,0,14,10,1
Milan Škriniar,SVK,DF,PSG,Ligue 1,30,1995,5,4,382.0,4.2,19.3,1.88,0,0,0,0,0.2,0.0,0.1,0.2,0.3,6,0,3,0,0.0,0.71,0.0,10.8,96.5,6457,2316,1,15,0,0,0,0,1.41,0.0,3,20,0,417,3,0.0,0,1111,603,2,0,309,213,5,3,7,3,10,16,0,7,4,0,5,25,58.3,1,0,4,5,1
Steven Skrzybski,GER,FW,Holstein Kiel,Bundesliga,32,1992,13,6,625.0,6.9,31.6,-0.29,4,3,1,5,2.8,1.4,1.0,2.0,3.0,22,2,15,8,53.3,2.16,0.2,19.0,67.0,2476,826,10,17,8,3,21,5,3.17,0.29,8,28,35,286,16,68.8,11,671,323,14,10,185,142,108,19,9,7,16,4,0,9,4,4,1,32,18.2,0,0,10,11,0
Naatan Skyttä,FIN,FW,Toulouse,Ligue 1,22,2002,1,0,5.0,0.1,0.3,0.0,0,0,0,0,0.0,0.0,0.0,0.0,0.0,0,0,0,0,0.0,0.0,0.0,0.0,100.0,32,1,0,1,0,0,0,0,0.0,0.0,0,0,0,5,0,0.0,0,3,1,0,0,3,2,3,0,1,0,1,0,0,0,0,1,0,1,0.0,0,0,1,0,0
William Smallbone,IRL,MF,Southampton,Premier League,24,2000,9,4,376.0,4.2,16.7,-1.91,0,0,0,0,0.3,0.6,0.3,0.3,0.6,10,0,4,0,0.0,0.96,0.0,19.3,74.0,2191,499,4,6,1,0,22,1,2.39,0.0,3,14,15,238,2,100.0,2,382,191,9,3,142,115,90,11,11,1,12,4,1,4,4,2,5,15,75.0,1,0,6,3,0
Adam Smith,ENG,DF,Bournemouth,Premier League,33,1991,17,12,1035.0,11.5,46.0,0.52,0,0,0,0,0.6,0.1,0.1,0.6,0.7,12,1,1,0,0.0,0.09,0.0,10.2,76.7,5134,1780,3,31,3,0,18,1,1.04,0.09,7,31,16,507,11,36.4,4,783,370,10,5,224,222,115,3,16,11,27,37,1,9,4,4,8,34,42.1,4,0,8,9,0
Eric Smith,SWE,DF,St. Pauli,Bundesliga,28,1997,20,20,1747.0,19.4,88.2,-0.57,1,1,0,1,0.8,2.0,1.1,0.8,1.8,39,1,13,5,38.5,0.67,0.08,25.4,80.2,17101,6596,18,67,10,1,73,4,2.01,0.05,10,58,4,1234,2,100.0,2,2422,1120,8,2,685,596,170,3,30,25,55,82,3,25,10,2,22,79,51.3,5,0,15,11,2
Justin Smith,CAN,MF,Espanyol,La Liga,22,2003,5,3,209.0,2.3,9.7,0.86,0,0,0,0,0.0,0.0,0.0,0.0,0.0,2,1,0,0,0.0,0.0,0.0,0.0,65.6,654,165,1,3,0,0,1,0,0.86,0.43,4,6,7,95,3,33.3,1,340,132,4,1,49,53,12,0,9,4,13,3,0,5,6,0,3,8,100.0,0,0,5,2,0
Emile Smith Rowe,ENG,MF,Fulham,Premier League,24,2000,23,19,1515.0,16.8,67.3,0.18,5,5,2,7,4.0,1.5,1.1,4.0,5.1,61,11,29,8,27.6,1.72,0.17,15.2,89.9,9802,1931,18,61,12,2,11,1,3.62,0.65,48,100,89,903,26,53.8,14,3029,1640,25,13,705,417,376,44,26,8,34,11,0,15,11,9,14,50,25.0,1,0,12,12,4
Ivan Smolčić,CRO,DF,Como,Serie A,24,2000,2,2,180.0,2.0,8.0,0.5,0,0,0,0,0.0,0.0,0.0,0.0,0.0,3,0,2,1,50.0,1.0,0.0,9.7,73.3,1456,454,0,4,0,0,0,0,1.5,0.0,2,7,1,148,1,0.0,0,249,54,2,1,68,77,17,3,1,7,8,13,0,4,1,0,0,5,60.0,0,0,2,3,0
Eduard Sobol,UKR,DF,Strasbourg,Ligue 1,29,1995,6,0,61.0,0.7,3.1,4.43,0,0,0,0,0.0,0.0,0.0,0.0,0.0,0,0,0,0,0.0,0.0,0.0,0.0,65.4,286,154,0,1,0,0,1,0,0.0,0.0,0,2,2,40,0,0.0,0,43,10,1,0,15,11,2,0,0,2,2,10,0,1,0,0,0,3,75.0,2,0,3,1,0
Simon Sohm,SUI,MF,Parma,Serie A,23,2001,25,24,2048.0,22.8,91.0,-0.62,3,3,0,3,2.5,1.4,1.5,2.5,4.0,56,0,25,7,28.0,1.1,0.12,19.3,85.2,12006,3258,15,84,17,6,12,3,2.46,0.0,52,94,34,1054,20,55.0,11,3646,2223,19,17,749,641,246,33,21,18,39,30,0,6,9,4,13,87,60.0,3,0,15,18,1
Alex Sola,ESP,MF,Getafe,La Liga,25,1999,19,13,1029.0,11.4,47.6,-0.44,0,0,1,1,1.0,0.8,0.7,1.0,1.6,26,2,15,2,13.3,1.31,0.0,18.6,64.0,2177,529,9,12,2,0,18,1,2.28,0.18,24,23,61,446,61,34.4,21,1570,631,54,21,302,166,225,35,21,7,28,11,1,8,12,0,14,47,39.1,4,0,24,26,7
Dominic Solanke,ENG,FW,Tottenham,Premier League,27,1997,18,18,1598.0,17.8,71.0,0.45,7,7,3,10,8.5,1.1,2.6,8.5,11.0,33,7,46,19,41.3,2.59,0.15,12.3,70.7,2675,744,12,22,9,3,4,0,1.86,0.39,27,37,71,502,42,33.3,14,1584,658,44,35,338,229,230,93,15,0,15,18,0,13,10,4,9,30,43.4,0,0,27,28,4
Ola Solbakken,NOR,MF,Empoli,Serie A,26,1998,14,6,591.0,6.6,26.3,-0.15,0,0,0,0,0.8,0.2,0.4,0.8,1.2,9,1,3,3,100.0,0.46,0.0,11.0,66.7,1466,446,7,9,3,1,5,1,1.37,0.15,13,15,25,187,13,46.2,6,785,294,10,7,139,97,69,13,5,2,7,8,0,0,5,0,3,13,33.3,1,0,7,1,2
Carlos Soler,ESP,MF,West Ham,Premier League,28,1997,20,12,1036.0,11.5,46.0,-0.69,1,1,1,2,1.2,1.2,1.1,1.2,2.3,40,2,19,5,26.3,1.65,0.05,19.7,84.0,6378,1791,11,32,10,4,25,0,3.48,0.17,11,43,20,566,16,43.8,7,1281,510,8,11,382,294,148,16,11,5,16,12,2,13,5,0,10,50,37.5,5,0,21,11,0
Oumar Solet,FRA,DF,Udinese,Serie A,25,2000,6,6,502.0,5.6,22.3,0.54,0,0,1,1,0.0,0.1,0.4,0.0,0.4,9,2,2,0,0.0,0.36,0.0,17.4,89.2,5394,1768,6,7,0,0,0,0,1.61,0.36,5,14,0,390,14,78.6,11,982,511,5,4,244,165,26,4,11,8,19,21,0,13,4,0,8,25,41.7,2,1,5,6,0
Jhon Solis,COL,MF,Girona,La Liga,20,2004,12,2,393.0,4.4,18.2,-0.92,1,1,0,1,0.6,0.3,0.1,0.6,0.7,6,0,3,1,33.3,0.69,0.33,15.5,90.0,3167,806,2,22,1,1,2,1,1.37,0.0,4,23,11,284,12,41.7,5,951,407,9,10,215,175,55,4,8,4,12,5,1,12,5,1,4,17,60.0,1,0,4,5,0
Yann Sommer,SUI,GK,Inter,Serie A,36,1988,25,25,2250.0,25.0,100.0,1.36,0,0,0,0,0.0,0.0,0.0,0.0,0.0,5,0,0,0,0.0,0.0,0.0,0.0,88.8,19527,12568,0,4,0,0,0,0,0.2,0.0,0,1,0,975,0,0.0,0,2855,1541,0,0,667,2,0,0,0,0,0,6,1,0,0,0,0,38,100.0,0,0,0,1,0
David Soria,ESP,GK,Getafe,La Liga,31,1993,24,24,2160.0,24.0,100.0,0.08,0,0,0,0,0.0,0.1,0.0,0.0,0.0,4,0,0,0,0.0,0.0,0.0,0.0,52.0,13933,12425,0,35,1,0,0,0,0.17,0.0,0,0,0,680,0,0.0,0,1734,1186,2,0,171,13,0,0,4,0,4,10,2,0,0,0,4,14,100.0,1,0,0,0,0
Juan Soriano,ESP,GK,Leganés,La Liga,27,1997,6,6,540.0,6.0,25.0,-0.67,0,0,0,0,0.0,0.0,0.0,0.0,0.0,0,0,0,0,0.0,0.0,0.0,0.0,53.0,3513,2922,0,0,0,0,0,0,0.0,0.0,0,0,0,199,0,0.0,0,447,281,0,0,59,0,0,0,1,0,1,2,0,0,0,0,1,5,0.0,1,1,0,3,0
Borna Sosa,CRO,DF,Torino,Serie A,27,1998,19,14,1181.0,13.1,52.5,-0.15,0,0,0,0,0.3,0.9,0.7,0.3,1.0,24,1,4,1,25.0,0.3,0.0,20.2,79.6,9165,2699,11,43,22,0,51,12,1.83,0.08,13,51,49,781,7,42.9,3,2251,866,9,1,454,372,193,14,26,14,40,33,0,13,7,5,19,53,45.7,0,0,12,7,1
Ramón Sosa,PAR,FW,Forest,Premier League,25,1999,14,1,241.0,2.7,10.7,-0.75,1,1,0,1,0.9,0.3,0.4,0.9,1.4,12,0,10,5,50.0,3.73,0.1,18.9,68.4,850,244,7,2,4,0,7,2,4.46,0.0,10,4,14,124,10,70.0,7,505,269,5,5,66,35,64,11,4,3,7,4,0,7,0,2,2,18,40.0,1,0,6,6,3
Hugo Sotelo,ESP,MF,Celta Vigo,La Liga,21,2003,16,10,894.0,9.9,41.4,0.2,0,0,0,0,0.1,1.3,1.3,0.1,1.4,29,0,3,0,0.0,0.3,0.0,23.1,85.9,12448,3275,16,77,12,2,35,3,2.92,0.0,15,65,28,844,14,42.9,6,2644,1091,6,9,661,542,172,6,22,4,26,5,0,7,7,8,13,57,25.0,4,0,16,8,1
Florian Sotoca,FRA,FW,Lens,Ligue 1,34,1990,20,15,1207.0,13.4,61.0,0.0,0,0,1,1,3.4,1.8,1.1,3.4,4.5,32,2,30,11,36.7,2.24,0.0,14.3,73.2,6888,1875,13,45,21,4,54,6,2.39,0.15,31,70,117,771,26,42.3,11,1897,1029,16,13,586,358,351,56,12,8,20,20,0,10,3,7,9,59,64.1,2,0,11,12,4
Riccardo Sottil,ITA,FW,Fiorentina,Serie A,25,1999,18,8,833.0,9.3,37.0,0.11,1,1,1,2,0.9,1.0,0.9,0.9,1.7,35,4,22,6,27.3,2.38,0.05,19.7,70.5,3011,484,12,5,12,1,41,4,3.78,0.43,71,18,100,356,27,40.7,11,2907,1868,21,8,285,118,217,41,5,4,9,3,0,1,1,1,4,44,30.8,1,0,7,33,1
Riccardo Sottil,ITA,FW,Milan,Serie A,25,1999,1,1,45.0,0.5,37.0,0.11,0,0,0,0,0.0,1.0,0.0,0.0,0.0,35,4,22,6,27.3,2.38,0.05,19.7,70.5,3011,484,12,5,12,1,41,4,3.78,0.43,2,0,7,356,27,40.7,11,2907,1868,21,8,285,118,217,41,5,4,9,3,0,1,1,1,4,44,30.8,1,0,7,33,1
Tomáš Souček,CZE,MF,West Ham,Premier League,29,1995,23,20,1750.0,19.4,77.8,-0.41,5,5,1,6,3.7,1.2,1.0,3.7,4.7,39,3,38,9,23.7,1.95,0.13,11.6,74.3,8640,2526,13,52,7,0,8,1,2.01,0.15,4,57,43,881,7,57.1,4,1032,372,13,8,518,449,194,74,29,13,42,58,0,25,14,3,14,44,56.1,8,0,33,17,2
Matìas Soulé,ARG,MF,Roma,Serie A,21,2003,14,9,731.0,8.1,32.5,-0.49,2,2,0,2,1.8,1.1,1.0,1.8,2.8,37,2,20,7,35.0,2.46,0.1,20.1,81.2,4977,1034,17,22,12,2,30,2,4.55,0.25,33,36,82,552,49,34.7,17,2037,1025,25,16,407,198,306,33,8,3,11,7,0,12,3,4,5,52,46.2,2,0,8,22,0
Boubakary Soumaré,FRA,MF,Leicester City,Premier League,25,1999,18,14,1285.0,14.3,57.1,-1.47,0,0,0,0,0.2,0.6,0.3,0.2,0.5,26,3,5,0,0.0,0.35,0.0,23.6,86.0,9910,2767,7,61,11,2,7,2,1.82,0.21,19,62,15,901,33,63.6,21,2424,1275,17,15,626,560,110,12,27,17,44,17,2,9,9,2,15,90,65.2,8,0,19,12,0
Issa Soumaré,SEN,MF,Le Havre,Ligue 1,24,2000,17,10,941.0,10.5,47.5,-0.48,1,1,1,2,2.0,0.5,1.2,2.0,3.2,22,2,21,9,42.9,2.01,0.05,15.9,62.5,2367,521,12,8,5,0,13,0,2.1,0.19,25,20,77,416,32,25.0,8,1434,617,31,13,282,181,190,46,10,5,15,15,0,6,7,2,7,53,60.8,0,0,11,28,2
Djibril Sow,SUI,MF,Sevilla,La Liga,28,1997,19,14,1245.0,13.8,57.6,-0.14,1,1,1,2,1.8,0.4,0.6,1.8,2.3,36,3,13,4,30.8,0.94,0.08,18.2,87.5,8451,2200,12,54,8,0,4,0,2.6,0.22,14,70,31,719,16,25.0,4,1894,845,22,7,499,450,124,20,8,14,22,12,0,8,4,0,3,75,51.5,4,0,19,28,0
Saidou Sow,GUI,DF,Strasbourg,Ligue 1,22,2002,12,11,1018.0,11.3,51.4,-0.27,0,0,1,1,0.3,0.1,0.2,0.3,0.5,6,1,4,1,25.0,0.35,0.0,10.6,90.7,10281,3407,2,12,2,0,0,0,0.53,0.09,0,16,2,735,2,50.0,1,1531,687,4,3,548,245,16,8,9,15,24,37,2,15,3,0,5,36,51.6,2,0,7,5,1
Saidou Sow,GUI,DF,Nantes,Ligue 1,22,2002,4,4,360.0,4.0,51.4,-0.27,0,0,0,0,0.0,0.1,0.0,0.0,0.0,6,1,4,1,25.0,0.35,0.0,10.6,90.7,10281,3407,2,12,2,0,0,0,0.53,0.09,2,11,0,735,2,50.0,1,1531,687,4,3,548,245,16,8,9,15,24,37,2,15,3,0,5,36,51.6,2,0,7,5,1
Djed Spence,ENG,DF,Tottenham,Premier League,24,2000,12,8,770.0,8.6,34.2,0.58,0,0,1,1,0.2,0.8,1.2,0.2,1.3,16,3,5,1,20.0,0.58,0.0,27.3,86.2,6763,1821,7,42,9,2,14,5,1.87,0.35,30,45,38,677,39,56.4,22,2345,1341,10,12,432,306,150,12,28,9,37,25,1,17,6,5,23,39,57.9,3,1,8,9,1
Leonardo Spinazzola,ITA,DF,Napoli,Serie A,31,1993,16,7,637.0,7.1,28.3,1.27,1,1,1,2,0.2,1.6,1.8,0.2,2.0,21,2,4,2,50.0,0.57,0.25,17.1,80.8,5216,1637,14,26,12,2,26,2,2.97,0.28,39,37,38,465,26,38.5,10,2085,1162,8,10,312,207,159,22,7,3,10,12,1,4,3,1,6,28,66.7,1,0,3,3,1
Anton Stach,GER,DF,Hoffenheim,Bundesliga,26,1998,19,18,1604.0,17.8,81.0,-0.28,1,1,1,2,1.3,2.2,0.9,1.3,2.2,37,3,20,8,40.0,1.12,0.05,19.9,83.4,15935,5849,16,74,22,3,19,8,2.08,0.17,18,98,21,1254,23,47.8,11,3407,1975,11,6,771,702,173,18,45,24,69,57,1,27,24,4,32,112,59.3,4,0,19,21,0
Jens Stage,DEN,MF,Werder Bremen,Bundesliga,28,1996,16,15,1246.0,13.8,62.9,-0.07,7,7,3,10,4.1,2.6,1.9,4.1,6.0,32,8,25,8,32.0,1.81,0.28,13.0,77.1,7302,2340,12,37,15,3,18,4,2.31,0.58,15,55,49,746,13,38.5,5,1486,693,15,2,484,375,178,48,25,16,41,26,1,28,12,1,17,62,41.9,5,0,22,17,1
Josip Stanišić,CRO,DF,Bayern,Bundesliga,24,2000,3,0,74.0,0.8,3.7,1.22,0,0,0,0,0.0,0.1,0.1,0.0,0.1,4,2,0,0,0.0,0.0,0.0,0.0,87.0,643,159,2,2,1,0,1,0,4.86,2.43,2,2,4,59,1,100.0,1,205,73,1,1,32,24,17,1,3,0,3,5,0,3,1,1,3,3,0.0,0,0,0,1,0
Filip Stankovic,SRB,GK,Venezia,Serie A,22,2002,16,16,1367.0,15.2,63.3,-0.53,0,0,0,0,0.0,0.0,0.0,0.0,0.0,1,0,0,0,0.0,0.0,0.0,0.0,72.5,9420,6671,0,2,0,0,0,0,0.07,0.0,0,0,0,566,0,0.0,0,1802,1156,0,0,304,5,0,0,0,0,0,11,2,0,0,0,0,15,100.0,1,0,0,1,0
Jay Stansfield,ENG,MF,Fulham,Premier League,22,2002,1,0,1.0,0.0,0.0,0.0,0,0,0,0,0.0,0.0,0.0,0.0,0.0,0,0,0,0,0.0,0.0,0.0,0.0,0.0,0,0,0,0,0,0,0,0,0.0,0.0,0,0,0,0,0,0.0,0,0,0,0,0,0,0,0,0,0,0,0,0,0,0,0,0,0,0,0.0,0,0,1,0,0
Carl Starfelt,SWE,DF,Celta Vigo,La Liga,29,1995,21,19,1716.0,19.1,79.4,-0.31,1,1,0,1,0.3,0.2,0.1,0.3,0.4,12,1,4,1,25.0,0.21,0.25,12.9,93.3,20235,7089,4,37,1,0,0,0,0.63,0.05,5,46,1,1385,0,0.0,0,3309,1649,8,0,959,627,25,9,29,26,55,96,1,22,10,1,14,60,53.2,5,0,13,11,0
Niklas Stark,GER,DF,Werder Bremen,Bundesliga,29,1995,16,15,1251.0,13.9,63.2,-0.22,0,0,1,1,0.4,0.2,0.1,0.4,0.5,5,1,7,2,28.6,0.5,0.0,13.7,84.9,12115,4280,1,36,1,0,1,0,0.36,0.07,6,36,2,911,1,100.0,1,2135,954,3,0,573,385,33,11,23,20,43,74,1,25,7,2,15,48,68.3,4,1,21,15,1
Lucas Stassin,BEL,FW,Saint-Etienne,Ligue 1,20,2004,19,14,1104.0,12.3,55.8,-1.06,4,4,4,8,3.7,1.7,2.5,3.7,6.1,19,7,19,6,31.6,1.55,0.21,13.7,71.6,2600,302,12,6,3,2,9,0,1.55,0.57,17,16,87,388,22,31.8,7,810,371,30,13,276,167,203,44,10,2,12,4,0,6,3,6,8,13,35.7,3,0,20,13,7
Jason Steele,ENG,GK,Brighton,Premier League,34,1990,2,2,180.0,2.0,8.0,2.0,0,0,0,0,0.0,0.0,0.0,0.0,0.0,0,0,0,0,0.0,0.0,0.0,0.0,90.2,2321,1556,0,0,0,0,0,0,0.0,0.0,0,0,0,114,0,0.0,0,361,151,0,0,83,0,0,0,0,0,0,1,0,0,0,0,0,7,50.0,0,0,0,1,0
Orri Steinn Óskarsson,ISL,FW,Real Sociedad,La Liga,20,2004,16,5,562.0,6.2,26.0,-0.64,3,3,0,3,4.7,0.3,0.1,4.7,4.8,6,0,15,6,40.0,2.4,0.2,12.3,51.2,744,115,2,4,3,0,6,1,0.96,0.0,4,7,38,183,3,0.0,0,280,91,11,8,135,80,90,28,4,1,5,7,0,8,1,2,4,9,37.0,0,0,3,3,7
Pascal Stenzel,GER,DF,Stuttgart,Bundesliga,28,1996,4,2,131.0,1.5,6.6,0.0,0,0,0,0,0.1,0.1,0.0,0.1,0.1,3,0,3,0,0.0,2.06,0.0,15.2,81.9,1700,513,0,7,1,0,8,1,2.06,0.0,1,6,6,120,0,0.0,0,184,84,1,0,67,52,31,3,1,0,1,4,0,4,0,0,0,5,20.0,0,0,1,0,0
Jack Stephens,ENG,DF,Southampton,Premier League,31,1994,11,10,803.0,8.9,35.7,-1.34,0,0,0,0,0.3,0.2,0.1,0.3,0.4,10,0,2,0,0.0,0.22,0.0,7.9,92.9,9883,2903,2,40,5,0,0,0,1.12,0.0,11,43,1,695,3,0.0,0,1846,929,1,1,512,342,75,5,15,5,20,33,2,8,3,0,10,25,44.4,2,2,8,2,1
Leonidas Stergiou,SUI,DF,Stuttgart,Bundesliga,22,2002,6,5,390.0,4.3,19.7,0.0,0,0,1,1,0.1,0.1,0.0,0.1,0.1,4,2,1,0,0.0,0.23,0.0,21.4,80.0,2916,983,1,10,0,1,3,0,0.92,0.46,3,16,9,286,4,50.0,2,602,241,2,1,157,139,71,0,17,6,23,11,0,8,10,2,11,16,25.0,0,0,1,0,0
Raheem Sterling,ENG,FW,Arsenal,Premier League,30,1994,10,4,286.0,3.2,12.7,1.57,0,0,1,1,0.9,0.2,0.2,0.9,1.1,10,1,8,0,0.0,2.52,0.0,14.3,77.0,1180,232,4,2,5,0,7,0,3.15,0.31,16,14,50,166,19,42.1,8,823,460,7,10,127,37,128,29,6,1,7,2,0,2,2,4,4,8,25.0,1,0,6,3,3
Enzo Sternal,FRA,FW,Marseille,Ligue 1,17,2007,2,0,24.0,0.3,1.2,0.0,0,0,0,0,0.0,0.0,0.0,0.0,0.0,1,0,0,0,0.0,0.0,0.0,0.0,87.5,77,1,1,0,0,0,0,0,3.75,0.0,0,0,0,13,3,33.3,1,30,13,2,0,12,10,2,0,0,0,0,0,0,0,0,0,0,0,0.0,1,0,0,0,0
Finley Stevens,WAL,DF,St. Pauli,Bundesliga,21,2003,1,0,1.0,0.0,0.1,90.0,0,0,0,0,0.0,0.0,0.0,0.0,0.0,0,0,0,0,0.0,0.0,0.0,0.0,50.0,8,8,0,0,0,0,0,0,0.0,0.0,0,0,0,2,0,0.0,0,3,2,0,0,1,1,1,0,0,0,0,0,0,0,0,0,0,0,0.0,0,0,0,0,0
Ross Stewart,SCO,FW,Southampton,Premier League,28,1996,4,1,132.0,1.5,5.9,-0.68,0,0,0,0,0.1,0.0,0.0,0.1,0.1,2,0,2,0,0.0,1.36,0.0,12.5,80.0,527,59,0,1,1,0,0,0,1.36,0.0,1,1,5,61,2,50.0,1,144,54,1,5,46,30,18,2,0,0,0,4,0,3,0,0,0,2,36.4,1,0,3,5,1
Angelo Stiller,GER,MF,Stuttgart,Bundesliga,23,2001,22,21,1916.0,21.3,96.8,0.23,0,0,5,5,0.6,5.4,4.2,0.6,4.9,73,6,8,1,12.5,0.38,0.0,22.2,87.2,25731,8776,38,195,35,10,56,7,3.43,0.28,26,197,44,1917,23,73.9,17,4596,2482,12,20,1469,1194,378,16,33,17,50,33,3,17,17,3,17,104,41.2,4,0,15,32,1
Kevin Stöger,AUT,MF,Gladbach,Bundesliga,31,1993,21,12,1173.0,13.0,59.2,-0.31,2,1,3,5,2.4,3.8,5.1,1.6,6.7,94,6,17,5,29.4,1.3,0.06,23.5,76.2,11249,3585,51,74,33,13,95,5,7.21,0.46,30,94,78,1014,25,44.0,11,2805,1297,20,17,713,507,380,26,28,9,37,20,1,18,7,4,15,48,30.8,2,0,15,33,1
Stoichkov,ESP,MF,Alaves,La Liga,31,1993,16,6,699.0,7.8,32.4,-0.39,0,0,1,1,1.1,0.7,1.2,1.1,2.3,28,2,18,3,16.7,2.32,0.0,19.8,61.7,2161,697,7,16,10,6,13,1,3.6,0.26,9,26,41,304,18,33.3,6,938,377,20,7,194,135,135,28,14,1,15,7,0,2,7,1,9,44,25.0,1,0,9,16,5
Petar Stojanović,SVN,MF,Empoli,Serie A,29,1995,1,0,3.0,0.0,0.1,0.0,0,0,0,0,0.0,0.0,0.0,0.0,0.0,0,0,0,0,0.0,0.0,0.0,0.0,33.3,9,4,0,0,0,0,0,0,0.0,0.0,0,0,0,3,0,0.0,0,5,1,0,0,1,1,0,0,0,0,0,0,0,0,0,0,0,1,0.0,0,0,0,0,0
Jakub Stolarczyk,POL,GK,Leicester City,Premier League,24,2000,6,6,540.0,6.0,24.0,-1.33,0,0,0,0,0.0,0.0,0.0,0.0,0.0,0,0,0,0,0.0,0.0,0.0,0.0,67.9,4176,3245,0,2,0,0,0,0,0.0,0.0,0,1,0,241,0,0.0,0,592,396,1,0,131,6,0,0,2,0,2,5,0,0,0,0,1,7,100.0,1,0,0,0,0
John Stones,ENG,DF,City,Premier League,30,1994,11,6,548.0,6.1,24.4,0.49,2,2,0,2,0.4,0.2,0.1,0.4,0.5,8,2,2,2,100.0,0.33,1.0,5.1,91.1,6382,1601,2,42,0,0,0,0,1.31,0.33,10,21,2,442,2,100.0,2,2146,1183,2,0,333,234,68,4,6,4,10,19,1,5,2,1,2,22,57.1,1,0,2,2,0
Jørgen Strand Larsen,NOR,FW,Wolves,Premier League,25,2000,23,22,1833.0,20.4,81.5,-0.74,7,7,2,9,6.3,0.6,1.6,6.3,7.9,26,3,35,23,65.7,1.72,0.2,11.8,61.9,2392,450,14,11,3,0,4,1,1.28,0.15,9,18,63,475,10,40.0,4,771,279,57,21,337,229,182,71,6,4,10,19,0,16,2,2,4,31,41.2,2,0,30,12,12
Gabriel Strefezza,BRA,FW,Como,Serie A,27,1997,24,23,1808.0,20.1,80.4,0.0,3,3,3,6,2.9,2.6,2.8,2.9,5.7,82,3,44,15,34.1,2.19,0.07,20.3,74.9,9182,2520,42,52,22,6,85,7,4.08,0.15,48,79,106,1024,59,45.8,27,3727,1718,39,42,770,424,466,58,40,6,46,16,0,18,14,10,29,77,25.0,3,0,35,52,0
Cristhian Stuani,URU,FW,Girona,La Liga,38,1986,19,1,490.0,5.4,22.7,0.73,4,2,2,6,4.8,0.3,0.3,3.4,3.7,10,3,16,7,43.8,2.94,0.13,12.4,70.4,626,61,4,0,2,0,1,0,1.84,0.55,1,4,17,122,4,50.0,2,163,33,11,3,76,49,58,30,4,4,8,5,0,3,3,0,4,7,52.9,2,0,15,2,3
Álex Suárez,ESP,DF,Las Palmas,La Liga,31,1993,21,21,1732.0,19.2,80.2,-0.62,0,0,0,0,0.1,0.1,0.1,0.1,0.1,11,2,2,1,50.0,0.1,0.0,12.9,86.3,15885,5864,2,32,1,1,0,0,0.57,0.1,1,34,1,1166,1,0.0,0,2678,1316,4,1,762,476,33,10,30,6,36,77,1,28,6,1,17,45,38.2,9,0,21,13,1
Denis Suárez,ESP,MF,Villarreal,La Liga,31,1994,13,4,360.0,4.0,16.7,-0.25,1,1,1,2,0.8,0.4,0.5,0.8,1.3,16,2,7,3,42.9,1.75,0.14,14.5,72.6,1681,597,7,9,1,0,15,0,4.0,0.5,12,16,19,187,12,58.3,7,697,412,11,3,134,78,79,15,5,1,6,1,0,2,0,1,4,11,16.7,0,0,1,4,0
Gabriel Suazo,CHI,DF,Toulouse,Ligue 1,27,1997,20,14,1363.0,15.1,68.8,-0.13,0,0,4,4,0.2,2.9,2.6,0.2,2.8,54,6,3,2,66.7,0.2,0.0,17.8,80.0,10179,4269,30,47,24,3,54,9,3.56,0.4,28,68,64,946,26,61.5,16,2056,1237,21,9,542,431,272,20,43,22,65,27,1,22,14,11,27,79,43.5,0,0,17,16,2
Luka Sučić,CRO,MF,Real Sociedad,La Liga,22,2002,19,17,1416.0,15.7,65.6,-0.19,1,1,1,2,2.7,1.8,1.6,2.7,4.3,43,5,35,9,25.7,2.22,0.03,23.7,82.6,8983,1859,18,42,11,4,14,1,2.73,0.32,26,69,40,855,43,51.2,22,3061,1351,25,15,612,480,279,28,21,12,33,12,1,21,11,4,15,86,55.6,2,0,11,15,3
Yukinari Sugawara,JPN,DF,Southampton,Premier League,24,2000,22,13,1211.0,13.5,53.8,-1.49,1,1,1,2,0.4,1.9,2.2,0.4,2.6,37,1,10,3,30.0,0.74,0.1,20.2,80.4,9381,2839,17,42,21,0,61,9,2.75,0.07,26,59,59,866,14,57.1,8,2174,1185,15,3,577,343,265,21,25,10,35,41,3,17,12,1,13,37,27.3,4,0,11,9,4
Niklas Süle,GER,DF,Dortmund,Bundesliga,29,1995,8,6,551.0,6.1,27.8,-0.33,0,0,0,0,0.5,0.1,0.0,0.5,0.5,7,0,5,1,20.0,0.82,0.0,12.1,93.1,8761,3563,1,37,0,0,1,0,1.14,0.0,6,31,6,602,3,66.7,2,1608,854,1,0,470,304,27,7,7,1,8,29,1,4,2,0,6,24,69.2,1,0,4,0,0
Ibrahim Sulemana,GHA,MF,Atalanta,Serie A,21,2003,5,1,122.0,1.4,5.4,0.0,0,0,0,0,0.0,0.1,0.0,0.0,0.0,0,0,0,0,0.0,0.0,0.0,0.0,88.3,1698,362,0,12,0,1,0,0,0.0,0.0,0,6,1,123,1,0.0,0,568,262,4,2,97,90,19,0,5,0,5,1,0,1,3,0,2,7,66.7,1,0,2,2,0
Kamaldeen Sulemana,GHA,FW,Southampton,Premier League,23,2002,13,4,390.0,4.3,17.3,-1.85,1,1,0,1,0.8,0.2,0.0,0.8,0.9,13,2,12,4,33.3,2.77,0.08,18.1,79.7,1512,204,2,3,4,0,8,2,3.0,0.46,16,6,33,199,28,39.3,11,943,468,16,10,144,63,109,20,9,3,12,2,0,4,2,3,8,19,27.3,0,0,6,7,1
Crysencio Summerville,NED,FW,West Ham,Premier League,23,2001,19,7,786.0,8.7,34.9,-0.8,1,1,1,2,1.6,1.7,1.7,1.6,3.3,35,1,14,4,28.6,1.6,0.07,13.4,76.4,2881,640,17,13,12,3,21,5,4.01,0.11,29,18,71,372,39,33.3,13,1463,762,20,16,259,147,181,38,13,0,13,7,0,13,8,3,7,38,30.8,2,0,9,23,4
Tomáš Suslov,SVK,MF,Hellas Verona,Serie A,22,2002,22,19,1517.0,16.9,67.4,-0.95,0,0,0,0,1.4,1.4,1.4,1.4,2.8,65,2,27,6,22.2,1.6,0.0,22.3,74.6,5898,1591,22,31,18,1,39,1,3.86,0.12,20,66,62,603,58,50.0,29,2290,789,38,27,357,282,239,23,39,12,51,9,1,22,16,6,26,64,15.4,5,1,38,44,2
Suso,ESP,FW,Sevilla,La Liga,31,1993,8,0,179.0,2.0,8.3,1.01,0,0,0,0,0.2,0.4,0.4,0.2,0.6,16,0,6,2,33.3,3.02,0.0,23.4,79.8,1681,520,9,14,4,1,14,1,8.04,0.0,7,14,16,152,15,46.7,7,516,291,4,5,113,63,78,4,2,0,2,0,0,0,1,0,1,13,33.3,1,0,2,4,1
Zion Suzuki,JPN,GK,Parma,Serie A,22,2002,24,24,2144.0,23.8,95.3,-0.5,0,0,0,0,0.0,0.1,0.0,0.0,0.0,4,0,0,0,0.0,0.0,0.0,0.0,67.0,17226,12802,0,28,1,0,0,0,0.17,0.0,0,0,0,1019,0,0.0,0,3052,2031,1,0,494,5,0,0,1,0,1,20,4,0,0,0,0,25,91.7,2,1,3,2,0
Mattias Svanberg,SWE,MF,Wolfsburg,Bundesliga,26,1999,15,10,844.0,9.4,42.6,0.53,2,2,1,3,3.0,1.2,1.4,3.0,4.4,19,5,18,6,33.3,1.92,0.11,16.2,69.9,2019,835,9,20,3,0,18,1,2.03,0.53,4,20,29,313,19,31.6,6,574,227,14,8,158,146,106,20,15,8,23,16,0,8,9,3,8,35,40.9,4,0,12,13,0
Daniel Svensson,SWE,DF,Dortmund,Bundesliga,23,2002,2,1,96.0,1.1,4.8,-1.87,0,0,0,0,0.0,0.1,0.0,0.0,0.0,1,0,0,0,0.0,0.0,0.0,0.0,78.7,967,396,0,6,2,0,9,1,0.94,0.0,5,9,6,86,0,0.0,0,366,161,1,0,60,40,28,3,3,0,3,4,0,2,1,1,2,4,50.0,0,0,1,2,0
Marin Šverko,CRO,DF,Venezia,Serie A,27,1998,15,11,1041.0,11.6,48.2,-0.52,1,1,0,1,0.3,0.3,0.3,0.3,0.7,13,1,3,1,33.3,0.26,0.33,17.2,82.4,8510,3788,2,38,5,2,2,0,1.12,0.09,8,37,1,682,10,60.0,6,1597,942,8,4,376,323,49,3,17,16,33,42,3,9,6,0,6,42,50.0,3,0,9,8,0
Mile Svilar,SRB,GK,Roma,Serie A,25,1999,25,25,2250.0,25.0,100.0,0.28,0,0,0,0,0.0,0.0,0.0,0.0,0.0,4,0,1,0,0.0,0.04,0.0,10.5,78.9,18500,10704,0,7,0,0,0,0,0.16,0.0,0,2,0,988,0,0.0,0,3167,1877,0,1,572,4,1,1,0,0,0,6,2,0,0,0,0,33,100.0,1,0,0,4,0
Michael Svoboda,AUT,DF,Venezia,Serie A,26,1998,16,15,1314.0,14.6,60.8,-1.03,1,1,0,1,0.2,1.2,0.6,0.2,0.8,16,0,4,4,100.0,0.27,0.25,12.5,84.8,12684,4404,5,44,2,3,2,0,1.1,0.0,13,43,5,984,3,66.7,2,3215,1985,12,11,563,454,59,15,26,22,48,66,2,19,6,1,14,71,55.6,1,0,7,11,0
Williot Swedberg,SWE,FW,Celta Vigo,La Liga,21,2004,22,10,951.0,10.6,44.0,0.47,3,3,3,6,4.2,1.6,1.9,4.2,6.1,23,5,21,11,52.4,1.99,0.14,14.9,70.5,2605,572,10,13,8,2,17,1,2.17,0.47,25,20,87,407,32,18.8,6,1492,765,33,11,303,160,214,53,13,3,16,6,1,9,5,3,10,34,38.9,1,0,16,24,6
Abakar Sylla,CIV,DF,Strasbourg,Ligue 1,22,2002,14,8,727.0,8.1,36.7,-0.62,1,1,0,1,0.4,0.1,0.0,0.4,0.4,3,1,5,1,20.0,0.62,0.2,9.0,87.9,7698,2826,0,15,0,0,0,0,0.37,0.12,0,14,2,597,5,40.0,2,1014,385,3,3,367,185,22,9,22,8,30,41,0,14,9,2,12,32,58.3,2,0,15,7,0
Issiaga Sylla,GUI,DF,Montpellier,Ligue 1,31,1994,15,13,912.0,10.1,46.1,-1.09,1,1,0,1,1.7,0.5,0.3,1.7,2.0,16,2,10,2,20.0,0.99,0.1,13.6,76.5,5695,2272,4,36,12,2,23,7,1.58,0.2,26,41,34,548,11,63.6,7,1567,876,12,7,304,278,124,13,22,9,31,29,1,12,6,1,7,47,54.5,2,0,12,5,2
Mamadou Sylla,SEN,FW,Valladolid,La Liga,30,1994,17,11,941.0,10.5,43.6,-1.34,2,0,1,3,3.2,0.5,1.4,1.6,3.0,13,4,14,2,14.3,1.34,0.0,16.2,63.6,1475,297,9,6,4,0,8,0,1.24,0.38,12,10,32,234,10,40.0,4,568,317,27,8,165,117,98,22,2,1,3,10,1,3,0,2,0,16,39.7,2,0,12,15,10
Wojciech Szczęsny,POL,GK,Barcelona,La Liga,34,1990,3,3,270.0,3.0,13.0,3.33,0,0,0,0,0.0,0.0,0.0,0.0,0.0,0,0,0,0,0.0,0.0,0.0,0.0,83.3,1899,1126,0,0,0,0,0,0,0.0,0.0,0,0,0,115,0,0.0,0,334,141,0,0,66,3,0,0,1,0,1,3,0,0,0,0,1,7,0.0,0,0,0,0,0
Sammie Szmodics,IRL,FW,Ipswich Town,Premier League,29,1995,18,13,978.0,10.9,43.5,-0.55,4,4,0,4,3.4,0.5,0.2,3.4,3.6,9,0,21,12,57.1,1.93,0.19,14.0,74.1,2382,702,4,10,4,0,13,1,0.83,0.0,16,18,46,307,12,33.3,4,986,399,24,17,188,118,116,33,14,6,20,14,0,10,9,2,9,41,35.3,2,0,9,8,8
Dominik Szoboszlai,HUN,MF,Liverpool,Premier League,24,2000,23,18,1638.0,18.2,72.8,1.43,3,3,2,5,5.6,3.5,3.4,5.6,9.1,79,11,45,14,31.1,2.47,0.07,18.0,84.9,12253,2480,33,60,25,3,27,4,4.34,0.6,56,90,91,1090,27,51.9,14,3092,1717,29,13,756,536,436,67,21,9,30,9,0,26,10,4,12,91,53.3,6,0,30,17,1
Alexander Sørloth,NOR,FW,Atleti,La Liga,29,1995,21,8,894.0,9.9,41.4,1.61,9,9,2,11,7.1,0.5,1.3,7.1,8.4,22,5,39,19,48.7,3.93,0.23,12.9,61.7,1703,363,8,11,6,1,2,1,2.22,0.5,17,17,45,360,22,54.5,12,988,452,38,18,268,169,160,60,5,0,5,18,0,4,3,2,1,32,67.4,1,0,14,11,3
Musa Al-Taamari,JOR,FW,Montpellier,Ligue 1,27,1997,15,12,1116.0,12.4,56.4,-0.65,2,2,1,3,2.6,1.1,1.5,2.6,4.1,35,5,27,11,40.7,2.18,0.07,17.7,77.3,3364,662,12,12,12,1,14,1,2.82,0.4,55,30,76,470,71,32.4,23,2627,1260,48,20,342,191,259,55,14,3,17,3,2,2,5,5,10,49,44.4,3,0,7,26,3
Musa Al-Taamari,JOR,MF,Rennes,Ligue 1,27,1997,2,2,162.0,1.8,56.4,-0.65,0,0,0,0,0.5,1.1,0.3,0.5,0.8,35,5,27,11,40.7,2.18,0.07,17.7,77.3,3364,662,12,12,12,1,14,1,2.82,0.4,6,1,8,470,71,32.4,23,2627,1260,48,20,342,191,259,55,14,3,17,3,2,2,5,5,10,49,44.4,3,0,7,26,3
Haris Tabakovic,BIH,FW,Hoffenheim,Bundesliga,30,1994,11,2,340.0,3.8,17.2,-0.53,1,1,1,2,2.0,0.4,0.5,2.0,2.5,6,1,15,8,53.3,3.97,0.07,10.7,65.1,790,152,4,3,1,0,2,1,1.59,0.26,1,4,17,127,3,33.3,1,210,57,7,8,100,56,57,25,1,1,2,8,0,2,0,1,1,6,56.1,0,0,6,2,4
Nicolás Tagliafico,ARG,DF,Lyon,Ligue 1,32,1992,14,14,1175.0,13.1,59.3,0.61,3,3,1,4,2.2,0.7,0.4,2.2,2.7,13,2,18,7,38.9,1.38,0.17,12.3,86.4,11619,3703,3,53,4,0,20,1,1.0,0.15,18,66,38,1018,6,16.7,1,1954,1027,14,2,639,515,211,27,43,27,70,33,0,17,15,9,29,64,61.1,6,0,20,15,1
Jonathan Tah,GER,DF,Leverkusen,Bundesliga,29,1996,21,21,1890.0,21.0,95.5,1.0,2,2,0,2,0.7,1.5,0.3,0.7,1.1,13,3,14,5,35.7,0.67,0.14,13.5,93.5,25254,9796,3,127,5,2,6,3,0.62,0.14,11,101,8,1716,2,50.0,1,5291,3031,10,5,1268,1052,98,31,9,19,28,87,2,17,2,1,7,101,75.9,2,0,9,2,0
Adrien Tameze,CMR,MF,Torino,Serie A,31,1994,16,8,598.0,6.6,26.6,0.15,0,0,0,0,0.4,0.7,0.8,0.4,1.2,8,0,7,3,42.9,1.05,0.0,15.1,85.4,3798,852,6,10,6,0,9,1,1.2,0.0,14,23,20,343,15,26.7,4,1234,586,9,3,243,167,93,13,5,10,15,7,1,8,3,0,2,24,52.9,3,0,7,4,0
Renato Tapia,PER,MF,Leganés,La Liga,29,1995,21,15,1288.0,14.3,59.6,-0.7,1,1,0,1,0.3,0.3,0.1,0.3,0.4,11,3,6,3,50.0,0.42,0.17,26.4,76.5,8194,2530,4,37,5,3,11,0,0.77,0.21,11,34,12,793,21,47.6,10,1641,792,15,11,437,446,73,7,32,13,45,52,0,36,18,2,17,90,56.3,4,0,18,22,0
Edmond Tapsoba,BFA,DF,Leverkusen,Bundesliga,26,1999,21,21,1885.0,20.9,95.2,1.05,0,0,0,0,1.0,1.1,0.2,1.0,1.2,27,6,17,1,5.9,0.81,0.0,18.3,87.2,22078,7798,3,144,6,1,6,2,1.29,0.29,41,123,14,1672,16,62.5,10,5361,3050,10,5,1194,962,199,19,33,22,55,63,0,12,14,4,20,96,63.2,4,0,25,4,1
Florian Tardieu,FRA,MF,Saint-Etienne,Ligue 1,32,1992,12,3,358.0,4.0,18.1,-1.51,0,0,1,1,0.1,0.2,0.3,0.1,0.4,16,1,2,0,0.0,0.5,0.0,24.2,85.3,4617,1645,6,40,5,2,2,0,4.01,0.25,5,35,9,362,3,0.0,0,779,368,8,3,263,217,76,6,6,4,10,5,0,8,3,1,4,35,62.5,0,0,2,2,0
Mehdi Taremi,IRN,FW,Inter,Serie A,32,1992,19,4,517.0,5.7,23.0,0.7,1,0,1,2,2.5,0.8,1.1,1.7,2.8,23,2,9,3,33.3,1.57,0.0,13.4,81.5,1780,340,11,10,5,4,1,0,4.0,0.35,8,22,27,217,9,55.6,5,708,269,10,3,154,89,111,29,3,0,3,8,0,8,1,2,1,16,43.5,1,0,7,7,4
Matt Targett,ENG,DF,Newcastle,Premier League,29,1995,1,0,12.0,0.1,0.5,7.5,0,0,0,0,0.0,0.0,0.0,0.0,0.0,0,0,0,0,0.0,0.0,0.0,0.0,100.0,84,11,0,0,0,0,0,0,0.0,0.0,0,0,0,8,0,0.0,0,5,1,0,0,5,4,3,0,0,1,1,1,0,0,0,0,0,1,0.0,0,0,0,0,0
Oussama Targhalline,MAR,MF,Le Havre,Ligue 1,22,2002,14,12,990.0,11.0,50.0,-1.27,0,0,0,0,0.1,1.2,0.7,0.1,0.9,20,2,5,0,0.0,0.45,0.0,24.7,79.6,5782,1714,6,50,13,5,16,2,1.82,0.18,25,66,34,551,13,38.5,5,2100,846,17,21,385,292,151,11,19,19,38,14,2,14,3,4,14,43,57.1,0,0,11,10,4
James Tarkowski,ENG,DF,Everton,Premier League,32,1992,25,25,2241.0,24.9,99.6,-0.16,1,1,1,2,1.0,1.9,2.2,1.0,3.2,30,3,12,4,33.3,0.48,0.08,8.7,81.2,17055,6501,13,65,10,1,0,0,1.2,0.12,4,58,3,1310,7,71.4,5,2456,1296,10,7,697,489,82,42,55,32,87,165,4,46,19,3,33,79,76.0,4,0,26,18,1
César Tárrega,ESP,DF,Valencia,La Liga,22,2002,21,21,1856.0,20.6,85.9,-0.48,2,2,0,2,1.5,0.2,0.0,1.5,1.6,7,0,12,4,33.3,0.58,0.17,10.3,80.7,15761,5211,2,51,1,0,0,0,0.34,0.0,17,54,1,1169,7,71.4,5,3447,2060,8,2,737,524,39,24,27,14,41,119,1,22,8,2,19,60,55.6,3,0,33,8,0
Nuno Tavares,POR,DF,Lazio,Serie A,25,2000,18,17,1372.0,15.2,61.0,0.33,0,0,8,8,0.9,4.2,4.1,0.9,5.0,53,11,23,4,17.4,1.51,0.0,24.9,79.0,10120,4016,29,59,36,2,97,18,3.48,0.72,75,84,80,1015,83,44.6,37,4132,2419,35,22,632,432,360,34,27,16,43,34,1,14,8,5,21,83,47.4,4,1,17,28,1
Marcus Tavernier,ENG,FW,Bournemouth,Premier League,25,1999,18,13,1200.0,13.3,53.3,0.15,2,2,5,7,4.5,2.2,2.6,4.5,7.1,66,10,37,11,29.7,2.77,0.05,20.6,71.8,6554,2030,31,46,22,3,74,7,4.95,0.75,30,76,85,707,36,41.7,15,2464,1119,23,37,449,269,377,35,33,3,36,9,0,8,15,9,19,67,30.6,3,0,15,14,3
Charlie Taylor,ENG,DF,Southampton,Premier League,31,1993,7,2,266.0,3.0,11.8,-2.71,0,0,0,0,0.0,0.1,0.1,0.0,0.1,2,1,0,0,0.0,0.0,0.0,0.0,87.0,2691,691,1,8,2,0,9,1,0.68,0.34,3,8,6,219,2,100.0,2,386,155,1,1,133,91,36,1,7,3,10,22,1,5,3,0,5,7,66.7,1,0,2,2,0
Jack Taylor,IRL,MF,Ipswich Town,Premier League,26,1998,19,1,419.0,4.7,18.6,-0.43,1,1,0,1,0.5,0.7,0.5,0.5,1.1,17,1,12,4,33.3,2.58,0.08,23.9,83.4,3634,1117,5,22,7,2,5,0,3.65,0.21,8,32,13,299,5,40.0,2,915,543,3,5,203,160,59,4,9,4,13,13,0,3,5,1,3,31,66.7,3,0,9,2,0
Loum Tchaouna,FRA,FW,Lazio,Serie A,21,2003,17,3,456.0,5.1,20.3,1.58,1,1,0,1,2.2,0.6,0.6,2.2,2.8,20,5,18,5,27.8,3.55,0.06,17.4,70.4,2044,435,8,9,6,1,27,1,3.94,0.98,17,14,51,258,9,55.6,5,854,426,20,6,189,93,142,24,8,3,11,7,2,5,2,4,4,13,13.6,4,1,10,1,0
Jackson Tchatchoua,CMR,DF,Hellas Verona,Serie A,23,2001,23,23,1997.0,22.2,88.8,-1.22,2,2,2,4,1.5,1.7,1.7,1.5,3.1,40,2,12,3,25.0,0.54,0.17,16.9,76.2,8467,2429,23,24,13,1,67,8,1.8,0.09,63,45,109,925,31,45.2,14,3000,1581,31,10,508,381,303,28,41,9,50,53,1,16,10,3,26,79,55.6,6,1,17,7,5
Enzo Tchato,CMR,DF,Montpellier,Ligue 1,22,2002,22,16,1584.0,17.6,80.0,-1.14,0,0,0,0,0.1,0.8,0.6,0.1,0.6,25,0,3,1,33.3,0.17,0.0,28.5,75.7,10876,4039,11,40,10,1,65,10,1.42,0.0,35,55,74,1008,12,41.7,5,2490,1372,15,3,553,473,249,11,40,20,60,47,0,26,15,2,21,55,60.7,3,0,15,10,2
Aurélien Tchouaméni,FRA,DF,Real Madrid,La Liga,25,2000,19,19,1634.0,18.2,75.6,0.94,0,0,0,0,1.1,0.6,0.5,1.1,1.6,25,0,13,3,23.1,0.72,0.0,17.8,92.7,21765,7409,4,128,6,0,7,1,1.38,0.0,14,112,7,1469,7,71.4,5,4792,2735,14,5,1106,909,115,16,29,27,56,39,1,14,14,2,14,84,73.1,1,0,16,11,0
Álvaro Tejero,ESP,MF,Espanyol,La Liga,28,1996,21,13,1108.0,12.3,51.3,-0.65,1,1,3,4,0.6,3.0,2.6,0.6,3.2,44,7,16,4,25.0,1.3,0.06,26.9,71.1,6936,2556,28,22,17,1,96,10,3.57,0.57,24,37,63,646,13,15.4,2,1717,817,16,6,349,274,250,12,10,11,21,28,1,8,4,1,3,60,52.9,2,0,11,19,1
Martín Tejón,ESP,MF,Valencia,La Liga,20,2004,4,0,49.0,0.5,2.3,-1.84,0,0,0,0,0.1,0.0,0.0,0.1,0.1,1,0,1,0,0.0,1.84,0.0,11.7,76.9,328,95,1,2,0,0,1,0,1.87,0.0,0,4,6,34,4,50.0,2,93,36,1,3,23,14,18,2,2,0,2,0,0,0,2,0,0,4,0.0,0,0,1,1,0
Mathys Tel,FRA,FW,Tottenham,Premier League,19,2005,1,1,90.0,1.0,4.0,1.0,0,0,0,0,0.7,0.1,0.1,0.7,0.8,2,0,7,3,42.9,7.0,0.0,15.5,69.6,212,27,1,0,0,0,2,0,2.0,0.0,2,0,6,41,5,20.0,1,142,53,3,3,30,9,30,9,0,0,0,0,0,1,0,0,0,7,100.0,0,0,3,1,0
Mathys Tel,FRA,FW,Bayern,Bundesliga,19,2005,8,2,256.0,2.8,4.0,1.0,0,0,1,1,0.7,0.1,0.3,0.7,1.0,2,0,7,3,42.9,7.0,0.0,15.5,69.6,212,27,1,0,0,0,2,0,2.0,0.0,6,9,34,41,5,20.0,1,142,53,3,3,30,9,30,9,0,0,0,0,0,1,0,0,0,7,100.0,0,0,3,1,0
Nathan Tella,NGA,FW,Leverkusen,Bundesliga,25,1999,18,9,812.0,9.0,41.0,1.33,1,1,2,3,2.1,0.7,0.6,2.1,2.6,19,3,20,6,30.0,2.22,0.05,16.0,74.6,2169,429,8,10,7,2,13,0,2.11,0.33,18,19,80,320,36,38.9,14,1013,438,26,10,244,121,177,36,8,4,12,3,0,8,4,3,4,20,39.1,0,0,12,27,7
Nahuel Tenaglia,ARG,DF,Alaves,La Liga,28,1996,21,21,1831.0,20.3,84.8,-0.54,1,1,1,2,1.6,0.8,0.8,1.6,2.4,30,2,15,4,26.7,0.74,0.07,13.7,70.6,9930,4506,10,42,10,0,48,5,1.47,0.1,26,53,66,1061,19,47.4,9,2311,1140,18,11,477,436,265,31,60,27,87,83,0,18,16,4,38,62,45.3,7,0,22,31,2
Casper Tengstedt,DEN,FW,Hellas Verona,Serie A,24,2000,20,18,1306.0,14.5,58.0,-1.17,6,5,1,7,5.0,0.6,0.7,4.3,4.9,22,3,35,10,28.6,2.41,0.14,14.2,69.4,2599,458,10,9,8,2,8,1,1.51,0.21,27,26,74,399,24,37.5,9,1138,526,30,6,261,175,186,51,7,3,10,27,0,4,5,2,5,32,23.9,2,0,5,8,4
Marc-André ter Stegen,GER,GK,Barcelona,La Liga,32,1992,6,6,494.0,5.5,23.9,2.55,0,0,0,0,0.0,0.0,0.0,0.0,0.0,1,0,0,0,0.0,0.0,0.0,0.0,91.6,4679,3174,0,1,1,0,0,0,0.18,0.0,0,0,0,212,0,0.0,0,679,512,0,0,134,0,0,0,0,0,0,2,2,0,0,0,0,5,100.0,0,0,0,2,0
Filippo Terracciano,ITA,DF,Milan,Serie A,22,2003,10,6,527.0,5.9,24.4,0.0,0,0,0,0,0.2,0.1,0.1,0.2,0.3,4,0,3,1,33.3,0.51,0.0,20.9,88.2,3808,811,2,21,1,1,3,1,0.68,0.0,5,14,9,297,2,0.0,0,637,334,1,5,191,167,43,3,8,6,14,11,0,1,5,2,5,21,66.7,2,0,8,9,1
Pietro Terracciano,ITA,GK,Fiorentina,Serie A,34,1990,3,3,270.0,3.0,12.0,0.0,0,0,0,0,0.0,0.0,0.0,0.0,0.0,0,0,0,0,0.0,0.0,0.0,0.0,78.7,1552,957,0,0,0,0,0,0,0.0,0.0,0,0,0,96,0,0.0,0,285,144,0,0,58,0,0,0,0,0,0,0,0,0,0,0,0,4,0.0,0,0,0,0,0
Ramón Terrats,ESP,MF,Villarreal,La Liga,24,2000,11,1,131.0,1.5,6.1,-1.37,0,0,0,0,0.1,0.4,0.3,0.1,0.3,4,0,2,0,0.0,1.37,0.0,21.2,81.0,1157,305,1,7,2,1,5,1,2.73,0.0,1,7,3,106,6,16.7,1,194,69,6,2,75,54,27,2,3,2,5,3,0,3,2,0,3,11,60.0,1,0,2,2,0
Ramón Terrats,ESP,MF,Getafe,La Liga,24,2000,2,2,179.0,2.0,6.1,-1.37,0,0,0,0,0.0,0.4,0.0,0.0,0.0,4,0,2,0,0.0,1.37,0.0,21.2,81.0,1157,305,1,7,2,1,5,1,2.73,0.0,2,3,2,106,6,16.7,1,194,69,6,2,75,54,27,2,3,2,5,3,0,3,2,0,3,11,60.0,1,0,2,2,0
Martin Terrier,FRA,MF,Leverkusen,Bundesliga,27,1997,15,7,584.0,6.5,29.5,1.08,2,2,1,3,2.4,1.7,0.9,2.4,3.3,21,3,16,6,37.5,2.47,0.13,13.6,81.9,2144,377,8,6,5,2,5,1,3.24,0.46,11,14,35,250,4,50.0,2,578,276,11,6,205,107,131,35,4,1,5,1,0,3,0,3,2,8,45.8,1,0,2,9,2
Tanner Tessmann,USA,MF,Lyon,Ligue 1,23,2001,13,5,484.0,5.4,24.4,1.3,0,0,0,0,0.2,0.3,0.1,0.2,0.3,6,1,6,3,50.0,1.12,0.0,21.6,89.0,4760,1202,2,30,1,0,9,0,1.12,0.19,5,27,16,364,6,66.7,4,976,462,3,3,268,219,74,5,13,6,19,16,0,4,6,2,7,25,22.2,1,0,6,5,0
Kenny Tete,NED,DF,Fulham,Premier League,29,1995,15,15,1262.0,14.0,56.1,0.0,0,0,2,2,1.0,0.5,0.7,1.0,1.8,23,3,18,2,11.1,1.28,0.0,16.4,81.6,9210,3032,5,53,6,1,19,4,1.64,0.21,33,42,39,879,16,43.8,7,2287,1114,16,10,511,382,232,26,41,28,69,36,0,19,12,9,27,49,57.7,3,0,23,12,0
Teddy Teuma,MLT,MF,Reims,Ligue 1,31,1993,14,6,555.0,6.2,28.0,-0.97,1,0,0,1,1.4,1.2,1.0,0.6,1.6,25,0,12,2,16.7,1.95,0.0,24.5,78.4,5844,1604,12,29,8,1,37,4,4.06,0.0,6,32,29,531,9,22.2,2,1029,459,7,11,373,265,174,11,12,9,21,5,0,10,5,6,6,28,50.0,1,0,10,5,0
Jordan Teze,NED,DF,Monaco,Ligue 1,25,1999,12,5,377.0,4.2,19.0,1.43,1,1,0,1,1.2,1.2,1.0,1.2,2.2,14,0,4,1,25.0,0.95,0.25,10.8,83.0,2956,1086,8,18,6,1,4,0,3.34,0.0,6,19,34,276,9,44.4,4,594,338,6,3,153,135,87,13,15,3,18,8,0,11,8,1,7,20,54.5,2,1,10,2,1
Florian Thauvin,FRA,FW,Udinese,Serie A,32,1993,22,21,1704.0,18.9,75.7,-0.32,6,6,3,9,5.9,4.4,3.4,4.2,7.7,74,8,41,18,43.9,2.17,0.15,18.3,66.4,8573,3057,33,50,41,3,153,19,3.91,0.42,82,85,126,930,80,42.5,34,4457,2106,52,33,688,385,463,67,19,6,25,8,0,5,8,3,13,62,28.6,0,0,9,23,3
Arthur Theate,BEL,DF,Eint Frankfurt,Bundesliga,24,2000,21,21,1853.0,20.6,93.6,0.83,0,0,0,0,1.4,0.7,0.6,1.4,1.9,30,5,28,6,21.4,1.36,0.0,19.8,84.0,19121,7295,8,123,12,4,11,1,1.46,0.24,38,112,18,1541,8,75.0,6,4395,2388,15,6,1011,771,150,24,28,29,57,110,3,33,12,1,19,88,50.0,5,1,11,15,0
Norman Theuerkauf,GER,MF,Heidenheim,Bundesliga,38,1987,1,0,22.0,0.2,1.1,-4.09,0,0,0,0,0.0,0.0,0.0,0.0,0.0,1,0,1,0,0.0,4.09,0.0,9.1,85.0,298,71,0,2,0,0,0,0,4.09,0.0,0,2,0,21,0,0.0,0,18,10,0,0,13,14,3,1,0,0,0,0,0,0,0,0,0,0,0.0,0,0,1,0,0
Thiago,BRA,FW,Brentford,Premier League,23,2001,4,1,132.0,1.5,5.9,0.68,0,0,0,0,0.1,0.0,0.1,0.1,0.2,2,0,1,0,0.0,0.68,0.0,14.7,71.8,428,56,2,1,1,0,1,0,1.36,0.0,3,2,4,56,3,66.7,2,119,42,5,1,35,23,23,2,2,2,4,2,1,0,0,1,2,9,57.1,0,0,3,3,1
Malick Thiaw,GER,DF,Milan,Serie A,23,2001,15,14,1258.0,14.0,58.2,0.29,0,0,0,0,0.4,0.2,0.1,0.4,0.4,18,1,4,0,0.0,0.29,0.0,8.1,93.3,16654,5722,3,57,0,2,2,0,1.29,0.07,8,65,0,1020,3,66.7,2,3166,1721,3,0,743,519,40,11,15,11,26,49,0,9,4,2,11,44,61.0,1,0,18,4,0
Denis Thomalla,GER,MF,Heidenheim,Bundesliga,32,1992,1,0,4.0,0.0,0.2,-22.5,0,0,0,0,0.0,0.0,0.0,0.0,0.0,0,0,0,0,0.0,0.0,0.0,0.0,100.0,22,0,0,0,0,0,0,0,0.0,0.0,0,0,0,1,0,0.0,0,8,0,0,0,0,1,0,0,0,0,0,0,0,0,0,0,0,1,0.0,0,0,0,0,0
Luke Thomas,ENG,DF,Leicester City,Premier League,23,2001,2,2,179.0,2.0,8.0,-2.01,0,0,0,0,0.0,0.1,0.1,0.0,0.1,1,0,1,0,0.0,0.5,0.0,21.5,78.0,1261,407,1,7,1,0,3,0,0.5,0.0,1,7,5,130,0,0.0,0,159,79,1,0,66,51,21,4,5,2,7,3,0,4,0,0,5,7,40.0,0,0,0,1,0
Sorba Thomas,WAL,FW,Nantes,Ligue 1,25,1999,16,9,839.0,9.3,42.4,-0.86,1,1,2,3,1.3,1.8,2.4,1.3,3.6,41,5,7,1,14.3,0.75,0.14,18.4,66.0,4006,1446,26,22,20,0,83,14,4.4,0.54,32,28,68,431,19,36.8,7,1462,726,17,16,295,176,214,16,8,2,10,13,1,8,4,1,4,41,20.0,1,0,7,12,2
Adrien Thomasson,FRA,MF,Lens,Ligue 1,31,1993,22,22,1768.0,19.6,89.3,0.25,2,2,3,5,3.4,3.5,4.5,3.4,7.9,67,4,25,5,20.0,1.27,0.08,14.9,79.8,12885,3312,34,60,22,2,47,4,3.41,0.2,16,97,85,1308,41,39.0,16,2594,1097,43,25,857,666,440,68,62,15,77,23,1,32,20,15,35,146,31.1,4,0,34,31,6
Morten Thorsby,NOR,MF,Genoa,Serie A,28,1996,23,18,1539.0,17.1,71.3,-0.35,0,0,1,1,2.2,0.9,1.5,2.2,3.7,46,2,11,3,27.3,0.64,0.0,12.9,67.1,3673,1477,22,41,9,3,8,0,2.69,0.12,20,52,55,588,16,43.8,7,1185,560,37,27,366,287,187,49,36,4,40,21,0,19,13,6,28,42,51.8,4,0,46,12,8
Khéphren Thuram,FRA,MF,Juventus,Serie A,23,2001,23,15,1351.0,15.0,60.0,1.0,2,2,4,6,2.6,1.0,2.8,2.6,5.5,35,7,21,4,19.0,1.4,0.1,17.2,88.2,11286,2628,16,67,7,3,7,0,2.33,0.47,47,65,33,975,44,54.5,24,4105,2238,18,12,750,571,192,28,24,7,31,27,0,15,17,0,9,59,58.1,2,0,17,15,0
Marcus Thuram,FRA,FW,Inter,Serie A,27,1997,25,22,1822.0,20.2,81.0,1.63,13,13,4,17,8.0,3.3,3.3,8.0,11.3,71,14,52,26,50.0,2.57,0.25,12.7,71.8,4158,926,30,18,24,4,12,3,3.51,0.69,48,46,144,659,43,44.2,19,2496,1145,42,23,481,256,363,130,15,3,18,12,0,15,5,6,9,57,60.3,1,0,25,32,11
Youri Tielemans,BEL,MF,Aston Villa,Premier League,27,1997,25,25,2131.0,23.7,94.7,0.08,1,1,4,5,2.2,4.5,4.9,1.5,6.3,85,7,23,5,21.7,0.97,0.04,22.6,81.8,20183,7104,46,163,27,17,99,3,3.59,0.3,27,163,29,1666,45,53.3,24,3882,1725,25,20,1175,945,403,25,58,18,76,27,3,24,31,4,41,102,50.0,4,0,33,41,0
Kieran Tierney,SCO,FW,Arsenal,Premier League,27,1997,3,0,20.0,0.2,0.9,0.0,0,0,0,0,0.0,0.2,0.3,0.0,0.3,1,0,0,0,0.0,0.0,0.0,0.0,71.4,43,8,1,0,0,0,1,0,4.5,0.0,1,0,1,9,0,0.0,0,22,18,0,0,5,4,5,1,1,0,1,0,0,0,0,1,1,0,100.0,0,0,0,0,0
Phillip Tietz,GER,FW,Augsburg,Bundesliga,27,1997,22,13,1148.0,12.8,58.0,-0.63,5,4,1,6,3.9,0.9,0.8,3.1,3.9,31,3,29,8,27.6,2.27,0.14,15.6,62.1,2602,441,17,13,5,1,1,1,2.43,0.24,6,19,79,449,22,45.5,10,786,217,28,13,331,197,207,56,10,3,13,20,0,6,6,2,5,32,45.4,3,0,24,8,13
Jurriën Timber,NED,DF,Arsenal,Premier League,23,2001,22,21,1845.0,20.5,82.0,1.46,1,1,1,2,0.7,1.0,0.7,0.7,1.4,42,5,12,3,25.0,0.59,0.08,15.3,84.8,12281,3633,14,72,11,1,20,2,2.05,0.24,33,100,65,1210,40,45.0,18,2740,1387,23,20,740,624,358,45,41,16,57,37,1,14,23,10,26,74,44.8,7,0,25,20,5
Jean-Clair Todibo,FRA,DF,West Ham,Premier League,25,1999,15,8,866.0,9.6,38.5,-0.62,0,0,0,0,0.1,0.0,0.0,0.1,0.1,4,0,2,0,0.0,0.21,0.0,12.6,88.6,7717,2698,2,15,0,0,1,0,0.42,0.0,3,17,1,571,10,60.0,6,1484,785,4,6,375,222,15,6,22,11,33,47,3,15,5,0,15,41,51.7,0,0,6,3,0
Harry Toffolo,ENG,DF,Forest,Premier League,29,1995,3,0,47.0,0.5,2.1,-1.91,0,0,0,0,0.0,0.0,0.0,0.0,0.0,0,0,1,0,0.0,1.91,0.0,28.5,73.5,338,192,0,1,0,0,3,0,0.0,0.0,0,2,4,44,0,0.0,0,21,11,0,0,18,10,21,2,2,1,3,7,0,0,0,1,0,2,100.0,0,0,0,0,0
Umut Tohumcu,GER,MF,Hoffenheim,Bundesliga,20,2004,8,2,288.0,3.2,14.5,0.31,0,0,1,1,0.1,0.1,0.2,0.1,0.3,3,1,3,1,33.3,0.94,0.0,26.3,83.6,1320,332,2,8,0,0,6,0,0.93,0.31,1,11,4,140,5,60.0,3,248,112,2,6,86,74,27,0,9,3,12,6,0,2,5,1,5,10,0.0,2,0,4,4,0
Corentin Tolisso,FRA,MF,Lyon,Ligue 1,30,1994,21,17,1507.0,16.7,76.1,1.02,4,4,2,6,3.6,3.2,4.3,3.6,7.9,62,9,37,13,35.1,2.21,0.11,16.4,83.5,11622,3326,23,81,25,3,17,2,3.7,0.54,13,106,92,1140,11,45.5,5,2445,953,25,10,816,596,370,70,37,12,49,32,1,31,14,6,16,78,46.4,2,0,29,31,5
John Tolkin,USA,DF,Holstein Kiel,Bundesliga,22,2002,3,2,183.0,2.0,9.2,-0.98,0,0,1,1,0.0,0.4,0.2,0.0,0.2,6,1,0,0,0.0,0.0,0.0,0.0,67.9,967,430,2,4,2,1,8,0,2.95,0.49,4,3,5,104,0,0.0,0,158,89,2,1,50,34,24,3,3,1,4,12,0,2,0,0,1,4,33.3,0,0,0,3,0
Rafael Tolói,ITA,DF,Atalanta,Serie A,34,1990,6,2,310.0,3.4,13.8,0.58,0,0,0,0,0.0,0.5,0.2,0.0,0.2,7,0,2,0,0.0,0.58,0.0,24.7,89.3,3209,983,3,14,4,0,2,0,2.03,0.0,5,19,5,252,1,100.0,1,690,374,4,2,176,136,46,2,8,7,15,5,0,4,4,1,4,24,100.0,0,0,3,2,0
Tiago Tomás,POR,FW,Wolfsburg,Bundesliga,22,2002,21,18,1453.0,16.1,73.4,0.37,6,6,1,7,4.6,1.4,2.4,4.6,6.9,44,7,31,16,51.6,1.92,0.19,16.0,67.3,3672,1240,18,29,12,5,19,2,2.73,0.43,28,42,95,587,62,32.3,20,1930,785,42,24,423,260,258,65,24,6,30,14,0,13,7,7,15,60,24.2,5,0,26,38,5
Takehiro Tomiyasu,JPN,DF,Arsenal,Premier League,26,1998,1,0,7.0,0.1,0.3,12.86,0,0,0,0,0.2,0.0,0.0,0.2,0.2,1,0,1,0,0.0,12.86,0.0,1.2,75.0,42,10,0,0,0,0,0,0,12.86,0.0,0,1,0,7,0,0.0,0,7,5,0,0,2,1,2,1,0,0,0,1,0,0,0,0,0,0,0.0,0,0,0,0,0
Fikayo Tomori,ENG,DF,Milan,Serie A,27,1997,14,11,970.0,10.8,44.9,0.0,0,0,0,0,0.1,0.2,0.1,0.1,0.2,14,2,2,0,0.0,0.19,0.0,12.5,92.5,11046,4317,5,34,2,0,2,1,1.3,0.19,6,41,1,779,0,0.0,0,2173,1243,2,2,545,393,24,5,22,11,33,36,0,9,10,1,16,42,53.8,3,1,7,5,0
Sandro Tonali,ITA,MF,Newcastle,Premier League,24,2000,23,16,1551.0,17.2,68.9,0.64,1,1,1,2,3.1,1.1,0.6,3.1,3.7,39,5,22,7,31.8,1.28,0.05,17.9,83.0,11205,2974,9,64,13,7,24,2,2.26,0.29,23,75,34,1043,19,47.4,9,3154,1330,18,20,734,592,229,28,34,22,56,18,1,21,18,3,21,106,50.0,5,0,28,33,2
Pablo Torre,ESP,MF,Barcelona,La Liga,21,2003,8,4,261.0,2.9,12.6,1.38,3,3,1,4,0.3,0.9,0.5,0.3,0.8,13,2,4,4,100.0,1.38,0.75,24.0,81.2,2032,493,5,10,4,1,9,1,4.5,0.69,5,15,15,195,6,33.3,2,426,170,4,5,152,90,86,7,5,1,6,4,1,0,3,1,4,10,14.3,0,0,4,7,1
David Torres,ESP,DF,Valladolid,La Liga,21,2003,15,12,1183.0,13.1,54.8,-1.37,0,0,0,0,0.1,0.1,0.0,0.1,0.1,2,0,2,1,50.0,0.15,0.0,11.1,83.7,9678,3935,1,22,1,0,2,1,0.15,0.0,10,34,3,724,1,0.0,0,2191,1385,1,2,467,256,15,4,8,8,16,64,0,17,1,0,5,20,44.4,4,0,11,2,0
Ferrán Torres,ESP,FW,Barcelona,La Liga,24,2000,16,7,641.0,7.1,31.0,0.56,4,4,2,6,3.6,1.0,1.4,3.6,5.0,18,2,23,12,52.2,3.23,0.17,15.2,71.5,1780,462,9,11,9,1,13,1,2.53,0.28,15,20,57,275,14,64.3,9,766,341,15,6,219,86,171,41,5,1,6,2,0,7,2,2,3,16,33.3,0,1,3,5,5
Pau Torres,ESP,DF,Aston Villa,Premier League,28,1997,18,18,1549.0,17.2,68.8,-0.35,0,0,0,0,0.5,0.3,0.0,0.5,0.5,11,2,8,2,25.0,0.46,0.0,11.7,88.1,16190,6187,1,90,7,4,1,0,0.64,0.12,31,70,4,1165,14,92.9,13,4934,3293,3,3,836,555,74,13,18,6,24,49,2,13,6,1,13,52,40.0,1,0,6,6,0
Lucas Torró,ESP,MF,Osasuna,La Liga,30,1994,22,22,1845.0,20.5,85.4,-0.2,3,3,0,3,1.2,0.8,0.4,1.2,1.7,22,2,16,5,31.3,0.78,0.19,17.3,74.9,11265,3442,5,81,4,0,1,0,1.07,0.1,5,73,23,1101,7,71.4,5,1749,540,27,18,624,665,147,31,46,30,76,42,3,28,28,3,27,124,75.5,8,0,53,26,1
Lorenzo Tosto,ITA,DF,Empoli,Serie A,19,2006,1,0,1.0,0.0,0.0,-90.0,0,0,0,0,0.0,0.0,0.0,0.0,0.0,0,0,0,0,0.0,0.0,0.0,0.0,100.0,72,24,0,0,0,0,0,0,0.0,0.0,0,0,0,4,0,0.0,0,7,5,0,0,4,1,0,0,0,0,0,0,0,0,0,0,0,0,0.0,0,0,0,0,0
Abdoulaye Touré,GUI,MF,Le Havre,Ligue 1,30,1994,16,15,1334.0,14.8,67.4,-1.48,3,0,1,4,3.8,0.4,0.1,1.4,1.5,23,1,20,2,10.0,1.35,0.0,24.1,82.1,8371,2498,3,49,6,1,4,2,1.55,0.07,6,60,17,759,16,56.3,9,1726,762,19,19,455,414,118,15,38,23,61,28,3,22,12,5,21,93,60.6,3,0,19,25,0
Bazoumana Touré,CIV,MF,Hoffenheim,Bundesliga,18,2006,1,0,19.0,0.2,1.0,-9.47,0,0,0,0,0.0,0.0,0.0,0.0,0.0,1,0,0,0,0.0,0.0,0.0,0.0,55.6,73,6,0,0,0,0,3,0,5.0,0.0,0,0,3,15,3,33.3,1,60,15,1,0,9,8,6,0,0,2,2,0,0,0,0,0,0,2,0.0,0,0,0,0,0
Birama Touré,MLI,MF,Montpellier,Ligue 1,32,1992,8,2,300.0,3.3,15.2,-2.1,0,0,0,0,0.0,0.0,0.1,0.0,0.1,6,0,3,1,33.3,0.9,0.0,26.6,82.1,1809,621,3,4,0,0,0,0,1.79,0.0,0,9,2,157,0,0.0,0,287,71,6,0,99,65,22,3,8,6,14,7,0,3,2,1,5,14,50.0,2,0,2,5,0
Ousmane Toure,FRA,DF,Lille,Ligue 1,19,2005,1,0,6.0,0.1,0.3,-15.0,0,0,0,0,0.0,0.0,0.0,0.0,0.0,0,0,0,0,0.0,0.0,0.0,0.0,66.7,92,47,0,0,0,0,0,0,0.0,0.0,0,2,0,8,0,0.0,0,23,1,0,0,2,4,0,0,0,1,1,2,0,0,0,0,0,1,100.0,0,0,0,0,0
Souleymane Touré,FRA,DF,Udinese,Serie A,21,2003,12,11,733.0,8.1,32.6,0.0,1,1,0,1,0.4,0.2,0.0,0.4,0.4,8,0,4,2,50.0,0.49,0.25,7.0,91.7,8403,2159,2,34,4,0,6,1,0.98,0.0,6,26,3,585,10,50.0,5,1752,831,7,0,424,282,45,10,7,9,16,17,1,15,3,0,6,23,58.3,2,2,15,6,1
Lucas Tousart,FRA,MF,Union Berlin,Bundesliga,27,1997,7,3,308.0,3.4,15.6,-0.29,0,0,1,1,0.3,0.5,0.4,0.3,0.7,7,2,6,4,66.7,1.75,0.0,19.4,67.0,977,323,2,3,3,0,1,0,2.05,0.58,3,12,5,154,7,57.1,4,258,118,3,3,64,82,33,10,11,2,13,13,0,5,8,0,5,17,52.4,1,0,7,1,0
Conor Townsend,ENG,DF,Ipswich Town,Premier League,31,1993,3,1,136.0,1.5,6.0,-0.66,0,0,0,0,0.0,0.1,0.4,0.0,0.4,2,0,0,0,0.0,0.0,0.0,0.0,63.2,608,293,3,3,1,1,5,1,1.32,0.0,1,2,4,83,0,0.0,0,125,73,2,2,42,27,16,1,7,3,10,7,0,4,1,0,5,3,66.7,0,0,0,0,0
Adama Traoré,ESP,FW,Fulham,Premier League,29,1996,24,13,1223.0,13.6,54.4,0.44,2,2,4,6,3.7,3.5,3.7,3.7,7.4,60,6,32,10,31.3,2.35,0.06,14.2,71.3,4681,1166,30,25,23,3,75,13,4.42,0.44,75,47,114,567,65,52.3,34,3298,1899,23,12,441,195,334,76,10,1,11,4,1,5,2,2,6,60,56.8,2,0,18,25,1
Hamari Traoré,MLI,DF,Real Sociedad,La Liga,33,1992,4,4,311.0,3.5,14.4,-0.29,0,0,1,1,0.0,0.2,0.2,0.0,0.2,3,1,0,0,0.0,0.0,0.0,0.0,79.6,2747,921,2,8,3,0,3,1,0.87,0.29,4,11,7,227,3,66.7,2,347,176,2,1,112,127,34,2,11,3,14,11,0,1,3,1,7,15,40.0,0,0,4,3,0
Omar Traoré,GER,DF,Heidenheim,Bundesliga,27,1998,19,19,1634.0,18.2,82.5,-0.72,0,0,1,1,0.2,1.9,1.1,0.2,1.3,37,2,6,3,50.0,0.33,0.0,25.9,69.3,10716,4566,15,65,27,0,70,11,2.04,0.11,68,77,74,1087,42,45.2,19,3675,2169,26,16,604,498,294,9,35,14,49,39,0,23,14,1,21,83,37.5,3,0,16,19,0
Kevin Trapp,GER,GK,Eint Frankfurt,Bundesliga,34,1990,18,18,1575.0,17.5,79.5,1.03,0,0,0,0,0.0,0.0,0.0,0.0,0.0,1,1,0,0,0.0,0.0,0.0,0.0,75.7,10562,7291,0,3,0,0,0,0,0.06,0.06,0,0,0,677,0,0.0,0,2003,1186,1,0,373,2,0,0,0,0,0,7,2,0,0,0,0,30,75.0,0,0,0,1,0
Mark Travers,IRL,GK,Bournemouth,Premier League,25,1999,5,5,450.0,5.0,20.0,0.2,0,0,0,0,0.0,0.0,0.0,0.0,0.0,0,0,0,0,0.0,0.0,0.0,0.0,70.4,3469,2692,0,3,0,0,0,0,0.0,0.0,0,0,0,162,0,0.0,0,426,188,0,0,68,3,0,0,0,0,0,5,0,0,0,0,0,3,100.0,0,0,0,1,0
Óscar Trejo,ARG,MF,Rayo,La Liga,36,1988,9,3,251.0,2.8,12.1,0.0,0,0,0,0,0.3,0.2,0.9,0.3,1.2,8,0,2,0,0.0,0.72,0.0,16.3,84.4,1647,448,5,14,2,0,4,0,2.88,0.0,2,19,11,190,10,40.0,4,437,130,14,12,148,109,70,8,4,2,6,3,0,2,4,0,4,11,37.5,1,0,8,5,1
Philipp Treu,GER,MF,St. Pauli,Bundesliga,24,2000,21,21,1841.0,20.5,93.0,-0.34,0,0,1,1,0.9,1.7,1.4,0.9,2.3,41,2,14,2,14.3,0.68,0.0,15.9,80.4,12779,3960,14,49,14,1,44,7,2.0,0.1,40,76,73,1225,20,25.0,5,3018,1524,18,8,650,539,337,23,42,13,55,44,1,38,12,7,31,91,30.6,1,0,12,21,0
Ryan Trevitt,ENG,MF,Brentford,Premier League,21,2003,1,0,4.0,0.0,0.2,0.0,0,0,0,0,0.0,0.0,0.0,0.0,0.0,0,0,0,0,0.0,0.0,0.0,0.0,57.1,73,23,0,1,0,0,0,0,0.0,0.0,0,0,1,7,0,0.0,0,7,2,0,0,4,4,1,0,1,0,1,0,0,0,0,0,1,2,0.0,0,0,0,0,0
Christopher Trimmel,AUT,DF,Union Berlin,Bundesliga,37,1987,16,11,1011.0,11.2,51.1,-0.8,0,0,0,0,0.2,1.5,1.1,0.2,1.3,36,1,7,2,28.6,0.62,0.0,22.4,66.1,6343,3140,19,38,11,1,62,7,3.2,0.09,11,47,28,615,4,25.0,1,945,399,5,4,279,288,157,9,25,11,36,43,0,10,9,1,17,39,63.0,5,0,10,4,1
Kieran Trippier,ENG,DF,Newcastle,Premier League,34,1990,15,6,586.0,6.5,26.0,-0.15,0,0,0,0,0.0,0.5,0.3,0.0,0.3,22,0,1,0,0.0,0.15,0.0,17.0,83.1,8300,2635,6,31,5,2,36,1,3.38,0.0,10,41,28,651,2,50.0,1,1089,596,4,4,423,283,172,5,15,7,22,16,0,3,6,2,8,34,57.9,1,0,12,3,1
Leandro Trossard,BEL,FW,Arsenal,Premier League,30,1994,25,17,1537.0,17.1,68.3,1.41,4,4,5,9,3.9,2.7,4.5,3.9,8.4,57,6,37,12,32.4,2.17,0.11,16.4,72.1,6779,2019,25,27,33,5,59,8,3.34,0.35,52,65,132,739,55,43.6,24,3003,1353,32,32,539,219,438,87,20,9,29,16,0,19,12,3,13,68,16.7,3,1,12,25,5
Adrien Truffert,FRA,DF,Rennes,Ligue 1,23,2001,21,19,1672.0,18.6,84.4,-0.48,1,1,0,1,2.0,1.3,1.0,2.0,3.0,31,2,18,7,38.9,0.97,0.06,20.3,77.8,10836,3282,11,37,18,0,60,6,1.67,0.11,42,76,115,1112,23,47.8,11,3095,1564,25,16,694,494,358,32,37,16,53,36,0,29,14,6,20,88,44.7,3,0,18,14,3
Kostas Tsimikas,GRE,DF,Liverpool,Premier League,28,1996,11,3,365.0,4.1,16.2,1.23,0,0,1,1,0.1,1.0,1.0,0.1,1.1,13,2,2,1,50.0,0.49,0.0,19.9,85.3,4292,1586,6,25,4,1,28,0,3.2,0.49,9,40,16,352,2,100.0,2,725,461,3,2,213,156,103,3,13,4,17,14,0,4,3,2,7,16,62.5,1,0,6,1,0
Viktor Tsyhankov,UKR,FW,Girona,La Liga,27,1997,13,10,822.0,9.1,38.1,-0.66,1,1,3,4,1.2,2.6,1.7,1.2,2.9,27,4,13,4,30.8,1.42,0.08,20.3,76.5,4817,1353,15,22,15,1,56,5,2.96,0.44,24,34,98,492,13,38.5,5,1624,788,15,14,361,193,253,34,9,7,16,8,1,2,2,5,8,33,27.3,1,0,7,19,1
Axel Tuanzebe,COD,DF,Ipswich Town,Premier League,27,1997,13,12,1016.0,11.3,45.2,-0.97,0,0,0,0,0.2,0.1,0.2,0.2,0.4,8,0,3,0,0.0,0.27,0.0,11.5,84.2,5982,2365,3,35,1,0,4,0,0.71,0.0,4,31,5,567,6,50.0,3,1060,448,8,1,307,258,79,6,24,14,38,34,0,9,3,6,13,29,52.6,5,1,8,8,0
Stefano Turati,ITA,GK,Monza,Serie A,23,2001,21,21,1866.0,20.7,82.9,-0.63,0,0,0,0,0.0,0.0,0.0,0.0,0.0,3,1,0,0,0.0,0.0,0.0,0.0,69.4,15092,11877,0,9,0,0,0,0,0.14,0.05,0,0,0,800,0,0.0,0,2384,1301,0,0,407,6,0,0,0,0,0,13,1,0,0,0,0,20,100.0,1,0,0,8,0
Beñat Turrientes,ESP,MF,Real Sociedad,La Liga,23,2002,13,8,606.0,6.7,28.1,0.0,0,0,0,0,0.4,0.2,0.1,0.4,0.5,6,0,5,1,20.0,0.74,0.0,19.5,86.0,3751,780,2,23,1,0,17,0,0.89,0.0,13,29,26,335,16,43.8,7,1001,414,12,6,221,201,89,7,12,4,16,6,0,12,7,1,4,23,42.1,4,0,10,12,0
Tuta,BRA,DF,Eint Frankfurt,Bundesliga,25,1999,20,16,1459.0,16.2,73.7,1.05,2,2,1,3,0.5,0.5,0.3,0.5,0.8,22,1,8,4,50.0,0.49,0.25,14.9,89.5,13482,5139,3,44,9,3,1,0,1.36,0.06,5,44,3,1108,15,73.3,11,2820,1162,13,6,686,515,60,11,26,26,52,100,1,29,10,2,16,76,49.0,4,0,19,6,0
Chrisantus Uche,NGA,FW,Getafe,La Liga,21,2003,24,21,1789.0,19.9,82.8,0.2,3,3,2,5,3.2,1.5,1.6,3.2,4.7,58,3,41,12,29.3,2.06,0.07,17.9,65.6,3402,792,20,27,12,1,17,3,2.92,0.15,31,31,109,673,68,42.6,29,2314,855,84,53,520,259,357,74,19,5,24,15,0,12,11,6,11,80,40.0,5,0,42,51,17
Destiny Udogie,ITA,DF,Tottenham,Premier League,22,2002,18,18,1430.0,15.9,63.6,0.69,0,0,1,1,0.3,1.1,1.3,0.3,1.6,28,3,5,1,20.0,0.31,0.0,15.1,87.8,10869,3547,13,70,5,0,17,1,1.76,0.19,39,97,79,1057,25,40.0,10,3156,1789,24,16,636,467,330,41,50,17,67,25,1,27,17,7,31,83,45.8,2,0,22,30,1
Manuel Ugarte Ribeiro,URU,MF,Manchester Utd,Premier League,23,2001,18,13,1079.0,12.0,48.0,-0.42,0,0,0,0,0.4,0.5,0.5,0.4,0.9,20,0,6,1,16.7,0.5,0.0,20.9,89.4,8275,1730,6,39,3,2,1,1,1.67,0.0,7,38,10,704,16,50.0,8,1673,697,21,16,433,403,103,7,54,17,71,12,1,16,25,6,32,68,40.9,8,0,28,19,0
Lesley Ugochukwu,FRA,MF,Southampton,Premier League,20,2004,15,7,790.0,8.8,35.1,-1.59,0,0,1,1,0.4,0.4,0.7,0.4,1.0,15,1,5,0,0.0,0.57,0.0,20.9,85.3,4722,1052,8,35,5,1,5,1,1.71,0.11,17,35,13,465,16,75.0,12,1401,632,4,8,316,279,96,12,32,4,36,12,1,17,20,3,16,34,57.9,3,0,18,9,0
Lukas Ullrich,GER,DF,Gladbach,Bundesliga,20,2004,14,13,1065.0,11.8,53.8,0.59,1,1,2,3,0.8,1.7,1.8,0.8,2.7,15,3,7,2,28.6,0.59,0.14,12.9,74.6,5646,1847,8,14,5,1,29,4,1.27,0.25,14,20,41,613,17,35.3,6,1554,711,7,7,360,257,121,17,12,12,24,40,1,18,2,1,4,45,50.0,3,0,13,12,0
Sven Ulreich,GER,GK,Bayern,Bundesliga,36,1988,1,1,90.0,1.0,4.5,5.0,0,0,0,0,0.0,0.0,0.0,0.0,0.0,0,0,0,0,0.0,0.0,0.0,0.0,83.3,551,414,0,1,0,0,0,0,0.0,0.0,0,0,0,30,0,0.0,0,55,30,0,0,24,3,0,0,0,0,0,0,0,0,0,0,0,2,0.0,0,0,0,0,0
Enes Ünal,TUR,FW,Bournemouth,Premier League,27,1997,17,2,345.0,3.8,15.3,0.78,2,2,1,3,2.7,0.3,0.4,2.7,3.1,9,3,20,7,35.0,5.22,0.1,14.6,63.6,685,192,4,4,4,1,4,0,2.35,0.78,4,12,22,172,12,8.3,1,261,95,17,13,133,63,95,26,1,0,1,6,0,1,0,1,0,16,52.2,2,0,6,9,1
Deniz Undav,GER,FW,Stuttgart,Bundesliga,28,1996,16,12,1018.0,11.3,51.4,0.53,7,7,1,8,8.1,0.9,1.0,8.1,9.1,31,4,47,23,48.9,4.16,0.15,14.2,69.9,3334,984,10,21,11,1,3,1,2.74,0.35,19,42,74,435,12,41.7,5,1163,579,35,21,342,223,182,58,5,3,8,6,0,6,1,3,5,30,30.0,3,0,14,10,8
Naci Ünüvar,NED,MF,Espanyol,La Liga,21,2003,2,0,31.0,0.3,1.4,0.0,0,0,0,0,0.0,0.1,0.0,0.0,0.1,2,0,1,0,0.0,2.9,0.0,14.2,72.2,193,38,1,1,1,0,2,1,5.63,0.0,1,1,4,23,2,0.0,0,68,34,0,0,15,8,12,2,2,0,2,0,0,0,1,0,2,3,0.0,0,0,0,1,1
Dayot Upamecano,FRA,DF,Bayern,Bundesliga,26,1998,19,19,1669.0,18.5,84.3,2.37,2,2,0,2,1.2,1.1,0.5,1.2,1.7,15,0,12,6,50.0,0.65,0.17,9.5,93.7,32091,10541,6,173,3,0,6,1,0.81,0.0,15,118,4,1986,5,60.0,3,6753,3958,6,4,1549,1286,99,17,32,31,63,44,1,17,13,2,21,106,59.8,6,0,20,10,0
Kacper Urbanski,POL,MF,Bologna,Serie A,20,2004,7,1,247.0,2.7,11.4,-0.73,1,1,0,1,0.3,0.3,0.5,0.3,0.8,8,0,4,1,25.0,1.46,0.25,15.7,84.1,1689,395,9,14,5,1,8,1,2.91,0.0,5,15,19,163,5,60.0,3,551,201,8,3,110,68,73,10,5,2,7,5,0,5,0,1,2,16,20.0,2,0,5,4,0
Kacper Urbanski,POL,MF,Monza,Serie A,20,2004,4,4,328.0,3.6,11.4,-0.73,0,0,0,0,0.1,0.3,0.1,0.1,0.1,8,0,4,1,25.0,1.46,0.25,15.7,84.1,1689,395,9,14,5,1,8,1,2.91,0.0,4,28,8,163,5,60.0,3,551,201,8,3,110,68,73,10,5,2,7,5,0,5,0,1,2,16,20.0,2,0,5,4,0
Can Uzun,TUR,MF,Eint Frankfurt,Bundesliga,19,2005,15,3,445.0,4.9,22.5,2.02,4,4,1,5,2.6,0.9,0.9,2.6,3.5,27,2,21,9,42.9,4.25,0.19,16.0,80.4,2710,855,10,18,12,2,14,4,5.45,0.4,9,29,29,274,12,58.3,7,887,338,12,13,225,126,123,24,7,1,8,3,0,7,3,3,3,17,57.1,1,0,7,10,0
Josha Vagnoman,GER,DF,Stuttgart,Bundesliga,24,2000,20,17,1559.0,17.3,78.7,0.35,1,1,0,1,1.2,1.4,1.4,1.2,2.6,22,0,13,5,38.5,0.75,0.08,16.6,79.8,9513,2701,17,28,13,1,37,7,1.27,0.0,22,36,78,931,27,29.6,8,2143,843,24,18,563,412,249,29,23,11,34,50,0,12,11,2,11,74,50.0,4,0,15,18,0
Lautaro Valenti,ARG,DF,Parma,Serie A,26,1999,8,6,572.0,6.4,25.4,-0.47,1,1,0,1,0.2,0.1,0.2,0.2,0.4,8,0,6,2,33.3,0.94,0.17,23.9,86.3,4829,1738,3,14,2,0,1,1,1.26,0.0,1,13,2,368,0,0.0,0,706,231,1,0,211,161,16,7,9,4,13,39,0,10,1,0,7,19,47.4,2,0,3,1,0
Óscar Valentín,ESP,MF,Rayo,La Liga,30,1994,23,14,1389.0,15.4,67.1,0.13,0,0,0,0,0.4,0.9,0.7,0.4,1.1,32,3,3,1,33.3,0.19,0.0,7.9,80.8,7559,2772,8,56,5,0,2,1,2.07,0.19,9,66,7,785,10,50.0,5,1501,790,16,6,386,439,109,11,46,21,67,44,1,27,17,9,36,85,46.7,2,0,40,24,0
Nicolás Valentini,ARG,DF,Hellas Verona,Serie A,23,2001,2,1,112.0,1.2,5.0,-0.8,0,0,0,0,0.1,0.0,0.0,0.1,0.1,1,0,1,0,0.0,0.8,0.0,11.1,63.2,491,273,0,6,0,0,2,0,0.8,0.0,0,3,0,56,0,0.0,0,114,32,1,0,22,26,6,1,4,1,5,9,0,2,2,0,3,4,33.3,0,0,3,0,0
Germán Valera,ESP,MF,Valencia,La Liga,22,2002,8,1,148.0,1.6,6.9,-2.43,0,0,0,0,0.1,0.0,0.0,0.1,0.2,5,0,3,2,66.7,1.82,0.0,21.7,72.3,474,50,1,3,0,0,6,0,3.04,0.0,1,2,10,73,8,37.5,3,276,87,5,1,46,33,32,4,1,4,5,2,1,2,0,0,1,4,33.3,0,0,2,4,0
Emanuele Valeri,ITA,DF,Parma,Serie A,26,1998,22,21,1758.0,19.5,78.1,-0.61,2,1,3,5,1.2,1.5,1.9,0.5,2.4,51,7,17,4,23.5,0.87,0.06,26.5,66.9,9004,4048,21,44,18,1,67,9,2.61,0.36,45,62,63,964,34,20.6,7,2352,1276,26,3,468,369,325,18,35,21,56,60,3,16,10,3,22,72,60.0,0,0,14,14,0
Martin Valjent,SVK,DF,Mallorca,La Liga,29,1995,19,19,1683.0,18.7,77.9,-0.37,0,0,0,0,0.3,0.1,0.0,0.3,0.3,11,0,6,1,16.7,0.32,0.0,14.1,85.2,13583,5145,0,41,2,0,4,0,0.59,0.0,10,53,10,993,6,66.7,4,3342,1785,7,1,610,429,43,6,15,13,28,105,1,14,2,1,9,61,51.9,4,0,10,7,0
Álex Valle,ESP,DF,Como,Serie A,20,2004,3,3,246.0,2.7,10.9,0.0,0,0,0,0,0.1,0.1,0.1,0.1,0.1,5,0,3,0,0.0,1.1,0.0,24.0,83.8,1592,679,1,3,2,0,3,2,1.83,0.0,2,9,6,186,11,45.5,5,490,185,2,3,101,67,35,3,9,2,11,9,0,6,7,0,5,11,28.6,1,0,4,5,1
Jesús Vallejo,ESP,DF,Real Madrid,La Liga,28,1997,1,0,11.0,0.1,0.5,-16.36,0,0,0,0,0.0,0.0,0.0,0.0,0.0,0,0,0,0,0.0,0.0,0.0,0.0,85.7,221,54,0,0,0,0,0,0,0.0,0.0,0,0,0,16,0,0.0,0,38,16,0,0,13,9,0,0,0,0,0,2,0,0,0,0,0,1,0.0,0,0,0,0,0
Mattia Valoti,ITA,MF,Monza,Serie A,31,1993,5,0,40.0,0.4,1.8,-2.25,0,0,0,0,0.0,0.0,0.0,0.0,0.0,0,0,0,0,0.0,0.0,0.0,0.0,63.2,235,60,0,0,0,0,0,0,0.0,0.0,0,0,0,27,0,0.0,0,29,16,0,1,12,13,2,0,3,0,3,2,0,2,0,0,3,3,0.0,1,0,2,2,0
Federico Valverde,URU,MF,Real Madrid,La Liga,26,1998,24,24,2099.0,23.3,97.2,1.29,5,5,3,8,1.2,2.3,2.2,1.2,3.4,63,10,32,14,43.8,1.37,0.16,28.9,89.2,24537,7028,29,159,21,2,20,1,2.7,0.43,48,154,50,1767,20,60.0,12,5704,2813,27,1,1317,1033,403,23,32,44,76,31,1,26,14,5,20,119,64.5,3,0,9,9,1
Ignace Van Der Brempt,BEL,DF,Como,Serie A,22,2002,14,12,1038.0,11.5,46.1,0.26,0,0,1,1,0.2,0.4,0.4,0.2,0.7,19,3,5,2,40.0,0.43,0.0,11.7,81.5,6922,2141,8,22,5,0,20,3,1.65,0.26,16,31,32,695,23,43.5,10,1782,836,18,7,391,304,178,12,37,10,47,30,0,11,10,2,30,42,45.5,3,0,17,12,0
Siebe Van Der Heyden,BEL,DF,Mallorca,La Liga,26,1998,2,1,97.0,1.1,4.5,-1.86,0,0,0,0,0.0,0.1,0.1,0.0,0.1,2,0,1,0,0.0,0.93,0.0,11.4,89.0,1164,308,1,7,1,0,2,1,1.86,0.0,1,5,1,83,3,33.3,1,218,72,0,2,63,42,15,1,1,2,3,3,0,1,1,0,1,5,66.7,0,0,2,0,0
Siebe Van Der Heyden,BEL,MF,St. Pauli,Bundesliga,26,1998,3,2,148.0,1.6,4.5,-1.86,0,0,0,0,0.0,0.1,0.0,0.0,0.0,2,0,1,0,0.0,0.93,0.0,11.4,89.0,1164,308,1,7,1,0,2,1,1.86,0.0,1,6,3,83,3,33.3,1,218,72,0,2,63,42,15,1,1,2,3,3,0,1,1,0,1,5,66.7,0,0,2,0,0
Virgil van Dijk,NED,DF,Liverpool,Premier League,33,1991,25,25,2250.0,25.0,100.0,1.44,1,1,1,2,1.5,0.7,0.5,1.5,2.0,30,4,18,6,33.3,0.72,0.06,13.7,91.8,31789,12964,9,170,3,0,1,0,1.2,0.16,12,112,4,2195,5,60.0,3,6026,3211,4,2,1511,1197,114,34,27,39,66,122,2,17,13,2,14,82,73.4,3,0,11,9,0
Vanderson,BRA,DF,Monaco,Ligue 1,23,2001,18,16,1353.0,15.0,68.3,0.4,1,1,2,3,1.7,1.8,1.4,1.7,3.0,31,5,13,4,30.8,0.86,0.08,18.5,77.6,11610,3993,13,41,16,2,35,6,2.06,0.33,36,58,84,1112,28,50.0,14,2740,1418,26,11,628,565,292,36,50,28,78,35,1,30,21,5,28,100,46.9,6,1,19,15,0
Maarten Vandevoordt,BEL,GK,RB Leipzig,Bundesliga,22,2002,2,1,135.0,1.5,6.8,2.67,0,0,0,0,0.0,0.0,0.0,0.0,0.0,0,0,0,0,0.0,0.0,0.0,0.0,75.5,861,530,0,0,0,0,0,0,0.0,0.0,0,0,0,52,0,0.0,0,94,55,0,0,19,0,0,0,0,0,0,2,0,0,0,0,0,3,0.0,0,0,0,0,0
Jamie Vardy,ENG,FW,Leicester City,Premier League,38,1987,23,23,1866.0,20.7,82.9,-1.21,7,6,3,10,8.4,2.1,2.5,7.6,10.1,31,9,39,14,35.9,1.88,0.15,11.9,66.5,2406,286,14,7,8,1,7,1,1.5,0.43,21,17,78,399,18,38.9,7,930,452,24,9,258,175,190,84,11,3,14,16,0,7,3,3,10,24,50.0,4,0,15,13,16
Ruben Vargas,SUI,FW,Sevilla,La Liga,26,1998,6,5,392.0,4.4,18.1,0.46,1,1,1,2,1.0,0.5,0.6,1.0,1.6,18,2,10,2,20.0,2.3,0.1,14.0,74.1,1736,379,9,5,4,0,19,3,4.13,0.46,17,9,35,215,20,35.0,7,740,407,20,4,147,88,100,18,5,1,6,4,0,5,3,1,4,16,57.1,0,0,7,4,3
Ruben Vargas,SUI,MF,Augsburg,Bundesliga,26,1998,8,3,305.0,3.4,18.1,0.46,0,0,0,0,0.7,0.5,0.7,0.7,1.4,18,2,10,2,20.0,2.3,0.1,14.0,74.1,1736,379,9,5,4,0,19,3,4.13,0.46,9,13,24,215,20,35.0,7,740,407,20,4,147,88,100,18,5,1,6,4,0,5,3,1,4,16,57.1,0,0,7,4,3
Nikola Vasilj,BIH,GK,St. Pauli,Bundesliga,29,1995,22,22,1980.0,22.0,100.0,-0.32,0,0,0,0,0.0,0.1,0.0,0.0,0.0,1,0,0,0,0.0,0.0,0.0,0.0,73.8,17656,12097,1,27,1,0,0,0,0.05,0.0,0,0,0,976,1,100.0,1,2898,1733,0,0,587,14,0,0,0,0,0,13,1,0,0,0,0,36,100.0,0,0,1,0,0
Devis Vásquez,COL,GK,Empoli,Serie A,26,1998,23,23,2070.0,23.0,92.0,-0.48,0,0,0,0,0.0,0.1,0.0,0.0,0.0,2,0,0,0,0.0,0.0,0.0,0.0,60.6,14666,10801,0,19,1,0,0,0,0.09,0.0,0,0,0,871,1,100.0,1,2574,1515,1,0,455,8,1,0,0,0,0,16,3,0,0,0,0,26,87.5,2,0,1,3,0
Johan Vásquez,MEX,DF,Genoa,Serie A,26,1998,23,21,1935.0,21.5,89.6,-0.56,1,1,0,1,1.7,0.3,0.3,1.7,2.0,22,0,20,4,20.0,0.93,0.05,13.2,85.2,18216,5875,6,50,5,0,6,2,1.02,0.0,19,62,11,1371,6,66.7,4,4039,2093,15,4,868,614,82,33,26,29,55,87,1,41,12,3,13,76,53.1,6,0,19,16,1
Denis Vavro,SVK,DF,Wolfsburg,Bundesliga,28,1996,18,17,1531.0,17.0,77.3,0.53,1,1,0,1,1.2,0.4,0.2,1.2,1.4,23,5,19,5,26.3,1.12,0.05,20.7,86.2,18458,6249,6,70,4,0,4,0,1.35,0.29,7,67,2,1211,6,50.0,3,2799,1238,6,1,741,576,51,17,11,20,31,150,2,28,3,0,7,59,68.5,3,0,6,5,0
José Luis García Vayá,ESP,MF,Valencia,La Liga,26,1998,21,14,1314.0,14.6,60.8,-1.1,1,0,2,3,1.2,1.9,1.7,0.5,2.1,43,2,11,4,36.4,0.75,0.0,25.6,78.1,14365,4738,26,134,5,2,90,3,2.95,0.14,7,109,14,1075,6,83.3,5,1927,960,8,10,662,639,236,10,32,10,42,23,0,17,10,5,17,77,55.3,8,1,22,11,1
Robinio Vaz,FRA,FW,Marseille,Ligue 1,18,2007,2,0,75.0,0.8,3.8,1.2,0,0,0,0,0.5,0.1,0.0,0.5,0.5,3,2,2,0,0.0,2.4,0.0,9.7,25.0,27,0,0,0,0,0,1,0,3.6,2.4,3,0,6,20,1,0.0,0,79,34,1,1,14,1,17,9,1,0,1,2,0,0,0,1,1,1,50.0,1,0,1,4,0
Jesus Vazquez,ESP,DF,Valencia,La Liga,22,2003,13,8,684.0,7.6,31.7,-1.05,0,0,0,0,0.1,0.4,0.2,0.1,0.3,5,1,3,1,33.3,0.39,0.0,18.3,75.9,3756,1076,1,12,3,0,20,2,0.66,0.13,25,17,38,457,26,38.5,10,1151,652,13,6,216,178,155,7,16,5,21,22,0,14,6,2,13,31,44.4,3,0,14,7,1
Lucas Vázquez,ESP,DF,Real Madrid,La Liga,33,1991,19,14,1223.0,13.6,56.6,0.81,1,1,3,4,1.3,3.1,3.9,1.3,5.2,43,5,10,3,30.0,0.74,0.1,13.6,87.2,12949,2884,23,38,17,1,41,2,3.17,0.37,20,62,123,1072,23,56.5,13,2314,1129,14,6,775,472,355,33,31,11,42,17,0,8,9,4,19,46,27.3,3,0,16,16,2
Matías Vecino,URU,MF,Lazio,Serie A,33,1991,10,4,486.0,5.4,21.6,1.3,1,1,1,2,1.2,1.6,1.5,1.2,2.6,16,2,11,3,27.3,2.04,0.09,11.8,81.7,3225,793,7,19,2,2,1,0,2.96,0.37,1,16,7,276,0,0.0,0,660,254,5,6,191,169,55,18,8,5,13,6,0,5,6,1,6,18,50.0,2,0,11,1,0
Danilo Veiga,POR,DF,Lecce,Serie A,22,2002,1,0,15.0,0.2,0.7,0.0,0,0,0,0,0.0,0.1,0.1,0.0,0.1,1,0,0,0,0.0,0.0,0.0,0.0,80.0,146,27,1,1,1,0,2,1,6.0,0.0,0,0,1,12,0,0.0,0,26,7,0,0,8,6,4,0,0,1,1,1,0,0,0,0,0,1,0.0,0,0,1,0,0
Renato Veiga,POR,DF,Chelsea,Premier League,21,2003,7,1,181.0,2.0,8.0,0.0,0,0,0,0,0.2,0.2,0.0,0.2,0.2,1,0,3,1,33.3,1.49,0.0,17.1,84.9,2171,435,0,6,1,0,0,0,0.49,0.0,4,7,3,167,5,60.0,3,414,141,1,0,110,82,27,3,9,1,10,2,0,3,3,0,6,9,50.0,2,0,6,1,1
Renato Veiga,POR,DF,Juventus,Serie A,21,2003,3,3,270.0,3.0,8.0,0.0,0,0,0,0,0.0,0.2,0.0,0.0,0.0,1,0,3,1,33.3,1.49,0.0,17.1,84.9,2171,435,0,6,1,0,0,0,0.49,0.0,1,7,0,167,5,60.0,3,414,141,1,0,110,82,27,3,9,1,10,2,0,3,3,0,6,9,50.0,2,0,6,1,1
Alejo Véliz,ARG,FW,Espanyol,La Liga,21,2003,20,10,946.0,10.5,43.8,-0.67,1,1,0,1,1.8,0.1,0.5,1.8,2.4,9,1,15,5,33.3,1.43,0.07,11.4,65.6,1426,161,2,8,0,0,0,0,0.84,0.09,1,7,23,270,5,20.0,1,311,82,30,10,168,168,74,23,1,3,4,19,1,11,1,0,1,18,48.9,2,0,16,25,5
Miloš Veljković,SRB,DF,Werder Bremen,Bundesliga,29,1995,11,8,768.0,8.5,38.8,-0.59,0,0,1,1,0.2,0.5,0.2,0.2,0.3,10,1,1,0,0.0,0.12,0.0,2.2,86.5,8865,2979,3,39,4,0,9,3,1.17,0.12,9,54,2,581,0,0.0,0,1657,953,2,2,400,289,39,4,7,2,9,38,1,11,3,1,4,26,55.9,0,0,3,3,0
Joël Veltman,NED,DF,Brighton,Premier League,33,1992,19,19,1643.0,18.3,73.0,0.33,0,0,0,0,0.5,1.3,0.5,0.5,0.9,22,1,6,1,16.7,0.33,0.0,19.7,80.0,12082,3157,6,61,8,2,23,5,1.21,0.05,29,79,32,1097,15,26.7,4,2780,1414,19,7,598,540,240,10,42,18,60,66,0,22,16,3,28,67,53.8,4,0,26,42,0
Micky van de Ven,NED,DF,Tottenham,Premier League,23,2001,9,9,788.0,8.8,35.0,0.91,0,0,2,2,0.4,0.7,1.2,0.4,1.5,9,2,5,1,20.0,0.57,0.0,10.8,91.3,11030,3317,2,41,1,0,0,0,1.03,0.23,8,43,1,716,6,66.7,4,2357,1129,4,4,520,319,32,8,8,9,17,29,1,8,4,1,5,54,50.0,4,0,8,6,0
Lorenzo Venturino,ITA,FW,Genoa,Serie A,18,2006,1,0,23.0,0.3,1.1,-3.91,0,0,0,0,0.0,0.1,0.1,0.0,0.1,1,0,0,0,0.0,0.0,0.0,0.0,62.5,129,22,1,0,2,0,3,0,3.91,0.0,2,2,1,8,0,0.0,0,77,46,0,0,5,0,6,1,1,0,1,0,0,0,0,0,1,1,0.0,0,0,0,0,0
Nikolas Veratschnig,AUT,DF,Mainz 05,Bundesliga,22,2003,7,0,65.0,0.7,3.3,0.0,0,0,0,0,0.1,0.0,0.1,0.1,0.2,2,0,1,0,0.0,1.38,0.0,4.5,66.7,321,25,1,0,1,0,4,0,2.77,0.0,3,1,7,41,3,33.3,1,71,40,1,1,18,9,25,6,2,1,3,1,0,1,1,0,2,3,20.0,0,0,1,0,1
Bart Verbruggen,NED,GK,Brighton,Premier League,22,2002,23,23,2070.0,23.0,92.0,-0.17,0,0,1,1,0.0,0.0,0.0,0.0,0.0,3,1,0,0,0.0,0.0,0.0,0.0,78.8,15991,10910,1,10,1,0,0,0,0.13,0.04,0,2,0,922,2,100.0,2,2242,1116,2,0,588,10,0,0,0,0,0,14,4,1,0,0,0,43,90.0,4,0,0,1,0
Simone Verdi,ITA,MF,Como,Serie A,32,1992,9,0,115.0,1.3,5.1,-2.35,0,0,0,0,0.1,0.6,0.5,0.1,0.6,8,0,2,2,100.0,1.57,0.0,26.3,51.7,576,243,6,2,3,1,14,3,6.26,0.0,3,5,13,75,2,100.0,2,270,150,0,4,51,37,32,1,2,0,2,2,0,2,1,1,2,5,0.0,1,0,1,1,0
Jordan Veretout,FRA,MF,Lyon,Ligue 1,31,1993,18,15,1224.0,13.6,61.8,0.81,2,2,0,2,1.2,0.7,0.5,1.2,1.7,28,1,11,6,54.5,0.81,0.18,16.9,83.3,10285,2616,10,72,11,1,19,0,2.06,0.07,25,80,46,828,5,80.0,4,1935,934,18,6,587,508,181,18,19,3,22,20,0,11,7,2,9,64,40.0,3,0,18,6,0
Arthur Vermeeren,BEL,MF,RB Leipzig,Bundesliga,20,2005,18,11,1001.0,11.1,0.0,0.0,0,0,1,1,0.2,0.3,0.4,0.2,0.6,18,1,1,0,0.0,0.09,0.0,15.2,82.9,7387,2049,6,38,2,2,3,0,1.62,0.09,4,40,14,691,11,45.5,5,1131,435,14,10,451,401,124,4,23,19,42,14,1,27,9,1,16,70,28.6,5,0,14,1,0
Yorbe Vertessen,BEL,MF,Union Berlin,Bundesliga,24,2001,17,7,718.0,8.0,36.3,-0.38,1,1,0,1,1.3,1.8,1.6,1.3,2.9,32,0,27,5,18.5,3.38,0.04,20.5,66.2,1979,567,15,6,14,1,23,2,4.0,0.0,18,16,42,342,51,37.3,19,1227,503,28,17,227,130,174,26,6,3,9,6,0,6,2,1,3,32,35.3,2,0,14,17,2
Mikel Vesga,ESP,MF,Athletic Club,La Liga,31,1993,17,6,615.0,6.8,28.5,0.59,0,0,0,0,0.3,0.5,0.5,0.3,0.8,13,0,3,0,0.0,0.44,0.0,17.4,81.5,5306,1631,7,35,2,2,4,0,1.9,0.0,4,48,17,434,5,40.0,2,741,329,9,5,268,272,71,8,15,10,25,12,0,7,10,0,9,46,63.6,1,0,10,0,0
Jannik Vestergaard,DEN,DF,Leicester City,Premier League,32,1992,16,15,1260.0,14.0,56.0,-1.79,0,0,0,0,0.0,0.1,0.1,0.0,0.1,6,0,2,1,50.0,0.14,0.0,10.2,90.6,13381,5230,2,33,1,0,0,0,0.43,0.0,2,26,2,995,4,100.0,4,2609,1296,2,0,695,445,27,9,20,15,35,68,1,18,5,0,9,41,62.5,5,0,12,4,0
Ben Viadere,FRA,MF,Auxerre,Ligue 1,19,2005,1,0,5.0,0.1,0.3,-18.0,0,0,0,0,0.0,0.1,0.0,0.0,0.0,1,0,0,0,0.0,0.0,0.0,0.0,33.3,37,27,1,0,0,0,4,0,18.0,0.0,1,0,1,7,2,50.0,1,22,17,0,0,4,1,6,0,0,0,0,0,0,0,0,0,0,0,0.0,0,0,0,0,0
Guglielmo Vicario,ITA,GK,Tottenham,Premier League,28,1996,13,13,1170.0,13.0,52.0,1.15,0,0,0,0,0.0,0.0,0.0,0.0,0.0,3,0,0,0,0.0,0.0,0.0,0.0,91.6,8421,4984,0,1,0,0,0,0,0.23,0.0,0,1,0,519,1,100.0,1,1796,973,0,0,340,10,0,0,0,1,1,7,2,0,0,0,0,21,100.0,1,0,0,1,0
Carlos Vicente,ESP,FW,Alaves,La Liga,25,1999,23,23,2028.0,22.5,93.9,-0.31,3,3,3,6,2.0,4.2,3.8,2.0,5.7,70,5,22,9,40.9,0.98,0.14,17.5,62.2,7479,2814,43,22,27,3,175,22,3.11,0.22,69,36,141,950,76,32.9,25,3053,1394,48,28,533,330,491,57,24,11,35,22,0,20,4,3,16,85,40.0,1,0,19,39,8
Pau Victor Delgado,ESP,FW,Barcelona,La Liga,23,2001,15,1,215.0,2.4,10.4,2.09,2,2,1,3,2.0,0.3,0.8,2.0,2.7,9,2,8,4,50.0,3.35,0.25,16.6,80.2,1136,201,5,4,3,0,2,0,3.75,0.83,2,8,22,133,11,63.6,7,314,137,6,7,97,63,59,12,1,2,3,4,0,6,1,0,1,13,66.7,2,0,5,3,0
Nacho Vidal,ESP,DF,Osasuna,La Liga,30,1995,5,1,124.0,1.4,5.7,-2.9,0,0,0,0,0.0,0.0,0.0,0.0,0.0,0,0,0,0,0.0,0.0,0.0,0.0,75.5,613,304,0,1,0,0,2,0,0.0,0.0,3,1,5,65,2,100.0,2,129,77,2,2,33,24,19,0,2,0,2,6,0,1,1,1,0,5,75.0,0,0,2,1,0
Gabriel Vidovic,CRO,MF,Mainz 05,Bundesliga,21,2003,1,0,4.0,0.0,0.0,0.0,0,0,0,0,0.1,0.0,0.0,0.1,0.1,0,0,1,0,0.0,22.5,0.0,13.4,100.0,113,0,0,0,0,0,0,0,0.0,0.0,0,0,2,8,0,0.0,0,13,5,1,0,5,4,4,1,0,0,0,0,0,0,0,0,0,0,0.0,0,0,0,1,0
Fran Vieites,ESP,GK,Betis,La Liga,25,1999,4,4,360.0,4.0,16.7,0.0,0,0,0,0,0.0,0.0,0.0,0.0,0.0,0,0,1,1,100.0,0.25,0.0,13.0,63.9,2047,1345,0,2,0,0,0,0,0.0,0.0,0,0,0,126,0,0.0,0,248,139,0,0,48,1,1,1,0,0,0,1,0,0,0,0,0,7,100.0,0,0,0,2,0
Samuele Vignato,ITA,MF,Monza,Serie A,20,2004,12,3,397.0,4.4,17.6,-1.13,0,0,0,0,0.2,0.2,0.0,0.2,0.2,4,1,3,0,0.0,0.68,0.0,13.0,73.3,1335,215,1,6,2,1,10,0,0.91,0.23,4,12,27,172,12,33.3,4,547,208,8,10,129,84,70,4,6,0,6,6,0,0,4,2,3,11,29.4,0,0,3,2,0
Asier Villalibre,ESP,FW,Alaves,La Liga,27,1997,11,2,250.0,2.8,11.6,-1.8,1,0,0,1,1.4,0.1,0.0,0.6,0.6,5,0,6,1,16.7,2.16,0.0,15.7,65.4,490,103,0,2,2,0,1,0,1.79,0.0,2,5,14,78,4,0.0,0,208,64,6,2,57,38,35,16,0,1,1,4,0,1,0,0,0,3,73.7,1,0,7,6,0
Iván Villar,ESP,GK,Celta Vigo,La Liga,27,1997,4,4,360.0,4.0,16.7,0.25,0,0,0,0,0.0,0.0,0.0,0.0,0.0,0,0,0,0,0.0,0.0,0.0,0.0,81.2,1704,1111,0,0,0,0,0,0,0.0,0.0,0,0,0,130,0,0.0,0,269,172,0,0,49,2,0,0,0,0,0,3,0,0,0,0,0,10,50.0,0,0,0,0,0
Carlos Vinícius,BRA,MF,Fulham,Premier League,29,1995,1,0,4.0,0.0,0.2,0.0,0,0,0,0,0.0,0.0,0.0,0.0,0.0,1,0,1,1,100.0,22.5,0.0,17.4,0.0,0,0,0,0,0,0,0,0,22.5,0.0,1,0,1,3,1,100.0,1,10,9,0,0,2,1,2,2,0,0,0,0,0,0,0,0,0,0,0.0,0,0,0,0,0
Nicolas Viola,ITA,FW,Cagliari,Serie A,35,1989,17,11,821.0,9.1,36.5,-0.77,1,1,1,2,1.3,2.3,1.7,1.3,2.9,46,4,20,7,35.0,2.19,0.05,20.3,64.0,3673,1537,21,27,8,3,58,2,5.04,0.44,15,36,56,398,21,38.1,8,1058,531,16,11,253,192,175,22,11,2,13,4,0,4,6,0,6,34,48.3,1,0,11,24,7
Viti,ESP,DF,Las Palmas,La Liga,27,1997,17,11,1016.0,11.3,47.0,-0.53,0,0,2,2,0.0,0.9,0.8,0.0,0.8,16,2,0,0,0.0,0.0,0.0,0.0,82.0,6806,2356,8,26,8,1,27,5,1.42,0.18,23,28,38,653,8,25.0,2,1882,839,18,2,336,314,129,13,37,18,55,33,0,15,15,3,27,41,54.5,4,0,20,17,0
Mattia Viti,ITA,DF,Empoli,Serie A,23,2002,21,21,1815.0,20.2,80.7,-0.3,0,0,0,0,0.6,0.1,0.1,0.6,0.7,16,0,10,1,10.0,0.5,0.0,15.0,80.9,12579,4342,2,53,0,1,0,0,0.79,0.0,11,62,7,1088,7,71.4,5,2276,1187,16,12,545,470,40,11,49,38,87,81,3,32,14,2,35,76,52.2,1,0,18,20,0
Vitinha,POR,FW,Genoa,Serie A,24,2000,17,10,887.0,9.9,41.1,-0.71,0,0,2,2,1.1,1.2,2.6,1.1,3.7,26,2,24,2,8.3,2.44,0.0,20.0,62.1,1827,456,9,9,7,1,22,4,2.64,0.2,21,13,52,371,48,31.3,15,1341,674,38,23,225,160,161,34,15,11,26,15,0,11,4,5,5,36,51.2,1,0,11,16,6
Vitinha,POR,MF,PSG,Ligue 1,25,2000,19,14,1383.0,15.4,41.1,-0.71,4,2,0,4,2.6,1.2,1.5,1.1,2.5,26,2,24,2,8.3,2.44,0.0,20.0,62.1,1827,456,9,9,7,1,22,4,2.64,0.2,33,146,33,371,48,31.3,15,1341,674,38,23,225,160,161,34,15,11,26,15,0,11,4,5,5,36,51.2,1,0,11,16,6
Daniel Vivian,ESP,DF,Athletic Club,La Liga,25,1999,21,19,1765.0,19.6,81.7,0.76,3,3,0,3,1.5,0.3,0.2,1.5,1.6,25,1,13,4,30.8,0.66,0.23,13.1,86.1,20525,7599,5,108,2,1,5,0,1.27,0.05,26,116,6,1375,13,69.2,9,4052,2714,15,9,873,748,54,20,31,27,58,89,0,17,13,2,21,118,60.0,1,0,22,12,1
Dušan Vlahović,SRB,FW,Juventus,Serie A,25,2000,19,16,1363.0,15.1,60.6,1.06,8,4,1,9,10.0,0.5,0.6,6.9,7.5,30,3,54,16,29.6,3.57,0.07,16.0,67.7,2575,276,9,9,3,2,7,0,1.98,0.2,15,14,78,391,19,31.6,6,873,310,36,14,286,167,205,85,2,1,3,8,2,6,1,1,1,25,46.7,3,0,19,12,7
Vanja Vlahović,SRB,FW,Atalanta,Serie A,20,2004,3,0,60.0,0.7,2.7,0.0,0,0,0,0,0.2,0.1,0.1,0.2,0.3,3,1,1,1,100.0,1.5,0.0,14.2,66.7,44,0,2,0,0,0,0,0,4.5,1.5,0,0,5,18,2,0.0,0,40,13,6,1,12,4,14,7,1,0,1,0,0,0,0,1,1,0,0.0,0,0,0,3,0
Nikola Vlašić,CRO,MF,Torino,Serie A,27,1997,19,13,1229.0,13.7,54.6,-0.22,3,2,3,6,1.9,1.3,1.6,1.1,2.7,35,4,17,6,35.3,1.24,0.12,21.7,79.0,5154,1485,16,31,13,3,13,1,2.57,0.29,34,60,62,583,30,56.7,17,2142,1121,23,17,409,274,249,35,28,8,36,10,0,12,12,7,14,57,48.1,0,0,15,14,5
Alessandro Vogliacco,ITA,DF,Genoa,Serie A,26,1998,12,8,715.0,7.9,33.1,-1.13,2,2,0,2,1.3,0.2,0.0,1.3,1.4,6,0,5,2,40.0,0.63,0.4,10.6,78.0,5278,2121,1,35,4,0,11,3,0.76,0.0,9,26,2,407,1,0.0,0,1139,666,2,1,258,189,35,5,15,9,24,20,0,11,7,1,3,20,57.9,3,0,12,2,0
Alessandro Vogliacco,ITA,DF,Parma,Serie A,26,1998,5,5,403.0,4.5,33.1,-1.13,0,0,0,0,0.0,0.2,0.1,0.0,0.1,6,0,5,2,40.0,0.63,0.4,10.6,78.0,5278,2121,1,35,4,0,11,3,0.76,0.0,0,15,0,407,1,0.0,0,1139,666,2,1,258,189,35,5,15,9,24,20,0,11,7,1,3,20,57.9,3,0,12,2,0
Kevin Vogt,GER,DF,Union Berlin,Bundesliga,33,1991,15,14,1196.0,13.3,60.4,-0.23,1,0,0,1,0.8,0.3,0.0,0.0,0.0,13,0,0,0,0.0,0.0,0.0,0.0,87.3,14011,6307,1,60,7,0,0,0,0.98,0.0,8,58,0,895,2,100.0,2,2126,1111,5,1,527,423,8,1,9,9,18,64,0,15,3,0,6,80,54.2,5,0,8,5,0
Mërgim Vojvoda,KVX,DF,Torino,Serie A,30,1995,17,12,1105.0,12.3,49.1,-0.33,0,0,0,0,0.4,0.9,0.4,0.4,0.8,27,1,5,0,0.0,0.41,0.0,20.3,83.6,12050,3725,11,47,16,2,40,9,2.2,0.08,18,64,34,875,11,54.5,6,2761,1300,8,8,606,440,147,6,18,7,25,24,1,13,9,4,10,53,44.4,4,0,13,4,1
Kevin Volland,GER,FW,Union Berlin,Bundesliga,32,1992,2,0,37.0,0.4,1.9,-2.43,0,0,0,0,0.0,0.0,0.0,0.0,0.0,0,0,0,0,0.0,0.0,0.0,0.0,70.0,67,24,0,1,0,0,0,0,0.0,0.0,0,1,3,13,0,0.0,0,6,1,1,2,10,7,5,2,0,0,0,1,0,0,0,0,0,1,50.0,0,0,1,0,0
Aster Vranckx,BEL,MF,Wolfsburg,Bundesliga,22,2002,9,2,257.0,2.9,13.0,0.35,0,0,0,0,0.0,0.4,0.0,0.0,0.0,3,1,0,0,0.0,0.0,0.0,0.0,79.0,942,286,1,4,1,1,2,0,1.05,0.35,4,8,3,124,5,80.0,4,235,118,8,2,59,68,21,3,7,5,12,7,0,5,5,0,4,14,30.8,1,0,6,6,0
Stefan de Vrij,NED,DF,Inter,Serie A,33,1992,19,13,1299.0,14.4,57.7,1.52,2,2,0,2,0.9,0.3,0.0,0.9,0.9,11,3,11,2,18.2,0.76,0.18,10.1,93.1,18702,6213,1,58,1,2,0,0,0.76,0.21,7,64,4,1233,7,42.9,3,3934,2079,2,1,896,697,37,16,15,17,32,54,0,16,4,1,9,50,60.0,1,0,4,3,0
Ibrahima Wadji,SEN,MF,Saint-Etienne,Ligue 1,29,1995,4,0,104.0,1.2,5.3,-4.33,0,0,0,0,0.2,0.0,0.0,0.2,0.2,5,0,4,0,0.0,3.46,0.0,16.9,70.6,154,7,1,0,0,0,1,0,4.33,0.0,3,0,7,33,4,75.0,3,162,72,7,4,22,13,15,5,4,0,4,0,0,0,2,1,4,2,40.0,0,0,3,0,3
Robert Wagner,GER,MF,St. Pauli,Bundesliga,21,2003,8,5,364.0,4.0,18.4,-1.24,0,0,0,0,0.1,0.1,0.0,0.1,0.1,3,0,2,0,0.0,0.49,0.0,15.3,75.0,1303,403,0,6,0,0,2,0,0.74,0.0,1,8,9,162,2,50.0,1,198,70,3,6,85,97,34,3,7,1,8,9,0,6,6,0,2,19,44.4,1,0,5,5,0
Elye Wahi,FRA,FW,Marseille,Ligue 1,22,2003,13,7,574.0,6.4,29.0,1.41,3,2,1,4,6.0,0.2,0.4,5.2,5.6,16,4,16,9,56.3,2.51,0.13,12.1,79.3,1129,158,6,7,0,0,2,0,2.5,0.63,7,7,41,161,10,20.0,2,423,177,15,11,126,87,67,30,0,1,1,0,0,1,0,0,0,8,23.5,1,0,17,8,10
Elye Wahi,FRA,MF,Eint Frankfurt,Bundesliga,22,2003,2,0,27.0,0.3,29.0,1.41,0,0,0,0,0.0,0.2,0.0,0.0,0.0,16,4,16,9,56.3,2.51,0.13,12.1,79.3,1129,158,6,7,0,0,2,0,2.5,0.63,0,1,5,161,10,20.0,2,423,177,15,11,126,87,67,30,0,1,1,0,0,1,0,0,0,8,23.5,1,0,17,8,10
Hauke Wahl,GER,DF,St. Pauli,Bundesliga,30,1994,22,22,1980.0,22.0,100.0,-0.32,0,0,0,0,0.5,0.9,0.4,0.5,0.9,17,0,5,3,60.0,0.23,0.0,12.5,85.3,16913,5692,5,73,5,0,7,1,0.77,0.0,19,84,7,1361,7,71.4,5,3869,2211,7,3,875,700,67,16,26,21,47,95,3,26,10,2,20,80,50.8,0,0,7,9,1
Kyle Walker,ENG,DF,City,Premier League,34,1990,15,9,970.0,10.8,43.1,-0.74,0,0,0,0,0.1,1.3,0.4,0.1,0.6,17,0,5,2,40.0,0.46,0.0,27.7,87.7,11928,3918,7,63,7,2,14,4,1.58,0.0,12,64,11,892,6,50.0,3,2284,1106,9,2,630,473,228,5,17,3,20,13,1,13,7,3,10,46,56.3,3,0,6,5,1
Kyle Walker,ENG,DF,Milan,Serie A,34,1990,3,3,225.0,2.5,43.1,-0.74,0,0,0,0,0.0,1.3,0.5,0.0,0.5,17,0,5,2,40.0,0.46,0.0,27.7,87.7,11928,3918,7,63,7,2,14,4,1.58,0.0,4,17,9,892,6,50.0,3,2284,1106,9,2,630,473,228,5,17,3,20,13,1,13,7,3,10,46,56.3,3,0,6,5,1
Kyle Walker-Peters,ENG,DF,Southampton,Premier League,27,1997,23,23,2050.0,22.8,91.1,-1.58,0,0,2,2,0.5,2.1,2.5,0.5,3.0,42,6,16,5,31.3,0.7,0.0,19.5,88.2,16881,4749,20,79,23,4,42,2,1.84,0.26,86,98,99,1502,63,39.7,25,5799,3185,21,30,1063,646,404,46,34,14,48,63,1,23,10,5,22,91,33.3,5,0,21,34,1
Christian Walton,ENG,GK,Ipswich Town,Premier League,29,1995,6,6,540.0,6.0,24.0,-1.83,0,0,0,0,0.0,0.0,0.0,0.0,0.0,2,0,0,0,0.0,0.0,0.0,0.0,67.3,4170,2976,1,1,0,0,0,0,0.33,0.0,0,0,0,242,0,0.0,0,572,305,0,0,117,1,0,0,0,0,0,1,1,0,0,0,0,5,100.0,0,0,0,1,0
Sebastian Walukiewicz,POL,DF,Torino,Serie A,24,2000,18,13,1123.0,12.5,49.9,-0.16,0,0,0,0,0.2,0.3,0.2,0.2,0.4,10,1,4,0,0.0,0.32,0.0,19.0,80.3,8773,2771,1,54,8,0,14,1,0.8,0.08,20,61,17,760,13,38.5,5,1960,1118,6,2,489,399,115,4,20,16,36,44,0,16,6,3,10,33,39.5,5,0,18,4,1
Sebastian Walukiewicz,POL,DF,Empoli,Serie A,24,2000,2,2,180.0,2.0,49.9,-0.16,0,0,0,0,0.0,0.3,0.1,0.0,0.1,10,1,4,0,0.0,0.32,0.0,19.0,80.3,8773,2771,1,54,8,0,14,1,0.8,0.08,2,8,3,760,13,38.5,5,1960,1118,6,2,489,399,115,4,20,16,36,44,0,16,6,3,10,33,39.5,5,0,18,4,1
Aaron Wan-Bissaka,ENG,DF,West Ham,Premier League,27,1997,24,23,2074.0,23.0,92.2,-0.74,2,2,1,3,1.0,1.6,1.4,1.0,2.4,63,4,12,3,25.0,0.52,0.17,15.4,80.0,13119,4779,21,70,20,3,48,9,2.73,0.17,71,91,97,1417,71,52.1,37,4382,2500,19,16,813,607,384,31,43,44,87,77,0,23,18,3,31,124,36.8,1,0,17,17,3
Paul Wanner,GER,MF,Heidenheim,Bundesliga,19,2005,22,17,1421.0,15.8,71.8,-1.01,3,2,1,4,3.1,1.6,1.1,2.3,3.4,40,6,19,4,21.1,1.2,0.11,19.1,72.1,6167,1660,16,32,10,4,45,3,2.53,0.38,22,48,48,726,50,44.0,22,2109,910,34,32,433,375,257,31,31,3,34,15,0,12,17,0,21,68,38.5,2,0,20,11,1
Danny Ward,WAL,GK,Leicester City,Premier League,31,1993,2,1,135.0,1.5,6.0,-4.0,0,0,0,0,0.0,0.0,0.0,0.0,0.0,0,0,0,0,0.0,0.0,0.0,0.0,77.4,1162,949,0,2,0,0,0,0,0.0,0.0,0,0,0,55,1,0.0,0,176,107,0,0,35,0,0,0,0,0,0,1,0,0,0,0,0,1,0.0,0,0,0,0,0
James Ward-Prowse,ENG,MF,West Ham,Premier League,30,1994,2,0,63.0,0.7,2.8,-1.43,0,0,0,0,0.0,0.2,0.1,0.0,0.1,4,0,1,0,0.0,1.43,0.0,30.5,77.8,791,196,1,6,0,0,10,0,5.81,0.0,3,7,0,66,0,0.0,0,150,79,0,0,39,37,18,0,1,0,1,1,0,1,0,0,0,3,0.0,0,0,0,0,0
James Ward-Prowse,ENG,MF,Forest,Premier League,30,1994,9,5,400.0,4.4,2.8,-1.43,0,0,1,1,0.1,0.2,1.1,0.1,1.2,4,0,1,0,0.0,1.43,0.0,30.5,77.8,791,196,1,6,0,0,10,0,5.81,0.0,1,16,3,66,0,0.0,0,150,79,0,0,39,37,18,0,1,0,1,1,0,1,0,0,0,3,0.0,0,0,0,0,0
Kjell-Arik Wätjen,GER,MF,Dortmund,Bundesliga,19,2006,2,0,16.0,0.2,0.8,-5.63,0,0,0,0,0.0,0.0,0.0,0.0,0.0,0,0,0,0,0.0,0.0,0.0,0.0,37.5,42,16,0,0,0,0,0,0,0.0,0.0,0,0,0,12,0,0.0,0,14,4,2,0,5,4,3,0,0,0,0,2,0,0,0,0,0,2,0.0,0,0,0,1,0
Ollie Watkins,ENG,FW,Aston Villa,Premier League,29,1995,25,21,1731.0,19.2,76.9,-0.05,11,9,5,16,12.1,1.4,2.5,10.5,13.0,43,8,61,25,41.0,3.17,0.15,12.1,75.6,2505,424,19,9,6,0,6,0,2.24,0.42,33,16,111,453,32,21.9,7,1435,680,34,35,365,163,269,122,6,4,10,8,1,11,4,2,4,27,47.1,0,0,23,26,6
Timothy Weah,USA,FW,Juventus,Serie A,24,2000,17,11,1019.0,11.3,45.3,0.97,5,5,2,7,3.0,0.6,1.1,3.0,4.1,22,2,15,7,46.7,1.32,0.33,19.0,81.5,5474,1267,11,19,8,2,27,3,1.94,0.18,34,26,81,534,25,40.0,10,2169,977,13,12,373,210,224,24,20,10,30,13,0,18,9,4,10,32,44.0,1,0,11,11,3
Adam Webster,ENG,DF,Brighton,Premier League,30,1995,7,4,257.0,2.9,11.4,1.05,0,0,0,0,0.0,0.1,0.0,0.0,0.0,3,1,1,1,100.0,0.35,0.0,15.3,87.4,4011,1704,0,17,0,0,1,0,1.05,0.35,2,22,2,271,2,50.0,1,974,525,2,0,191,128,10,3,5,4,9,13,1,7,3,0,3,10,77.8,0,0,2,1,1
Julian Weigl,GER,MF,Gladbach,Bundesliga,29,1995,21,21,1842.0,20.5,93.0,0.05,0,0,1,1,0.6,1.3,0.4,0.6,1.1,34,4,16,6,37.5,0.78,0.0,23.2,88.6,19114,5695,9,77,12,4,8,1,1.66,0.2,7,74,5,1397,3,100.0,3,2776,1260,10,7,954,805,129,7,38,35,73,52,0,31,17,3,18,84,65.0,6,0,18,17,0
Timon Weiner,GER,GK,Holstein Kiel,Bundesliga,26,1999,21,21,1890.0,21.0,95.5,-1.0,0,0,0,0,0.0,0.0,0.0,0.0,0.0,4,0,0,0,0.0,0.0,0.0,0.0,67.9,16506,12130,0,12,0,0,0,0,0.19,0.0,0,0,0,885,0,0.0,0,2009,933,0,0,441,4,0,0,0,0,0,12,3,0,0,0,0,33,100.0,4,0,1,2,0
Nelson Weiper,GER,FW,Mainz 05,Bundesliga,19,2005,12,4,385.0,4.3,19.4,0.23,2,2,0,2,2.8,0.2,0.6,2.8,3.4,6,0,10,8,80.0,2.34,0.2,11.5,68.9,845,148,4,7,1,0,1,0,1.4,0.0,4,7,34,170,14,42.9,6,308,108,34,6,109,74,84,29,4,1,5,3,0,3,2,0,4,12,39.5,2,0,12,1,5
Mitchell Weiser,GER,DF,Werder Bremen,Bundesliga,30,1994,21,21,1881.0,20.9,95.0,-0.38,3,3,5,8,3.9,2.7,2.1,3.9,6.0,55,10,30,11,36.7,1.44,0.1,13.4,74.4,10535,3946,26,42,23,8,42,6,2.63,0.48,40,73,123,1217,55,34.5,19,2624,1275,47,30,756,569,404,71,41,15,56,41,2,15,26,3,28,84,36.2,6,1,20,24,1
Noah Weißhaupt,GER,FW,St. Pauli,Bundesliga,23,2001,7,5,446.0,5.0,22.5,0.2,0,0,0,0,0.5,0.8,1.2,0.5,1.7,15,0,6,1,16.7,1.21,0.0,14.5,58.2,1873,570,10,8,7,0,39,5,3.03,0.0,15,10,45,238,15,20.0,3,788,373,19,3,150,94,116,18,5,2,7,5,0,5,0,3,3,24,55.6,0,0,4,16,2
Noah Weißhaupt,GER,FW,Freiburg,Bundesliga,23,2001,3,0,80.0,0.9,22.5,0.2,0,0,0,0,0.0,0.8,0.0,0.0,0.0,15,0,6,1,16.7,1.21,0.0,14.5,58.2,1873,570,10,8,7,0,39,5,3.03,0.0,8,6,10,238,15,20.0,3,788,373,19,3,150,94,116,18,5,2,7,5,0,5,0,3,3,24,55.6,0,0,4,16,2
Danny Welbeck,ENG,FW,Brighton,Premier League,34,1990,19,17,1438.0,16.0,63.9,0.25,6,6,4,10,6.1,0.9,0.9,6.1,7.0,37,6,40,14,35.0,2.5,0.15,15.7,83.2,3238,663,15,12,9,0,3,0,2.32,0.38,15,32,55,485,25,36.0,9,1352,569,32,21,357,225,226,65,15,5,20,9,0,12,11,1,8,29,44.8,2,0,8,19,2
Welington,BRA,DF,Southampton,Premier League,23,2001,2,2,125.0,1.4,5.6,-1.44,0,0,0,0,0.0,0.1,0.0,0.0,0.0,3,0,0,0,0.0,0.0,0.0,0.0,79.5,624,234,2,2,5,0,9,4,2.16,0.0,1,3,5,69,3,100.0,3,116,73,5,0,26,20,25,2,9,3,12,6,0,2,2,1,2,8,0.0,1,0,2,3,0
Timo Werner,GER,FW,Tottenham,Premier League,28,1996,17,4,507.0,5.6,22.5,-0.36,0,0,3,3,1.0,1.5,2.5,1.0,3.5,18,3,8,3,37.5,1.42,0.0,18.2,66.5,2327,585,10,3,15,2,28,2,3.18,0.53,42,29,87,294,19,52.6,10,1750,1050,14,6,223,78,200,33,6,1,7,7,0,10,3,0,4,18,0.0,0,0,3,5,5
Adam Wharton,ENG,MF,Crystal Palace,Premier League,20,2004,10,8,670.0,7.4,29.8,-0.27,0,0,0,0,0.2,0.7,0.7,0.2,0.9,31,1,9,5,55.6,1.21,0.0,25.6,78.2,5941,2092,10,44,11,2,16,2,4.17,0.13,8,69,7,481,7,14.3,1,1123,584,6,11,293,256,122,6,20,11,31,13,0,8,10,0,10,57,31.3,0,0,5,12,0
Ben White,ENG,DF,Arsenal,Premier League,27,1997,9,7,695.0,7.7,30.9,0.26,0,0,1,1,0.1,0.4,0.4,0.1,0.6,8,1,4,1,25.0,0.52,0.0,23.6,83.5,4830,1659,3,27,6,1,7,1,1.04,0.13,4,30,15,419,2,0.0,0,672,332,7,3,245,191,93,7,10,11,21,23,0,6,1,1,6,20,76.9,2,0,7,3,1
Silvan Widmer,SUI,DF,Mainz 05,Bundesliga,31,1993,19,2,322.0,3.6,16.3,-0.56,0,0,1,1,0.0,0.4,0.4,0.0,0.4,6,1,1,0,0.0,0.28,0.0,20.6,75.3,2375,763,2,10,6,0,9,2,1.67,0.28,2,16,29,241,2,0.0,0,360,88,6,2,132,98,84,7,8,3,11,19,0,5,6,1,4,7,44.4,3,0,5,2,1
Mats Wieffer,NED,MF,Brighton,Premier League,25,1999,13,4,471.0,5.2,20.9,-0.57,1,1,1,2,0.5,0.2,0.6,0.5,1.0,13,2,5,2,40.0,0.96,0.2,11.0,86.2,4795,1331,5,29,1,0,1,0,2.48,0.38,5,34,8,411,9,44.4,4,1035,433,7,7,270,247,73,9,20,7,27,11,2,10,13,3,11,41,64.0,2,0,14,5,0
Mateusz Wieteska,POL,DF,Cagliari,Serie A,28,1997,5,1,184.0,2.0,8.2,-0.49,0,0,0,0,0.2,0.2,0.2,0.2,0.4,2,0,1,0,0.0,0.49,0.0,8.1,86.3,1672,723,1,3,1,0,0,0,0.97,0.0,1,5,0,116,0,0.0,0,426,205,1,0,70,51,2,2,1,7,8,6,0,3,1,0,0,11,22.2,1,0,4,0,0
Caleb Wiley,USA,DF,Strasbourg,Ligue 1,20,2004,6,3,266.0,3.0,13.4,-0.34,0,0,1,1,0.0,0.3,0.7,0.0,0.7,4,1,1,0,0.0,0.34,0.0,27.3,78.9,1476,602,2,2,3,1,7,2,1.35,0.34,3,7,9,149,1,0.0,0,337,144,7,4,90,59,35,4,1,4,5,5,0,3,1,0,0,17,0.0,1,0,2,2,0
Iñaki Williams,GHA,FW,Athletic Club,La Liga,30,1994,23,22,1915.0,21.3,88.7,0.75,4,4,7,11,4.7,3.9,6.2,4.7,10.9,56,10,45,15,33.3,2.11,0.09,17.4,60.9,5425,1564,28,27,35,5,86,13,2.63,0.47,84,51,212,825,74,39.2,29,3176,1718,48,28,642,270,490,101,15,10,25,20,0,24,8,3,8,61,55.0,0,0,16,31,12
Neco Williams,WAL,DF,Forest,Premier League,23,2001,22,15,1424.0,15.8,63.3,1.01,1,1,1,2,1.6,0.5,0.6,1.6,2.2,25,3,24,6,25.0,1.52,0.04,20.0,75.4,6345,2691,7,32,12,1,24,4,1.58,0.19,39,45,53,805,30,36.7,11,2127,1089,13,10,381,279,229,25,44,18,62,67,0,26,7,2,25,57,63.2,4,0,14,25,1
Nico Williams,ESP,FW,Athletic Club,La Liga,22,2002,20,16,1443.0,16.0,66.8,0.69,1,1,4,5,2.8,3.4,2.9,2.8,5.7,85,10,39,11,28.2,2.43,0.03,17.5,70.1,5449,1401,34,18,24,0,87,8,5.3,0.62,94,51,186,762,125,34.4,43,3942,2168,45,32,549,222,491,86,23,5,28,6,0,11,9,6,14,59,47.1,1,0,15,28,7
Willian,BRA,FW,Fulham,Premier League,36,1988,1,0,1.0,0.0,0.0,0.0,0,0,0,0,0.0,0.1,0.1,0.0,0.1,1,0,0,0,0.0,0.0,0.0,0.0,100.0,111,13,1,0,0,0,0,0,90.0,0.0,1,0,0,7,0,0.0,0,20,11,0,0,7,0,7,2,0,0,0,0,0,0,0,0,0,0,0.0,0,0,0,0,0
Joe Willock,ENG,MF,Newcastle,Premier League,25,1999,22,7,669.0,7.4,29.7,0.27,0,0,1,1,0.9,0.7,1.5,0.9,2.3,30,2,12,2,16.7,1.61,0.0,17.5,81.3,2620,565,16,16,5,0,10,0,4.04,0.27,20,28,52,334,21,38.1,8,1232,562,26,17,240,141,151,30,18,4,22,6,0,12,5,3,12,22,11.1,2,0,13,10,2
Callum Wilson,ENG,FW,Newcastle,Premier League,32,1992,5,0,79.0,0.9,3.5,-2.28,0,0,0,0,0.0,0.0,0.0,0.0,0.0,1,0,0,0,0.0,0.0,0.0,0.0,80.0,86,0,0,0,0,0,0,0,1.14,0.0,0,0,3,18,2,0.0,0,42,7,1,5,9,12,6,3,1,0,1,0,0,1,1,0,1,2,0.0,1,0,1,1,0
Harry Wilson,WAL,FW,Fulham,Premier League,27,1997,19,8,839.0,9.3,37.3,0.64,5,5,1,6,3.2,0.9,1.0,3.2,4.2,30,3,28,9,32.1,3.0,0.18,17.2,74.3,4168,1112,17,21,11,1,30,0,3.22,0.32,16,42,71,436,23,39.1,9,1376,610,13,4,295,160,226,44,10,5,15,5,1,13,3,1,6,37,20.0,2,0,10,15,0
Patrick Wimmer,AUT,MF,Wolfsburg,Bundesliga,23,2001,18,12,1003.0,11.1,50.7,0.54,1,1,4,5,2.4,1.9,2.3,2.4,4.7,42,11,20,4,20.0,1.79,0.05,18.1,62.2,3227,1242,16,20,10,3,24,3,3.77,0.99,19,41,39,452,39,53.8,21,1450,732,27,14,251,187,188,36,25,15,40,7,0,18,7,4,17,49,40.4,5,1,21,25,4
Jonas Wind,DEN,FW,Wolfsburg,Bundesliga,26,1999,20,12,1176.0,13.1,59.4,0.31,8,7,3,11,4.1,3.5,3.1,2.4,5.5,39,6,22,9,40.9,1.68,0.32,15.0,70.0,3228,1193,19,30,14,4,3,0,2.98,0.46,9,54,52,445,11,36.4,4,815,282,27,17,354,235,180,45,4,4,8,8,0,11,4,0,3,33,50.9,1,0,9,27,1
Harry Winks,ENG,MF,Leicester City,Premier League,29,1996,19,17,1456.0,16.2,64.7,-0.93,0,0,2,2,0.2,1.5,1.2,0.2,1.4,35,3,9,3,33.3,0.56,0.0,29.2,87.1,12979,4723,15,98,7,4,32,5,2.16,0.19,15,92,10,1057,10,20.0,2,2956,1340,12,8,750,672,140,1,24,8,32,20,0,15,10,2,11,99,53.8,4,0,9,12,0
Ben Winterburn,ENG,MF,Bournemouth,Premier League,20,2004,2,0,10.0,0.1,0.4,9.0,0,0,0,0,0.0,0.0,0.0,0.0,0.0,0,0,0,0,0.0,0.0,0.0,0.0,50.0,21,16,0,0,0,0,0,0,0.0,0.0,0,0,0,2,0,0.0,0,1,0,0,0,1,1,1,0,0,0,0,0,0,0,0,0,0,1,100.0,0,0,0,0,0
Florian Wirtz,GER,MF,Leverkusen,Bundesliga,21,2003,22,18,1691.0,18.8,85.4,1.12,9,7,9,18,7.9,7.5,5.5,4.5,10.0,117,18,57,25,43.9,3.03,0.12,19.7,79.6,13440,3404,44,60,47,15,60,6,6.22,0.96,88,122,223,1527,128,54.7,70,5230,2653,42,36,1216,574,890,105,26,8,34,2,0,22,11,6,16,78,15.2,1,0,16,31,7
Yoane Wissa,COD,FW,Brentford,Premier League,28,1996,22,21,1750.0,19.4,77.8,0.15,11,11,2,13,11.5,0.9,1.3,11.5,12.8,42,6,53,24,45.3,2.73,0.21,14.7,77.3,4362,995,15,30,5,3,15,1,2.16,0.31,38,40,96,587,29,31.0,9,2179,1068,45,19,420,247,262,94,11,6,17,11,2,18,1,5,5,45,47.7,2,0,18,31,9
Dani de Wit,NED,MF,Bochum,Bundesliga,27,1998,20,11,989.0,11.0,49.9,-2.09,2,2,0,2,1.5,0.5,0.4,1.5,1.9,17,2,15,4,26.7,1.37,0.13,11.5,72.7,3328,858,8,17,5,1,6,2,1.55,0.18,4,22,34,452,8,12.5,1,653,235,9,3,250,257,116,29,23,11,34,20,1,15,13,3,13,30,41.4,1,0,23,9,6
Axel Witsel,BEL,DF,Atleti,La Liga,36,1989,12,8,761.0,8.5,35.2,0.71,0,0,1,1,0.0,0.6,0.5,0.0,0.6,3,2,1,0,0.0,0.12,0.0,10.1,90.0,8151,3042,2,16,0,0,0,0,0.36,0.24,2,18,1,583,1,100.0,1,1914,1049,7,0,373,278,14,4,13,9,22,32,1,15,8,1,12,30,62.2,1,0,4,3,1
Maximilian Wittek,GER,DF,Bochum,Bundesliga,29,1995,21,21,1714.0,19.0,86.6,-1.31,0,0,0,0,1.0,3.8,2.9,1.0,3.9,64,5,32,6,18.8,1.68,0.0,27.0,67.1,12390,6067,31,66,20,5,106,10,3.36,0.26,30,83,54,1202,22,45.5,10,2080,1038,26,8,524,559,313,14,36,16,52,50,2,37,9,3,27,73,46.7,5,0,25,20,0
Marius Wolf,GER,DF,Augsburg,Bundesliga,29,1995,21,17,1323.0,14.7,66.8,-0.75,1,1,1,2,0.5,3.0,2.2,0.5,2.7,55,4,8,2,25.0,0.54,0.13,14.5,66.1,8030,3556,30,35,15,2,76,8,3.74,0.27,23,63,53,836,30,43.3,13,1422,787,16,7,438,342,325,29,13,14,27,32,1,21,5,3,7,51,58.3,2,0,10,9,1
Nick Woltemade,GER,FW,Stuttgart,Bundesliga,23,2002,17,8,805.0,8.9,40.7,0.78,7,5,1,8,5.3,1.2,1.4,3.7,5.1,39,7,21,12,57.1,2.35,0.24,12.4,73.1,2387,509,13,17,9,3,5,0,4.36,0.78,14,28,69,394,33,60.6,20,1090,460,49,32,320,162,205,83,2,1,3,6,1,12,1,0,1,23,44.0,2,0,13,14,5
Jeong Woo-yeong,KOR,MF,Union Berlin,Bundesliga,25,1999,18,13,1020.0,11.3,51.5,-0.35,2,2,2,4,2.5,1.4,1.6,2.5,4.1,44,5,22,5,22.7,1.94,0.09,18.8,77.8,4428,1271,18,27,19,1,28,5,3.88,0.44,28,56,82,535,19,57.9,11,1757,882,19,10,371,233,258,28,8,10,18,7,0,7,5,0,6,56,34.5,2,0,14,11,4
Chris Wood,NZL,FW,Forest,Premier League,33,1991,25,24,2005.0,22.3,89.1,0.58,18,15,2,20,10.4,0.4,1.6,8.1,9.6,31,4,43,25,58.1,1.93,0.35,14.4,65.5,3040,655,12,11,6,0,1,1,1.39,0.18,13,26,63,528,10,40.0,4,975,393,51,15,402,259,214,68,3,4,7,15,0,7,1,2,3,28,42.4,1,0,15,16,20
Nathan Wood-Gordon,ENG,DF,Southampton,Premier League,22,2002,9,7,624.0,6.9,27.7,-2.02,0,0,0,0,0.2,0.0,0.0,0.2,0.3,3,0,2,0,0.0,0.29,0.0,5.9,92.8,6144,1494,1,11,0,0,3,0,0.43,0.0,2,17,0,457,5,60.0,3,1145,454,4,1,338,212,27,2,10,4,14,26,2,8,3,1,7,21,61.1,2,0,8,4,0
Christopher Wooh,CMR,DF,Rennes,Ligue 1,23,2001,18,16,1398.0,15.5,70.6,-0.13,0,0,0,0,1.3,0.3,0.0,1.3,1.3,14,1,10,4,40.0,0.64,0.0,9.2,87.1,13672,5290,1,50,2,0,0,0,0.9,0.06,13,54,2,977,11,54.5,6,2692,1548,11,4,651,488,40,13,33,23,56,63,0,22,12,2,16,52,71.4,5,1,31,8,0
Luke Woolfenden,ENG,DF,Ipswich Town,Premier League,26,1998,10,8,782.0,8.7,34.8,-0.92,0,0,0,0,0.0,0.0,0.0,0.0,0.0,0,0,1,0,0.0,0.12,0.0,12.9,88.3,5806,2055,0,21,0,0,0,0,0.0,0.0,4,13,0,453,0,0.0,0,1188,616,2,0,284,171,9,3,6,17,23,43,0,16,3,0,3,27,50.0,2,0,4,1,0
Granit Xhaka,SUI,MF,Leverkusen,Bundesliga,32,1992,22,22,1970.0,21.9,99.5,1.05,2,2,6,8,0.7,3.5,3.8,0.7,4.5,87,13,16,3,18.8,0.73,0.13,25.1,89.8,29157,8212,40,259,23,7,20,1,3.97,0.59,28,231,47,2090,13,46.2,6,4164,2135,9,7,1633,1300,500,13,32,8,40,29,1,20,17,4,19,107,61.5,2,0,20,21,0
Lamine Yamal,ESP,FW,Barcelona,La Liga,17,2007,20,18,1612.0,17.9,77.9,2.18,5,5,10,15,5.4,4.9,7.9,5.4,13.3,94,21,70,23,32.9,3.91,0.07,19.9,73.4,7925,2401,36,49,47,16,49,8,5.25,1.17,94,90,228,1024,161,47.8,77,5226,2765,46,27,835,346,637,117,24,10,34,3,0,7,11,11,17,63,0.0,2,0,14,39,9
Daniel Yáñez,ESP,FW,Real Madrid,La Liga,17,2007,1,0,2.0,0.0,0.1,0.0,0,0,0,0,0.0,0.0,0.0,0.0,0.0,0,0,0,0,0.0,0.0,0.0,0.0,0.0,0,0,0,0,0,0,0,0,0.0,0.0,0,0,0,0,0,0.0,0,6,6,0,0,1,0,0,0,0,0,0,0,0,0,0,0,0,0,0.0,0,0,0,1,0
Erencan Yardimci,TUR,FW,Hoffenheim,Bundesliga,23,2002,6,3,301.0,3.3,15.2,-1.5,0,0,0,0,1.0,0.0,0.0,1.0,1.0,5,2,6,1,16.7,1.79,0.0,9.3,59.6,495,50,0,2,1,0,0,0,1.5,0.6,3,3,11,90,0,0.0,0,115,55,11,3,63,48,34,10,4,1,5,2,0,2,3,0,3,3,38.1,2,0,8,4,5
Yehor Yarmoliuk,UKR,MF,Brentford,Premier League,20,2004,19,6,641.0,7.1,28.5,-0.56,0,0,0,0,0.5,0.4,0.2,0.5,0.7,11,2,8,1,12.5,1.12,0.0,17.2,82.6,4670,1098,4,31,5,3,11,2,1.55,0.28,11,28,35,462,17,52.9,9,1396,486,13,13,276,223,110,11,22,8,30,21,0,20,8,4,16,57,71.4,2,0,4,5,2
Ryan Yates,ENG,MF,Forest,Premier League,27,1997,22,15,1457.0,16.2,64.8,0.12,1,1,0,1,1.7,0.4,0.7,1.7,2.5,28,2,24,7,29.2,1.48,0.04,18.4,83.4,6885,1395,12,36,3,0,3,0,1.73,0.12,12,37,11,791,15,46.7,7,1530,650,18,17,421,381,214,31,33,19,52,44,1,23,9,4,18,70,61.8,6,0,39,38,5
John Yeboah,ECU,FW,Venezia,Serie A,24,2000,20,5,584.0,6.5,27.0,-0.77,0,0,1,1,0.9,0.6,0.6,0.9,1.5,21,2,14,5,35.7,2.16,0.0,17.9,70.3,1579,408,7,6,5,2,18,0,3.24,0.31,19,15,46,252,27,40.7,11,1144,553,22,12,196,91,145,21,4,2,6,1,0,3,2,1,3,23,33.3,4,0,7,10,3
Bertuğ Yıldırım,TUR,FW,Getafe,La Liga,22,2002,17,12,925.0,10.3,42.8,-0.1,1,1,0,1,2.4,0.4,0.9,2.4,3.2,16,1,18,7,38.9,1.75,0.06,11.9,54.7,1087,246,6,9,5,0,4,2,1.56,0.1,6,10,38,257,11,54.5,6,530,129,34,13,170,116,121,39,6,1,7,12,0,9,5,1,3,21,57.3,7,0,27,15,13
Kenan Yıldız,TUR,FW,Juventus,Serie A,19,2005,25,19,1660.0,18.4,73.8,0.87,4,4,2,6,2.8,3.2,3.5,2.8,6.3,80,5,41,13,31.7,2.22,0.1,17.3,80.4,8597,2106,33,39,31,6,63,10,4.34,0.27,75,65,148,914,70,54.3,38,3993,2143,57,27,694,378,442,62,42,4,46,9,1,16,20,12,25,74,20.0,0,0,15,38,3
Leny Yoro,FRA,DF,Manchester Utd,Premier League,19,2005,11,5,545.0,6.1,24.2,-0.99,0,0,0,0,0.7,0.0,0.0,0.7,0.7,3,0,5,1,20.0,0.83,0.0,8.6,92.5,5302,1747,0,18,0,0,0,0,0.5,0.0,3,23,2,409,0,0.0,0,1124,486,1,0,299,193,25,9,13,13,26,19,0,2,4,0,4,18,43.8,2,0,5,1,1
Ashley Young,ENG,DF,Everton,Premier League,39,1985,22,17,1503.0,16.7,66.8,-0.24,1,1,3,4,0.2,1.5,1.4,0.2,1.7,35,6,6,3,50.0,0.36,0.17,24.7,71.1,10646,4832,18,68,16,2,56,7,2.09,0.36,18,80,20,970,11,36.4,4,1986,1162,6,1,490,413,260,6,46,21,67,54,1,9,18,6,26,59,44.4,5,1,24,15,0
Etienne Youte Kinkoue,FRA,DF,Le Havre,Ligue 1,23,2002,17,17,1487.0,16.5,75.1,-1.03,0,0,0,0,1.0,0.2,0.1,1.0,1.1,8,0,9,1,11.1,0.54,0.0,17.0,89.2,15079,4854,2,37,2,0,2,1,0.48,0.0,5,39,4,1014,2,100.0,2,3057,1644,3,0,672,417,35,7,14,16,30,102,2,25,6,1,6,43,58.6,4,1,11,4,0
Illia Zabarnyi,UKR,DF,Bournemouth,Premier League,22,2002,25,25,2250.0,25.0,100.0,0.6,0,0,0,0,0.8,0.4,0.5,0.8,1.3,26,0,7,0,0.0,0.28,0.0,9.2,81.1,20956,7986,10,100,5,4,4,0,1.04,0.0,18,92,3,1468,7,57.1,4,5759,3373,13,3,904,736,48,10,40,27,67,129,2,30,18,1,26,119,64.6,3,0,13,5,0
Eloge Zabi,CIV,DF,Reims,Ligue 1,18,2006,2,0,18.0,0.2,0.9,-5.0,0,0,0,0,0.0,0.0,0.0,0.0,0.0,1,0,0,0,0.0,0.0,0.0,0.0,75.0,122,54,0,1,0,0,0,0,5.0,0.0,1,2,1,14,0,0.0,0,66,34,0,0,10,9,1,0,0,0,0,1,0,0,0,0,0,3,0.0,0,1,1,0,0
Mattia Zaccagni,ITA,FW,Lazio,Serie A,29,1995,22,21,1738.0,19.3,77.2,0.21,7,5,6,13,4.7,2.9,2.9,3.2,6.0,68,8,31,10,32.3,1.61,0.16,17.6,76.3,9567,2688,40,38,26,3,106,4,3.52,0.41,65,83,171,946,61,50.8,31,4323,2068,31,26,707,369,508,68,21,17,38,11,0,8,13,4,14,55,50.0,6,0,22,57,5
Dan-Axel Zagadou,FRA,DF,Stuttgart,Bundesliga,25,1999,2,0,29.0,0.3,1.5,3.1,0,0,0,0,0.0,0.0,0.0,0.0,0.0,0,0,0,0,0.0,0.0,0.0,0.0,100.0,153,22,0,0,0,0,0,0,0.0,0.0,0,0,0,12,0,0.0,0,11,1,0,0,9,2,0,0,0,1,1,1,0,0,0,0,0,0,0.0,1,0,1,0,0
Yoram Zague,FRA,DF,PSG,Ligue 1,18,2006,3,2,160.0,1.8,8.1,-0.56,0,0,0,0,0.1,0.1,0.0,0.1,0.1,1,0,1,1,100.0,0.56,0.0,10.3,94.4,2505,540,1,3,1,0,3,1,0.56,0.0,4,8,13,176,1,100.0,1,554,292,0,0,138,111,25,5,4,2,6,2,0,2,1,1,3,3,50.0,0,0,2,0,0
Wilfried Zaha,CIV,FW,Lyon,Ligue 1,32,1992,4,1,73.0,0.8,3.7,0.0,0,0,0,0,0.1,0.0,0.0,0.1,0.1,0,0,1,1,100.0,1.23,0.0,17.2,87.5,388,49,0,0,0,0,0,0,0.0,0.0,1,1,9,49,5,60.0,3,100,23,2,6,39,22,26,4,1,1,2,0,0,3,0,0,1,2,0.0,0,0,2,2,0
Warren Zaïre-Emery,FRA,MF,PSG,Ligue 1,18,2006,18,15,1330.0,14.8,67.2,1.96,1,1,1,2,0.9,0.7,0.8,0.9,1.6,33,3,10,6,60.0,0.68,0.1,20.1,92.2,14520,2961,11,67,3,1,4,0,2.23,0.2,30,77,57,1234,26,42.3,11,3995,1978,22,17,956,687,340,21,37,17,54,15,2,25,14,10,17,91,35.3,2,0,15,12,1
Miha Zajc,SVN,MF,Toulouse,Ligue 1,30,1994,12,1,190.0,2.1,9.6,-0.47,0,0,0,0,0.1,0.1,0.1,0.1,0.2,4,0,4,1,25.0,1.89,0.0,25.4,80.6,1606,373,2,12,6,1,2,0,1.89,0.0,5,17,4,149,1,100.0,1,322,160,2,1,97,90,37,2,3,2,5,6,0,0,1,1,3,11,25.0,2,0,5,2,0
Denis Zakaria,SUI,MF,Monaco,Ligue 1,28,1996,15,14,1252.0,13.9,63.2,1.22,3,3,2,5,3.0,0.8,0.5,3.0,3.5,29,9,17,7,41.2,1.22,0.18,15.4,89.9,9367,2913,9,54,12,4,3,1,2.08,0.65,12,57,18,854,26,53.8,14,2291,1069,16,15,575,574,120,19,26,18,44,26,0,15,15,3,15,110,57.1,4,0,16,12,1
Arsen Zakharyan,RUS,FW,Real Sociedad,La Liga,21,2003,2,0,28.0,0.3,1.3,3.21,0,0,0,0,0.0,0.0,0.0,0.0,0.0,1,0,0,0,0.0,0.0,0.0,0.0,88.9,135,25,0,0,1,1,0,0,3.21,0.0,0,2,3,11,1,100.0,1,26,9,0,0,9,4,6,1,0,0,0,0,0,1,0,0,0,1,0.0,0,0,0,0,0
Nicola Zalewski,POL,DF,Roma,Serie A,23,2002,12,4,533.0,5.9,23.7,-0.17,0,0,0,0,0.3,0.6,0.8,0.3,1.1,20,0,5,0,0.0,0.84,0.0,21.4,73.2,3235,575,10,10,14,0,29,7,3.37,0.0,31,17,54,325,16,12.5,2,1581,818,8,4,221,122,155,15,8,4,12,8,2,7,2,3,6,23,38.5,0,0,2,13,1
Nicola Zalewski,POL,DF,Inter,Serie A,23,2002,3,0,70.0,0.8,23.7,-0.17,0,0,1,1,0.1,0.6,0.5,0.1,0.6,20,0,5,0,0.0,0.84,0.0,21.4,73.2,3235,575,10,10,14,0,29,7,3.37,0.0,9,3,13,325,16,12.5,2,1581,818,8,4,221,122,155,15,8,4,12,8,2,7,2,3,6,23,38.5,0,0,2,13,1
Andre-Frank Zambo Anguissa,CMR,MF,Napoli,Serie A,29,1995,25,25,2199.0,24.4,97.7,0.86,5,5,3,8,2.5,2.1,2.1,2.5,4.6,63,6,32,8,25.0,1.31,0.16,18.0,85.0,14828,3807,23,109,17,1,19,2,2.58,0.25,21,117,94,1401,38,52.6,20,3317,1247,37,25,1025,830,369,57,36,27,63,27,1,15,26,5,24,110,57.5,4,0,27,24,2
Francesco Zampano,ITA,DF,Venezia,Serie A,31,1993,20,16,1543.0,17.1,71.4,-0.7,1,1,2,3,1.0,0.7,0.8,1.0,1.8,24,3,7,4,57.1,0.41,0.14,16.1,73.2,6340,2008,12,25,15,0,47,5,1.4,0.17,42,38,78,678,25,28.0,7,2685,1390,26,17,411,276,214,24,29,6,35,27,2,19,9,2,20,74,34.6,5,0,21,19,5
Nicolò Zaniolo,ITA,FW,Fiorentina,Serie A,25,1999,2,1,78.0,0.9,3.5,-1.15,0,0,0,0,0.1,0.0,0.0,0.1,0.2,2,0,3,1,33.3,3.46,0.0,25.9,73.3,174,56,1,1,0,0,2,0,2.31,0.0,2,1,4,27,2,0.0,0,136,77,4,1,23,9,13,2,0,0,0,1,0,1,0,0,0,2,0.0,0,0,3,4,0
Nicolò Zaniolo,ITA,FW,Atalanta,Serie A,25,1999,14,0,356.0,4.0,3.5,-1.15,2,2,2,4,0.9,0.0,0.5,0.9,1.5,2,0,3,1,33.3,3.46,0.0,25.9,73.3,174,56,1,1,0,0,2,0,2.31,0.0,7,13,33,27,2,0.0,0,136,77,4,1,23,9,13,2,0,0,0,1,0,1,0,0,0,2,0.0,0,0,3,4,0
Alessandro Zanoli,ITA,FW,Genoa,Serie A,24,2000,20,13,1179.0,13.1,54.6,-0.15,0,0,0,0,0.3,0.9,1.2,0.3,1.5,25,0,8,1,12.5,0.61,0.0,20.7,68.3,3806,1182,15,8,18,1,46,12,1.91,0.0,47,19,67,480,38,39.5,15,2254,1243,24,5,296,192,176,28,23,8,31,29,0,10,12,2,16,40,65.2,2,0,14,12,1
Duván Zapata,COL,FW,Torino,Serie A,33,1991,7,7,587.0,6.5,26.1,0.31,3,3,0,3,3.4,0.5,0.5,3.4,3.9,20,1,21,8,38.1,3.22,0.14,11.6,69.0,1223,191,9,4,4,0,3,1,3.07,0.15,6,7,36,192,9,11.1,1,470,207,9,8,141,72,96,39,7,2,9,7,0,2,0,5,5,15,41.7,1,0,10,8,2
Gabriele Zappa,ITA,DF,Cagliari,Serie A,25,1999,25,25,2189.0,24.3,97.3,-0.53,2,2,0,2,0.8,2.9,2.9,0.8,3.7,45,1,10,4,40.0,0.41,0.2,15.9,78.4,16554,7989,21,97,20,0,48,12,1.85,0.04,43,106,52,1461,23,39.1,9,4094,2349,19,5,885,654,238,26,31,12,43,64,1,35,12,2,19,86,51.3,3,0,17,15,0
Davide Zappacosta,ITA,DF,Atalanta,Serie A,32,1992,18,15,1123.0,12.5,49.9,0.96,2,2,2,4,0.9,1.5,1.0,0.9,1.9,31,4,20,5,25.0,1.6,0.1,19.9,83.6,8142,2286,13,29,19,2,54,12,2.48,0.32,36,49,81,755,21,28.6,6,2189,1124,16,11,502,284,315,25,11,6,17,13,1,13,2,2,7,39,36.4,1,0,7,7,3
Bryan Zaragoza,ESP,FW,Osasuna,La Liga,23,2001,18,15,1193.0,13.3,55.2,0.08,1,1,5,6,1.8,3.8,2.4,1.8,4.3,45,7,20,7,35.0,1.51,0.05,19.3,60.5,3568,999,23,13,22,3,57,13,3.39,0.53,69,32,92,456,81,43.2,35,3082,1817,27,8,335,151,269,53,11,0,11,8,0,8,2,1,8,35,0.0,3,0,9,21,5
Anass Zaroury,MAR,FW,Lens,Ligue 1,24,2000,17,10,793.0,8.8,40.1,0.34,0,0,1,1,1.0,1.8,1.8,1.0,2.8,35,1,18,6,33.3,2.04,0.0,20.4,63.1,3767,1181,21,18,18,2,68,7,3.97,0.11,26,33,66,449,17,41.2,7,1552,732,15,8,328,193,211,17,9,2,11,5,0,7,5,3,7,34,66.7,2,1,6,15,2
Oier Zarraga,ESP,MF,Udinese,Serie A,26,1999,13,5,505.0,5.6,22.4,-0.18,0,0,0,0,0.1,0.5,0.3,0.1,0.4,7,0,3,0,0.0,0.53,0.0,25.8,83.1,2281,562,2,15,5,0,16,4,1.25,0.0,3,15,16,210,3,33.3,1,495,206,6,2,138,121,58,1,11,2,13,4,0,3,5,0,7,14,30.0,0,0,7,5,0
David Zec,SVN,DF,Holstein Kiel,Bundesliga,25,2000,7,7,612.0,6.8,30.9,-0.74,2,2,0,2,1.1,0.2,0.5,1.1,1.5,6,0,8,5,62.5,1.18,0.25,12.6,88.7,4919,1796,4,9,1,0,0,0,0.88,0.0,2,11,1,377,1,100.0,1,692,357,6,0,215,116,21,17,10,6,16,43,1,18,2,0,4,23,38.9,3,0,4,3,2
Jordan Zemura,ZIM,DF,Udinese,Serie A,25,1999,19,11,1147.0,12.7,51.0,-0.55,1,1,2,3,0.8,0.9,0.7,0.8,1.5,25,3,8,2,25.0,0.63,0.13,17.6,75.4,5691,2175,7,20,11,0,29,7,1.96,0.24,22,35,66,643,41,46.3,19,1835,916,20,14,348,263,202,18,24,15,39,36,0,15,9,3,13,53,18.8,2,0,20,5,2
Robin Zentner,GER,GK,Mainz 05,Bundesliga,30,1994,22,22,1980.0,22.0,100.0,0.5,0,0,0,0,0.0,0.1,0.1,0.0,0.1,4,0,1,0,0.0,0.05,0.0,13.4,62.9,14887,10923,2,28,2,0,0,0,0.18,0.0,0,2,0,905,0,0.0,0,2516,1422,2,0,459,23,1,1,1,0,1,26,3,0,0,0,1,38,100.0,3,0,1,1,0
Alessio Zerbin,ITA,DF,Venezia,Serie A,25,1999,4,3,281.0,3.1,13.0,-0.64,1,1,0,1,0.3,0.4,0.4,0.3,0.7,9,0,3,1,33.3,0.96,0.33,16.2,63.9,1293,464,5,6,6,0,13,2,2.88,0.0,14,15,11,178,18,27.8,5,561,279,9,4,80,61,77,10,10,4,14,7,0,4,2,0,6,15,50.0,0,0,5,8,0
Alessio Zerbin,ITA,FW,Napoli,Serie A,25,1999,2,0,2.0,0.0,13.0,-0.64,0,0,0,0,0.0,0.4,0.0,0.0,0.0,9,0,3,1,33.3,0.96,0.33,16.2,63.9,1293,464,5,6,6,0,13,2,2.88,0.0,0,0,0,178,18,27.8,5,561,279,9,4,80,61,77,10,10,4,14,7,0,4,2,0,6,15,50.0,0,0,5,8,0
Kevin Zeroli,ITA,MF,Monza,Serie A,20,2005,2,0,38.0,0.4,1.7,0.0,0,0,0,0,0.0,0.0,0.0,0.0,0.0,0,0,0,0,0.0,0.0,0.0,0.0,77.8,216,40,0,2,0,0,1,0,0.0,0.0,1,2,2,20,0,0.0,0,67,36,1,0,13,11,5,1,0,0,0,0,0,1,0,0,0,2,0.0,0,0,1,0,0
Kevin Zeroli,ITA,MF,Milan,Serie A,20,2005,1,0,12.0,0.1,1.7,0.0,0,0,0,0,0.0,0.0,0.0,0.0,0.0,0,0,0,0,0.0,0.0,0.0,0.0,77.8,216,40,0,2,0,0,1,0,0.0,0.0,1,2,3,20,0,0.0,0,67,36,1,0,13,11,5,1,0,0,0,0,0,1,0,0,0,2,0.0,0,0,1,0,0
Cedric Zesiger,SUI,DF,Augsburg,Bundesliga,26,1998,4,4,346.0,3.8,17.5,1.04,0,0,0,0,0.2,0.1,0.1,0.2,0.3,1,0,4,0,0.0,1.04,0.0,14.4,66.4,1729,830,1,9,1,1,2,0,0.26,0.0,1,6,2,186,2,50.0,1,263,120,1,2,76,86,14,5,2,8,10,30,1,4,0,0,1,14,61.9,2,0,3,3,0
Cedric Zesiger,SUI,DF,Wolfsburg,Bundesliga,26,1998,7,5,522.0,5.8,17.5,1.04,0,0,0,0,0.1,0.1,0.0,0.1,0.1,1,0,4,0,0.0,1.04,0.0,14.4,66.4,1729,830,1,9,1,1,2,0,0.26,0.0,3,19,2,186,2,50.0,1,263,120,1,2,76,86,14,5,2,8,10,30,1,4,0,0,1,14,61.9,2,0,3,3,0
Michael Zetterer,GER,GK,Werder Bremen,Bundesliga,29,1995,22,22,1980.0,22.0,100.0,-0.32,0,0,0,0,0.0,0.1,0.0,0.0,0.0,4,1,0,0,0.0,0.0,0.0,0.0,80.1,18490,11802,0,16,1,0,0,0,0.18,0.05,0,2,0,954,1,100.0,1,4560,2339,0,0,568,10,0,0,0,1,1,7,4,0,0,0,0,24,100.0,2,0,0,3,0
Nathan Zeze,FRA,DF,Nantes,Ligue 1,19,2005,12,12,1043.0,11.6,52.7,-0.17,0,0,0,0,0.2,0.1,0.0,0.2,0.2,7,0,4,1,25.0,0.35,0.0,10.2,85.8,9667,3729,0,34,1,1,1,0,0.6,0.0,2,30,0,741,3,66.7,2,2077,1140,6,0,459,355,11,4,26,17,43,87,0,18,13,0,15,50,51.4,3,0,11,7,0
Edon Zhegrova,KVX,FW,Lille,Ligue 1,25,1999,12,12,978.0,10.9,49.4,0.64,4,4,1,5,2.3,2.4,2.2,2.3,4.5,38,3,23,9,39.1,2.12,0.17,22.2,76.0,4971,1467,16,17,26,2,58,3,3.5,0.28,37,54,81,524,55,41.8,23,2623,1236,23,29,396,156,346,35,5,4,9,1,0,8,0,2,2,42,60.0,1,0,10,11,5
Piotr Zieliński,POL,MF,Inter,Serie A,30,1994,19,6,771.0,8.6,34.3,1.75,2,0,2,4,2.5,1.0,0.9,0.9,1.8,36,6,12,4,33.3,1.4,0.0,21.8,88.7,7910,2476,13,64,5,2,26,0,4.2,0.7,22,54,18,646,15,33.3,5,2398,1313,6,5,472,406,150,12,12,5,17,11,1,6,7,1,8,45,70.0,0,0,7,15,0
Oleksandr Zinchenko,UKR,DF,Arsenal,Premier League,28,1996,8,2,243.0,2.7,10.8,1.11,0,0,0,0,0.1,0.1,0.0,0.1,0.1,6,1,1,0,0.0,0.37,0.0,11.1,80.9,2665,654,1,13,1,1,5,0,2.22,0.37,5,19,6,226,1,100.0,1,664,282,2,2,144,126,49,9,2,3,5,5,0,5,1,0,0,13,50.0,1,0,7,1,0
Joshua Zirkzee,NED,FW,Manchester Utd,Premier League,23,2001,25,9,975.0,10.8,43.3,0.18,3,3,1,4,3.6,1.0,1.5,3.6,5.1,25,3,21,8,38.1,1.94,0.14,13.7,71.8,2604,691,12,20,5,3,4,0,2.31,0.28,7,32,48,411,23,34.8,8,948,341,24,23,296,208,160,43,11,4,15,5,0,13,6,2,5,41,30.4,1,0,7,8,3
Budu Zivzivadze,GEO,FW,Heidenheim,Bundesliga,30,1994,7,7,616.0,6.8,31.1,-0.58,0,0,2,2,1.0,0.9,0.5,1.0,1.5,10,2,11,4,36.4,1.61,0.0,12.6,63.4,1034,199,5,2,6,1,3,1,1.46,0.29,3,9,20,187,13,30.8,4,362,121,14,11,113,91,81,22,10,3,13,3,0,7,6,3,7,26,27.1,0,0,4,7,6
Luc Zogbé,CIV,DF,Brest,Ligue 1,19,2005,12,7,593.0,6.6,29.9,0.15,0,0,0,0,0.2,0.1,0.1,0.2,0.4,13,1,7,1,14.3,1.06,0.0,23.6,76.8,4024,1346,4,11,2,0,14,2,1.97,0.15,4,19,19,409,16,25.0,4,943,363,9,5,189,182,87,5,31,14,45,19,1,9,11,3,17,50,78.6,1,0,7,11,1
Nadir Zortea,ITA,MF,Cagliari,Serie A,25,1999,22,20,1659.0,18.4,73.7,-0.76,5,5,0,5,2.2,1.5,1.2,2.2,3.4,34,1,23,8,34.8,1.25,0.22,18.3,65.9,5621,1869,15,26,16,1,81,11,1.84,0.05,39,36,91,695,53,45.3,24,2341,1066,31,22,457,290,253,18,20,10,30,31,2,4,8,2,8,51,45.8,2,0,21,15,1
Aristide Zossou,CIV,MF,Auxerre,Ligue 1,19,2005,3,0,16.0,0.2,0.8,-11.25,0,0,0,0,0.0,0.0,0.0,0.0,0.0,0,0,0,0,0.0,0.0,0.0,0.0,88.9,230,35,0,1,1,1,1,0,0.0,0.0,1,2,3,21,1,0.0,0,92,29,0,1,17,8,12,0,0,0,0,0,0,0,0,0,0,0,0.0,0,0,2,0,0
Yanis Zouaoui,ALG,DF,Le Havre,Ligue 1,30,1994,12,9,835.0,9.3,42.2,-0.54,0,0,2,2,0.1,2.3,1.9,0.1,2.0,33,2,3,1,33.3,0.32,0.0,28.0,69.0,6326,2266,22,16,10,0,80,8,3.56,0.22,27,23,22,601,16,75.0,12,1889,1083,15,3,304,259,167,6,12,8,20,38,0,13,4,2,5,38,63.6,1,0,6,11,1
Igor Zubeldia,ESP,DF,Real Sociedad,La Liga,27,1997,20,20,1661.0,18.5,76.9,-0.16,0,0,0,0,0.3,0.5,0.4,0.3,0.7,14,1,9,4,44.4,0.49,0.0,20.1,85.7,18375,5860,4,66,6,2,1,0,0.76,0.05,16,73,3,1278,1,100.0,1,4270,2797,6,1,845,656,29,11,27,23,50,67,2,25,8,2,18,60,44.4,6,1,32,8,0
Martín Zubimendi,ESP,MF,Real Sociedad,La Liga,26,1999,23,22,1984.0,22.0,91.9,-0.14,1,1,1,2,1.6,0.9,0.8,1.6,2.5,34,4,14,4,28.6,0.64,0.07,15.5,82.7,17081,4884,13,115,17,1,10,1,1.54,0.18,28,139,33,1463,22,63.6,14,3804,1721,26,12,950,927,212,37,52,31,83,53,2,31,20,9,29,100,66.1,4,0,33,17,0
Edhy Zuliani,ITA,DF,Toulouse,Ligue 1,20,2004,1,0,9.0,0.1,0.5,10.0,0,0,0,0,0.0,0.0,0.0,0.0,0.0,0,0,0,0,0.0,0.0,0.0,0.0,100.0,22,0,0,0,0,0,0,0,0.0,0.0,0,0,0,3,0,0.0,0,2,1,0,0,2,3,0,0,0,1,1,0,0,0,0,0,0,0,0.0,0,0,0,0,0
Szymon Żurkowski,POL,MF,Empoli,Serie A,27,1997,4,0,87.0,1.0,3.9,-6.21,0,0,0,0,0.1,0.0,0.0,0.1,0.1,1,0,2,0,0.0,2.07,0.0,17.0,84.0,293,87,0,0,1,0,0,0,1.03,0.0,1,1,2,48,4,50.0,2,171,35,3,4,25,29,5,3,5,1,6,2,0,2,3,0,3,7,0.0,0,0,2,1,0
Martin Ødegaard,NOR,MF,Arsenal,Premier League,26,1998,17,16,1373.0,15.3,61.0,1.57,2,1,3,5,3.1,4.0,2.8,2.3,5.1,69,9,24,7,29.2,1.57,0.04,17.8,83.2,10680,3319,34,81,51,14,48,5,4.53,0.59,45,153,87,948,36,50.0,18,3957,2012,20,32,754,409,483,67,16,2,18,3,0,4,6,3,9,57,66.7,2,0,8,14,0
Milan Đurić,BIH,FW,Monza,Serie A,34,1990,18,13,1270.0,14.1,56.4,-0.5,4,4,1,5,2.9,0.2,1.1,2.9,4.0,7,1,23,10,43.5,1.63,0.17,11.7,49.2,1564,442,5,16,2,0,0,0,0.5,0.07,2,21,30,358,6,66.7,4,368,134,15,14,289,212,110,31,1,2,3,17,0,6,1,0,1,13,72.5,3,0,17,18,5
Milan Đurić,BIH,FW,Parma,Serie A,34,1990,3,3,189.0,2.1,56.4,-0.5,0,0,0,0,0.2,0.2,0.0,0.2,0.2,7,1,23,10,43.5,1.63,0.17,11.7,49.2,1564,442,5,16,2,0,0,0,0.5,0.07,0,4,6,358,6,66.7,4,368,134,15,14,289,212,110,31,1,2,3,17,0,6,1,0,1,13,72.5,3,0,17,18,5
